resultId,raceId,driverId,constructorId,number,grid,position,positionText,positionOrder,points,laps,time,milliseconds,fastestLap,rank,fastestLapTime,fastestLapSpeed,statusId
1,1,696,18,1,2,1,1,1,10,71,1:38:34.154,5914154,\N,\N,\N,\N,Finished
2,1,183,212,6,3,2,2,2,6,71,+11.060,5925214,\N,\N,\N,\N,Finished
3,1,73,73,28,5,3,3,3,4,70,\N,\N,\N,\N,\N,\N,+1 Lap
4,1,376,135,8,7,4,4,4,3,70,\N,\N,\N,\N,\N,\N,+1 Lap
5,1,13,73,27,6,5,5,5,2,70,\N,\N,\N,\N,\N,\N,+1 Lap
6,1,91,135,7,9,6,6,6,1,70,\N,\N,\N,\N,\N,\N,+1 Lap
7,1,674,205,4,12,7,7,7,0,69,\N,\N,\N,\N,\N,\N,+2 Laps
8,1,748,111,25,15,8,8,8,0,69,\N,\N,\N,\N,\N,\N,+2 Laps
9,1,530,153,17,22,9,9,9,0,65,\N,\N,\N,\N,\N,\N,+6 Laps
10,1,206,78,21,25,10,10,10,0,64,\N,\N,\N,\N,\N,\N,+7 Laps
11,1,533,76,9,13,11,R,11,0,62,\N,\N,\N,\N,\N,\N,Engine
12,1,381,76,10,21,12,R,12,0,48,\N,\N,\N,\N,\N,\N,Engine
13,1,41,145,24,18,13,R,13,0,47,\N,\N,\N,\N,\N,\N,Engine
14,1,534,78,22,23,14,R,14,0,47,\N,\N,\N,\N,\N,\N,Spun off
15,1,815,172,29,19,15,R,15,0,41,\N,\N,\N,\N,\N,\N,Electrical
16,1,361,212,5,1,16,R,16,0,30,\N,\N,\N,\N,\N,\N,Gearbox
17,1,354,18,2,4,17,R,17,0,30,\N,\N,\N,\N,\N,\N,Collision
18,1,281,153,16,20,18,R,18,0,23,\N,\N,\N,\N,\N,\N,Gearbox
19,1,53,93,14,16,19,R,19,0,16,\N,\N,\N,\N,\N,\N,Gearbox
20,1,791,182,12,24,20,R,20,0,16,\N,\N,\N,\N,\N,\N,Gearbox
21,1,402,205,3,11,21,R,21,0,15,\N,\N,\N,\N,\N,\N,Spun off
22,1,383,93,15,8,22,R,22,0,15,\N,\N,\N,\N,\N,\N,Clutch
23,1,688,182,11,26,23,R,23,0,12,\N,\N,\N,\N,\N,\N,Steering
24,1,274,172,30,14,24,R,24,0,10,\N,\N,\N,\N,\N,\N,Electrical
25,1,577,111,26,10,25,R,25,0,0,\N,\N,\N,\N,\N,\N,Collision
26,1,497,145,23,17,26,R,26,0,0,\N,\N,\N,\N,\N,\N,Gearbox
27,2,361,212,5,2,1,1,1,10,72,1:53:14.532,6794532,\N,\N,\N,\N,Finished
28,2,13,73,27,6,2,2,2,6,72,+6.407,6800939,\N,\N,\N,\N,Finished
29,2,696,18,1,3,3,3,3,4,72,+33.376,6827908,\N,\N,\N,\N,Finished
30,2,354,18,2,11,4,4,4,3,71,\N,\N,\N,\N,\N,\N,+1 Lap
31,2,274,172,30,9,5,5,5,2,70,\N,\N,\N,\N,\N,\N,+2 Laps
32,2,73,73,28,8,6,6,6,1,70,\N,\N,\N,\N,\N,\N,+2 Laps
33,2,577,111,26,18,7,7,7,0,70,\N,\N,\N,\N,\N,\N,+2 Laps
34,2,402,205,3,15,8,8,8,0,69,\N,\N,\N,\N,\N,\N,+3 Laps
35,2,688,182,11,20,9,9,9,0,68,\N,\N,\N,\N,\N,\N,+4 Laps
36,2,206,78,21,25,10,R,10,0,63,\N,\N,\N,\N,\N,\N,Not classified
37,2,534,78,22,24,11,R,11,0,63,\N,\N,\N,\N,\N,\N,Not classified
38,2,674,205,4,7,12,R,12,0,48,\N,\N,\N,\N,\N,\N,Collision
39,2,748,111,25,19,13,R,13,0,47,\N,\N,\N,\N,\N,\N,Collision
40,2,497,145,23,16,14,R,14,0,44,\N,\N,\N,\N,\N,\N,Spun off
41,2,533,76,9,12,15,R,15,0,43,\N,\N,\N,\N,\N,\N,Electrical
42,2,381,76,10,26,16,R,16,0,40,\N,\N,\N,\N,\N,\N,Spun off
43,2,53,93,14,10,17,R,17,0,33,\N,\N,\N,\N,\N,\N,Oil pressure
44,2,791,182,12,14,18,R,18,0,23,\N,\N,\N,\N,\N,\N,Gearbox
45,2,183,212,6,1,19,R,19,0,16,\N,\N,\N,\N,\N,\N,Electrical
46,2,91,135,7,17,20,R,20,0,9,\N,\N,\N,\N,\N,\N,Oil leak
47,2,383,93,15,4,21,R,21,0,6,\N,\N,\N,\N,\N,\N,Engine
48,2,530,153,17,22,22,R,22,0,1,\N,\N,\N,\N,\N,\N,Collision
49,2,376,135,8,5,23,R,23,0,0,\N,\N,\N,\N,\N,\N,Collision
50,2,281,153,16,23,24,R,24,0,0,\N,\N,\N,\N,\N,\N,Collision
51,2,815,172,29,21,25,R,25,0,0,\N,\N,\N,\N,\N,\N,Collision
52,2,41,145,24,13,26,R,26,0,0,\N,\N,\N,\N,\N,\N,Collision
53,3,361,212,5,4,1,1,1,10,63,1:41:42.522,6102522,\N,\N,\N,\N,Finished
54,3,13,73,27,5,2,2,2,6,63,+18.510,6121032,\N,\N,\N,\N,Finished
55,3,73,73,28,2,3,3,3,4,63,+43.116,6145638,\N,\N,\N,\N,Finished
56,3,183,212,6,3,4,4,4,3,63,+51.890,6154412,\N,\N,\N,\N,Finished
57,3,376,135,8,6,5,5,5,2,62,\N,\N,\N,\N,\N,\N,+1 Lap
58,3,274,172,30,14,6,6,6,1,62,\N,\N,\N,\N,\N,\N,+1 Lap
59,3,354,18,2,8,7,7,7,0,61,\N,\N,\N,\N,\N,\N,+2 Laps
60,3,383,93,15,7,8,8,8,0,61,\N,\N,\N,\N,\N,\N,+2 Laps
61,3,577,111,26,12,9,9,9,0,61,\N,\N,\N,\N,\N,\N,+2 Laps
62,3,487,135,7,9,10,10,10,0,61,\N,\N,\N,\N,\N,\N,+2 Laps
63,3,748,111,25,16,11,11,11,0,60,\N,\N,\N,\N,\N,\N,+3 Laps
64,3,497,145,23,18,12,12,12,0,59,\N,\N,\N,\N,\N,\N,+4 Laps
65,3,533,76,9,11,13,13,13,0,59,\N,\N,\N,\N,\N,\N,+4 Laps
66,3,41,145,24,20,14,14,14,0,59,\N,\N,\N,\N,\N,\N,+4 Laps
67,3,206,78,21,26,15,R,15,0,56,\N,\N,\N,\N,\N,\N,Not classified
68,3,534,78,22,25,16,R,16,0,56,\N,\N,\N,\N,\N,\N,Not classified
69,3,815,172,29,21,17,R,17,0,43,\N,\N,\N,\N,\N,\N,Wheel
70,3,281,153,16,22,18,R,18,0,36,\N,\N,\N,\N,\N,\N,Gearbox
71,3,688,182,11,23,19,R,19,0,35,\N,\N,\N,\N,\N,\N,Suspension
72,3,53,93,14,10,20,R,20,0,31,\N,\N,\N,\N,\N,\N,Transmission
73,3,402,205,3,15,21,R,21,0,23,\N,\N,\N,\N,\N,\N,Spun off
74,3,674,205,4,13,22,R,22,0,19,\N,\N,\N,\N,\N,\N,Engine
75,3,530,153,17,24,23,R,23,0,15,\N,\N,\N,\N,\N,\N,Gearbox
76,3,791,182,12,17,24,R,24,0,14,\N,\N,\N,\N,\N,\N,Gearbox
77,3,381,76,10,19,25,R,25,0,12,\N,\N,\N,\N,\N,\N,Spun off
78,3,696,18,1,1,26,R,26,0,10,\N,\N,\N,\N,\N,\N,Spun off
79,4,696,18,1,1,1,1,1,10,65,1:34:20.507,5660507,\N,\N,\N,\N,Finished
80,4,354,18,2,7,2,2,2,6,65,+51.988,5712495,\N,\N,\N,\N,Finished
81,4,73,73,28,3,3,3,3,4,65,+1:05.237,5725744,\N,\N,\N,\N,Finished
82,4,361,212,5,5,4,4,4,3,65,+2:01.749,5782256,\N,\N,\N,\N,Finished
83,4,383,93,15,6,5,5,5,2,64,\N,\N,\N,\N,\N,\N,+1 Lap
84,4,577,111,26,15,6,6,6,1,64,\N,\N,\N,\N,\N,\N,+1 Lap
85,4,53,93,14,8,7,7,7,0,64,\N,\N,\N,\N,\N,\N,+1 Lap
86,4,274,172,30,12,8,8,8,0,64,\N,\N,\N,\N,\N,\N,+1 Lap
87,4,127,111,25,11,9,9,9,0,64,\N,\N,\N,\N,\N,\N,+1 Lap
88,4,674,205,4,13,10,10,10,0,64,\N,\N,\N,\N,\N,\N,+1 Lap
89,4,533,76,9,14,11,11,11,0,63,\N,\N,\N,\N,\N,\N,+2 Laps
90,4,791,182,12,16,12,12,12,0,63,\N,\N,\N,\N,\N,\N,+2 Laps
91,4,815,172,29,20,13,13,13,0,63,\N,\N,\N,\N,\N,\N,+2 Laps
92,4,497,145,23,19,14,14,14,0,62,\N,\N,\N,\N,\N,\N,+3 Laps
93,4,688,182,11,22,15,15,15,0,61,\N,\N,\N,\N,\N,\N,+4 Laps
94,4,402,205,3,17,16,R,16,0,56,\N,\N,\N,\N,\N,\N,Engine
95,4,183,212,6,4,17,R,17,0,54,\N,\N,\N,\N,\N,\N,Gearbox
96,4,376,135,8,9,18,R,18,0,53,\N,\N,\N,\N,\N,\N,Fuel system
97,4,381,76,10,18,19,R,19,0,43,\N,\N,\N,\N,\N,\N,Transmission
98,4,281,153,16,24,20,R,20,0,43,\N,\N,\N,\N,\N,\N,Heat shield fire
99,4,534,78,22,25,21,R,21,0,39,\N,\N,\N,\N,\N,\N,Overheating
100,4,13,73,27,2,22,R,22,0,25,\N,\N,\N,\N,\N,\N,Engine
101,4,41,145,24,21,23,R,23,0,21,\N,\N,\N,\N,\N,\N,Gearbox
102,4,487,135,7,10,24,R,24,0,18,\N,\N,\N,\N,\N,\N,Handling
103,4,206,78,21,26,25,R,25,0,17,\N,\N,\N,\N,\N,\N,Gearbox
104,4,530,153,17,23,26,W,26,0,0,\N,\N,\N,\N,\N,\N,Withdrew
105,5,696,18,1,2,1,1,1,10,78,1:53:11.258,6791258,\N,\N,\N,\N,Finished
106,5,361,212,5,1,2,2,2,6,78,+34.817,6826075,\N,\N,\N,\N,Finished
107,5,73,73,28,4,3,3,3,4,78,+1:11.447,6862705,\N,\N,\N,\N,Finished
108,5,354,18,2,7,4,4,4,3,77,\N,\N,\N,\N,\N,\N,+1 Lap
109,5,91,135,7,10,5,5,5,2,77,\N,\N,\N,\N,\N,\N,+1 Lap
110,5,274,172,30,14,6,6,6,1,76,\N,\N,\N,\N,\N,\N,+2 Laps
111,5,497,145,23,18,7,7,7,0,76,\N,\N,\N,\N,\N,\N,+2 Laps
112,5,103,172,29,19,8,8,8,0,74,\N,\N,\N,\N,\N,\N,+4 Laps
113,5,533,76,9,13,9,9,9,0,74,\N,\N,\N,\N,\N,\N,+4 Laps
114,5,206,78,21,22,10,10,10,0,72,\N,\N,\N,\N,\N,\N,+6 Laps
115,5,41,145,24,16,11,R,11,0,68,\N,\N,\N,\N,\N,\N,Suspension
116,5,577,111,26,12,12,R,12,0,65,\N,\N,\N,\N,\N,\N,Spun off
117,5,674,205,4,17,13,R,13,0,63,\N,\N,\N,\N,\N,\N,Gearbox
118,5,53,93,14,11,14,R,14,0,60,\N,\N,\N,\N,\N,\N,Throttle
119,5,281,153,16,21,15,R,15,0,42,\N,\N,\N,\N,\N,\N,Gearbox
120,5,13,73,27,5,16,R,16,0,41,\N,\N,\N,\N,\N,\N,Spun off
121,5,127,111,25,8,17,R,17,0,40,\N,\N,\N,\N,\N,\N,Spun off
122,5,381,76,10,26,18,R,18,0,27,\N,\N,\N,\N,\N,\N,Gearbox
123,5,402,205,3,15,19,R,19,0,26,\N,\N,\N,\N,\N,\N,Spun off
124,5,530,153,17,25,20,D,20,0,23,\N,\N,\N,\N,\N,\N,Disqualified
125,5,383,93,15,9,21,R,21,0,22,\N,\N,\N,\N,\N,\N,Spun off
126,5,183,212,6,3,22,R,22,0,16,\N,\N,\N,\N,\N,\N,Gearbox
127,5,534,78,22,24,23,R,23,0,9,\N,\N,\N,\N,\N,\N,Brakes
128,5,376,135,8,6,24,R,24,0,8,\N,\N,\N,\N,\N,\N,Engine
129,5,791,182,12,23,25,W,25,0,0,\N,\N,\N,\N,\N,\N,Gearbox
130,5,688,182,11,20,26,W,26,0,0,\N,\N,\N,\N,\N,\N,Withdrew
131,6,13,73,27,5,1,1,1,10,68,1:44:54.171,6294171,\N,\N,\N,\N,Finished
132,6,53,93,14,9,2,2,2,6,68,+31.687,6325858,\N,\N,\N,\N,Finished
133,6,383,93,15,8,3,3,3,4,68,+33.270,6327441,\N,\N,\N,\N,Finished
134,6,577,111,26,11,4,4,4,3,68,+36.506,6330677,\N,\N,\N,\N,Finished
135,6,696,18,1,1,5,5,5,2,68,+37.060,6331231,\N,\N,\N,\N,Finished
136,6,533,76,9,13,6,6,6,1,67,\N,\N,\N,\N,\N,\N,+1 Lap
137,6,674,205,4,15,7,7,7,0,67,\N,\N,\N,\N,\N,\N,+1 Lap
138,6,41,145,24,19,8,8,8,0,67,\N,\N,\N,\N,\N,\N,+1 Lap
139,6,381,76,10,22,9,9,9,0,66,\N,\N,\N,\N,\N,\N,+2 Laps
140,6,127,111,25,14,10,10,10,0,61,\N,\N,\N,\N,\N,\N,Collision
141,6,73,73,28,4,11,11,11,0,61,\N,\N,\N,\N,\N,\N,Collision
142,6,497,145,23,17,12,R,12,0,60,\N,\N,\N,\N,\N,\N,Throttle
143,6,534,78,22,23,13,R,13,0,54,\N,\N,\N,\N,\N,\N,Fuel system
144,6,361,212,5,2,14,R,14,0,50,\N,\N,\N,\N,\N,\N,Gearbox
145,6,91,135,7,10,15,R,15,0,47,\N,\N,\N,\N,\N,\N,Engine
146,6,402,205,3,16,16,R,16,0,42,\N,\N,\N,\N,\N,\N,Engine
147,6,281,153,16,20,17,R,17,0,36,\N,\N,\N,\N,\N,\N,Battery
148,6,274,172,30,12,18,R,18,0,26,\N,\N,\N,\N,\N,\N,Engine
149,6,206,78,21,24,19,R,19,0,26,\N,\N,\N,\N,\N,\N,Gearbox
150,6,103,172,29,18,20,R,20,0,19,\N,\N,\N,\N,\N,\N,Spun off
151,6,530,153,17,21,21,R,21,0,5,\N,\N,\N,\N,\N,\N,Gearbox
152,6,183,212,6,3,22,R,22,0,1,\N,\N,\N,\N,\N,\N,Spun off
153,6,354,18,2,6,23,R,23,0,0,\N,\N,\N,\N,\N,\N,Collision
154,6,376,135,8,7,24,R,24,0,0,\N,\N,\N,\N,\N,\N,Collision
155,7,696,18,1,2,1,1,1,10,72,1:38:28.429,5908429,\N,\N,\N,\N,Finished
156,7,361,212,5,1,2,2,2,6,72,+31.309,5939738,\N,\N,\N,\N,Finished
157,7,183,212,6,3,3,3,3,4,72,+1:02.826,5971255,\N,\N,\N,\N,Finished
158,7,127,111,25,9,4,4,4,3,72,+1:03.293,5971722,\N,\N,\N,\N,Finished
159,7,13,73,27,4,5,5,5,2,72,+1:17.869,5986298,\N,\N,\N,\N,Finished
160,7,53,93,14,5,6,6,6,1,71,\N,\N,\N,\N,\N,\N,+1 Lap
161,7,376,135,8,8,7,7,7,0,71,\N,\N,\N,\N,\N,\N,+1 Lap
162,7,577,111,26,6,8,8,8,0,71,\N,\N,\N,\N,\N,\N,+1 Lap
163,7,383,93,15,11,9,9,9,0,71,\N,\N,\N,\N,\N,\N,+1 Lap
164,7,274,172,30,12,10,10,10,0,71,\N,\N,\N,\N,\N,\N,+1 Lap
165,7,91,135,7,13,11,11,11,0,70,\N,\N,\N,\N,\N,\N,+2 Laps
166,7,73,73,28,7,12,12,12,0,70,\N,\N,\N,\N,\N,\N,+2 Laps
167,7,41,145,24,17,13,13,13,0,69,\N,\N,\N,\N,\N,\N,+3 Laps
168,7,533,76,9,16,14,14,14,0,69,\N,\N,\N,\N,\N,\N,+3 Laps
169,7,674,205,4,14,15,15,15,0,69,\N,\N,\N,\N,\N,\N,+3 Laps
170,7,534,78,22,24,16,16,16,0,66,\N,\N,\N,\N,\N,\N,+6 Laps
171,7,530,153,17,21,17,R,17,0,62,\N,\N,\N,\N,\N,\N,Not classified
172,7,103,172,29,15,18,R,18,0,48,\N,\N,\N,\N,\N,\N,Gearbox
173,7,281,153,16,22,19,R,19,0,24,\N,\N,\N,\N,\N,\N,Gearbox
174,7,497,145,23,20,20,R,20,0,23,\N,\N,\N,\N,\N,\N,Gearbox
175,7,354,18,2,10,21,R,21,0,2,\N,\N,\N,\N,\N,\N,Spun off
176,7,381,76,10,18,22,R,22,0,0,\N,\N,\N,\N,\N,\N,Collision
177,7,402,205,3,19,23,R,23,0,0,\N,\N,\N,\N,\N,\N,Collision
178,7,206,78,21,23,24,R,24,0,0,\N,\N,\N,\N,\N,\N,Spun off
179,8,354,18,2,5,1,1,1,10,61,1:34:35.093,5675093,\N,\N,\N,\N,Finished
180,8,13,73,27,6,2,2,2,6,61,+16.479,5691572,\N,\N,\N,\N,Finished
181,8,183,212,6,3,3,3,3,4,61,+23.888,5698981,\N,\N,\N,\N,Finished
182,8,577,111,26,13,4,4,4,3,61,+1:33.168,5768261,\N,\N,\N,\N,Finished
183,8,91,135,7,10,5,5,5,2,61,+1:48.172,5783265,\N,\N,\N,\N,Finished
184,8,274,172,30,12,6,6,6,1,60,\N,\N,\N,\N,\N,\N,+1 Lap
185,8,497,145,23,15,7,7,7,0,60,\N,\N,\N,\N,\N,\N,+1 Lap
186,8,674,205,4,23,8,8,8,0,60,\N,\N,\N,\N,\N,\N,+1 Lap
187,8,103,172,29,16,9,9,9,0,60,\N,\N,\N,\N,\N,\N,+1 Lap
188,8,41,145,24,18,10,10,10,0,60,\N,\N,\N,\N,\N,\N,+1 Lap
189,8,53,93,14,9,11,11,11,0,59,\N,\N,\N,\N,\N,\N,Collision
190,8,281,153,16,21,12,12,12,0,58,\N,\N,\N,\N,\N,\N,+3 Laps
191,8,534,78,22,22,13,R,13,0,48,\N,\N,\N,\N,\N,\N,Engine
192,8,696,18,1,2,14,R,14,0,45,\N,\N,\N,\N,\N,\N,Collision
193,8,361,212,5,1,15,R,15,0,45,\N,\N,\N,\N,\N,\N,Collision
194,8,579,76,9,17,16,R,16,0,28,\N,\N,\N,\N,\N,\N,Spun off
195,8,402,205,3,14,17,R,17,0,22,\N,\N,\N,\N,\N,\N,Out of fuel
196,8,530,153,17,24,18,R,18,0,21,\N,\N,\N,\N,\N,\N,Spun off
197,8,376,135,8,8,19,R,19,0,20,\N,\N,\N,\N,\N,\N,Electrical
198,8,73,73,28,4,20,R,20,0,20,\N,\N,\N,\N,\N,\N,Wheel
199,8,127,111,25,11,21,R,21,0,16,\N,\N,\N,\N,\N,\N,Spun off
200,8,381,76,10,19,22,R,22,0,16,\N,\N,\N,\N,\N,\N,Spun off
201,8,206,78,21,20,23,R,23,0,13,\N,\N,\N,\N,\N,\N,Gearbox
202,8,383,93,15,7,24,R,24,0,2,\N,\N,\N,\N,\N,\N,Electrical
203,9,696,18,1,2,1,1,1,10,45,1:22:56.043,4976043,\N,\N,\N,\N,Finished
204,9,183,212,6,3,2,2,2,6,45,+5.988,4982031,\N,\N,\N,\N,Finished
205,9,73,73,28,4,3,3,3,4,45,+1:08.097,5044140,\N,\N,\N,\N,Finished
206,9,354,18,2,9,4,4,4,3,45,+1:23.436,5059479,\N,\N,\N,\N,Finished
207,9,103,172,29,14,5,5,5,2,44,\N,\N,\N,\N,\N,\N,+1 Lap
208,9,748,111,25,18,6,6,6,1,44,\N,\N,\N,\N,\N,\N,+1 Lap
209,9,402,205,3,17,7,7,7,0,44,\N,\N,\N,\N,\N,\N,+1 Lap
210,9,530,153,17,23,8,8,8,0,42,\N,\N,\N,\N,\N,\N,+3 Laps
211,9,383,93,15,6,9,9,9,0,41,\N,\N,\N,\N,\N,\N,+4 Laps
212,9,376,135,8,7,10,R,10,0,33,\N,\N,\N,\N,\N,\N,Engine
213,9,274,172,30,11,11,R,11,0,32,\N,\N,\N,\N,\N,\N,Engine
214,9,41,145,24,16,12,R,12,0,28,\N,\N,\N,\N,\N,\N,Oil leak
215,9,442,153,16,24,13,R,13,0,27,\N,\N,\N,\N,\N,\N,Gearbox
216,9,534,78,22,22,14,R,14,0,27,\N,\N,\N,\N,\N,\N,Halfshaft
217,9,53,93,14,5,15,R,15,0,20,\N,\N,\N,\N,\N,\N,Engine
218,9,91,135,7,8,16,R,16,0,17,\N,\N,\N,\N,\N,\N,Engine
219,9,577,111,26,12,17,R,17,0,13,\N,\N,\N,\N,\N,\N,Water leak
220,9,13,73,27,10,18,R,18,0,12,\N,\N,\N,\N,\N,\N,Engine
221,9,497,145,23,20,19,R,19,0,11,\N,\N,\N,\N,\N,\N,Engine
222,9,381,76,10,19,20,R,20,0,9,\N,\N,\N,\N,\N,\N,Gearbox
223,9,206,78,21,21,21,R,21,0,8,\N,\N,\N,\N,\N,\N,Brakes
224,9,361,212,5,1,22,R,22,0,1,\N,\N,\N,\N,\N,\N,Spun off
225,9,674,205,4,13,23,R,23,0,0,\N,\N,\N,\N,\N,\N,Clutch
226,9,579,76,9,15,24,R,24,0,0,\N,\N,\N,\N,\N,\N,Gearbox
227,10,361,212,5,1,1,1,1,10,77,1:46:25.721,6385721,\N,\N,\N,\N,Finished
228,10,183,212,6,2,2,2,2,6,77,+33.398,6419119,\N,\N,\N,\N,Finished
229,10,73,73,28,4,3,3,3,4,76,\N,\N,\N,\N,\N,\N,+1 Lap
230,10,354,18,2,9,4,4,4,3,76,\N,\N,\N,\N,\N,\N,+1 Lap
231,10,274,172,30,11,5,5,5,2,76,\N,\N,\N,\N,\N,\N,+1 Lap
232,10,577,111,26,10,6,6,6,1,76,\N,\N,\N,\N,\N,\N,+1 Lap
233,10,53,93,14,14,7,7,7,0,76,\N,\N,\N,\N,\N,\N,+1 Lap
234,10,41,145,24,12,8,8,8,0,75,\N,\N,\N,\N,\N,\N,+2 Laps
235,10,430,145,23,15,9,9,9,0,74,\N,\N,\N,\N,\N,\N,+3 Laps
236,10,103,172,29,19,10,10,10,0,74,\N,\N,\N,\N,\N,\N,+3 Laps
237,10,696,18,1,3,11,11,11,0,73,\N,\N,\N,\N,\N,\N,Engine
238,10,530,153,17,22,12,12,12,0,73,\N,\N,\N,\N,\N,\N,+4 Laps
239,10,383,93,15,7,13,R,13,0,70,\N,\N,\N,\N,\N,\N,Clutch
240,10,127,111,25,8,14,R,14,0,67,\N,\N,\N,\N,\N,\N,Engine
241,10,674,205,4,16,15,R,15,0,58,\N,\N,\N,\N,\N,\N,Throttle
242,10,91,135,7,13,16,R,16,0,54,\N,\N,\N,\N,\N,\N,Fuel leak
243,10,402,205,3,17,17,R,17,0,46,\N,\N,\N,\N,\N,\N,Spun off
244,10,579,76,9,20,18,R,18,0,45,\N,\N,\N,\N,\N,\N,Brakes
245,10,13,73,27,6,19,R,19,0,42,\N,\N,\N,\N,\N,\N,Brakes
246,10,206,78,21,23,20,R,20,0,32,\N,\N,\N,\N,\N,\N,Engine
247,10,381,76,10,18,21,R,21,0,13,\N,\N,\N,\N,\N,\N,Engine
248,10,534,78,22,21,22,R,22,0,8,\N,\N,\N,\N,\N,\N,Gearbox
249,10,442,153,16,24,23,R,23,0,5,\N,\N,\N,\N,\N,\N,Spun off
250,10,376,135,8,5,24,R,24,0,3,\N,\N,\N,\N,\N,\N,Engine
251,11,696,18,1,16,1,1,1,10,44,1:36:47.875,5807875,\N,\N,\N,\N,Finished
252,11,361,212,5,8,2,2,2,6,44,+19.493,5827368,\N,\N,\N,\N,Finished
253,11,127,111,25,13,3,3,3,4,44,+24.998,5832873,\N,\N,\N,\N,Finished
254,11,274,172,30,10,4,4,4,3,44,+26.972,5834847,\N,\N,\N,\N,Finished
255,11,91,135,7,6,5,5,5,2,44,+33.772,5841647,\N,\N,\N,\N,Finished
256,11,53,93,14,12,6,6,6,1,44,+39.674,5847549,\N,\N,\N,\N,Finished
257,11,354,18,2,4,7,7,7,0,44,+54.043,5861918,\N,\N,\N,\N,Finished
258,11,674,205,4,11,8,8,8,0,44,+54.548,5862423,\N,\N,\N,\N,Finished
259,11,577,111,26,9,9,9,9,0,44,+1:06.170,5874045,\N,\N,\N,\N,Finished
260,11,430,145,23,17,10,10,10,0,44,+1:19.789,5887664,\N,\N,\N,\N,Finished
261,11,103,172,29,14,11,11,11,0,43,\N,\N,\N,\N,\N,\N,+1 Lap
262,11,381,76,10,18,12,12,12,0,43,\N,\N,\N,\N,\N,\N,+1 Lap
263,11,206,78,21,24,13,13,13,0,42,\N,\N,\N,\N,\N,\N,+2 Laps
264,11,534,78,22,22,14,14,14,0,42,\N,\N,\N,\N,\N,\N,+2 Laps
265,11,402,205,3,15,15,R,15,0,28,\N,\N,\N,\N,\N,\N,Spun off
266,11,442,153,16,23,16,R,16,0,27,\N,\N,\N,\N,\N,\N,Gearbox
267,11,41,145,24,19,17,R,17,0,23,\N,\N,\N,\N,\N,\N,Spun off
268,11,73,73,28,1,18,R,18,0,22,\N,\N,\N,\N,\N,\N,Electrical
269,11,383,93,15,7,19,R,19,0,21,\N,\N,\N,\N,\N,\N,Heat shield fire
270,11,579,76,9,20,20,R,20,0,20,\N,\N,\N,\N,\N,\N,Spun off
271,11,530,153,17,21,21,R,21,0,18,\N,\N,\N,\N,\N,\N,Out of fuel
272,11,183,212,6,5,22,R,22,0,13,\N,\N,\N,\N,\N,\N,Gearbox
273,11,13,73,27,2,23,R,23,0,4,\N,\N,\N,\N,\N,\N,Suspension
274,11,376,135,8,3,24,R,24,0,1,\N,\N,\N,\N,\N,\N,Spun off
275,12,354,18,2,8,1,1,1,10,53,1:18:27.916,4707916,\N,\N,\N,\N,Finished
276,12,376,135,8,7,2,2,2,6,53,+17.779,4725695,\N,\N,\N,\N,Finished
277,12,274,172,30,10,3,3,3,4,53,+24.321,4732237,\N,\N,\N,\N,Finished
278,12,91,135,7,9,4,4,4,3,53,+28.223,4736139,\N,\N,\N,\N,Finished
279,12,674,205,4,16,5,5,5,2,52,\N,\N,\N,\N,\N,\N,+1 Lap
280,12,103,172,29,14,6,6,6,1,52,\N,\N,\N,\N,\N,\N,+1 Lap
281,12,579,76,9,15,7,7,7,0,52,\N,\N,\N,\N,\N,\N,+1 Lap
282,12,381,76,10,20,8,8,8,0,52,\N,\N,\N,\N,\N,\N,+1 Lap
283,12,206,78,21,23,9,9,9,0,50,\N,\N,\N,\N,\N,\N,+3 Laps
284,12,402,205,3,17,10,10,10,0,47,\N,\N,\N,\N,\N,\N,+6 Laps
285,12,13,73,27,5,11,R,11,0,45,\N,\N,\N,\N,\N,\N,Wheel bearing
286,12,53,93,14,6,12,R,12,0,43,\N,\N,\N,\N,\N,\N,Clutch
287,12,383,93,15,12,13,R,13,0,40,\N,\N,\N,\N,\N,\N,Engine
288,12,73,73,28,3,14,R,14,0,32,\N,\N,\N,\N,\N,\N,Suspension
289,12,41,145,24,18,15,R,15,0,26,\N,\N,\N,\N,\N,\N,Spun off
290,12,696,18,1,2,16,R,16,0,23,\N,\N,\N,\N,\N,\N,Collision
291,12,361,212,5,4,17,R,17,0,23,\N,\N,\N,\N,\N,\N,Collision
292,12,577,111,26,13,18,R,18,0,20,\N,\N,\N,\N,\N,\N,Spun off
293,12,183,212,6,1,19,R,19,0,13,\N,\N,\N,\N,\N,\N,Spun off
294,12,127,111,25,11,20,R,20,0,10,\N,\N,\N,\N,\N,\N,Puncture
295,12,442,153,16,24,21,R,21,0,6,\N,\N,\N,\N,\N,\N,Spun off
296,12,430,145,23,19,22,R,22,0,0,\N,\N,\N,\N,\N,\N,Transmission
297,12,530,153,17,21,23,R,23,0,0,\N,\N,\N,\N,\N,\N,Accident
298,12,534,78,22,22,24,R,24,0,0,\N,\N,\N,\N,\N,\N,Accident
299,13,183,212,6,1,1,1,1,10,71,1:41:52.145,6112145,\N,\N,\N,\N,Finished
300,13,696,18,1,3,2,2,2,6,71,+7.248,6119393,\N,\N,\N,\N,Finished
301,13,361,212,5,2,3,3,3,4,71,+22.121,6134266,\N,\N,\N,\N,Finished
302,13,73,73,28,4,4,4,4,3,71,+1:24.879,6197024,\N,\N,\N,\N,Finished
303,13,13,73,27,7,5,5,5,2,71,+1:25.429,6197574,\N,\N,\N,\N,Finished
304,13,274,172,30,5,6,6,6,1,70,\N,\N,\N,\N,\N,\N,+1 Lap
305,13,354,18,2,6,7,7,7,0,70,\N,\N,\N,\N,\N,\N,+1 Lap
306,13,127,111,25,9,8,8,8,0,70,\N,\N,\N,\N,\N,\N,+1 Lap
307,13,91,135,7,12,9,9,9,0,70,\N,\N,\N,\N,\N,\N,+1 Lap
308,13,383,93,15,10,10,10,10,0,70,\N,\N,\N,\N,\N,\N,+1 Lap
309,13,53,93,14,8,11,11,11,0,70,\N,\N,\N,\N,\N,\N,+1 Lap
310,13,103,172,29,14,12,12,12,0,70,\N,\N,\N,\N,\N,\N,+1 Lap
311,13,674,205,4,15,13,13,13,0,69,\N,\N,\N,\N,\N,\N,+2 Laps
312,13,41,145,24,18,14,14,14,0,68,\N,\N,\N,\N,\N,\N,+3 Laps
313,13,381,76,10,19,15,15,15,0,68,\N,\N,\N,\N,\N,\N,+3 Laps
314,13,206,78,21,22,16,16,16,0,66,\N,\N,\N,\N,\N,\N,+5 Laps
315,13,534,78,22,23,17,17,17,0,64,\N,\N,\N,\N,\N,\N,+7 Laps
316,13,530,153,17,21,18,R,18,0,53,\N,\N,\N,\N,\N,\N,Gearbox
317,13,376,135,8,13,19,R,19,0,44,\N,\N,\N,\N,\N,\N,Engine
318,13,224,153,16,24,20,R,20,0,14,\N,\N,\N,\N,\N,\N,Physical
319,13,577,111,26,11,21,R,21,0,10,\N,\N,\N,\N,\N,\N,Spun off
320,13,430,145,23,17,22,R,22,0,7,\N,\N,\N,\N,\N,\N,Gearbox
321,13,402,205,3,16,23,R,23,0,0,\N,\N,\N,\N,\N,\N,Collision
322,13,579,76,9,20,24,R,24,0,0,\N,\N,\N,\N,\N,\N,Gearbox
323,14,696,18,1,3,1,1,1,10,67,1:39:59.044,5999044,\N,\N,\N,\N,Finished
324,14,13,73,27,6,2,2,2,6,67,+2.684,6001728,\N,\N,\N,\N,Finished
325,14,183,212,6,1,3,3,3,4,67,+35.382,6034426,\N,\N,\N,\N,Finished
326,14,53,93,14,11,4,4,4,3,66,\N,\N,\N,\N,\N,\N,+1 Lap
327,14,354,18,2,7,5,5,5,2,66,\N,\N,\N,\N,\N,\N,+1 Lap
328,14,383,93,15,5,6,6,6,1,66,\N,\N,\N,\N,\N,\N,+1 Lap
329,14,127,111,25,12,7,7,7,0,66,\N,\N,\N,\N,\N,\N,+1 Lap
330,14,376,135,8,9,8,8,8,0,65,\N,\N,\N,\N,\N,\N,+2 Laps
331,14,430,145,23,16,9,9,9,0,64,\N,\N,\N,\N,\N,\N,+3 Laps
332,14,674,205,4,15,10,10,10,0,64,\N,\N,\N,\N,\N,\N,+3 Laps
333,14,41,145,24,18,11,11,11,0,64,\N,\N,\N,\N,\N,\N,+3 Laps
334,14,579,76,9,17,12,12,12,0,64,\N,\N,\N,\N,\N,\N,+3 Laps
335,14,206,78,21,22,13,13,13,0,62,\N,\N,\N,\N,\N,\N,+5 Laps
336,14,757,205,3,19,14,14,14,0,61,\N,\N,\N,\N,\N,\N,+6 Laps
337,14,224,153,16,24,15,15,15,0,60,\N,\N,\N,\N,\N,\N,+7 Laps
338,14,361,212,5,2,16,R,16,0,58,\N,\N,\N,\N,\N,\N,Spun off
339,14,530,153,17,20,17,R,17,0,45,\N,\N,\N,\N,\N,\N,Out of fuel
340,14,103,172,29,13,18,R,18,0,44,\N,\N,\N,\N,\N,\N,Collision
341,14,73,73,28,4,19,R,19,0,40,\N,\N,\N,\N,\N,\N,Electrical
342,14,534,78,22,23,20,R,20,0,22,\N,\N,\N,\N,\N,\N,Halfshaft
343,14,274,172,30,8,21,R,21,0,17,\N,\N,\N,\N,\N,\N,Spun off
344,14,577,111,26,14,22,R,22,0,14,\N,\N,\N,\N,\N,\N,Spun off
345,14,91,135,7,10,23,R,23,0,14,\N,\N,\N,\N,\N,\N,Accident
346,14,381,76,10,21,24,R,24,0,0,\N,\N,\N,\N,\N,\N,Electrical
347,15,696,18,1,3,1,1,1,10,83,1:48:49.972,6529972,\N,\N,\N,\N,Finished
348,15,183,212,6,1,2,2,2,6,83,+14.920,6544892,\N,\N,\N,\N,Finished
349,15,361,212,5,2,3,3,3,4,83,+48.333,6578305,\N,\N,\N,\N,Finished
350,15,73,73,28,5,4,4,4,3,82,\N,\N,\N,\N,\N,\N,+1 Lap
351,15,13,73,27,4,5,5,5,2,82,\N,\N,\N,\N,\N,\N,+1 Lap
352,15,354,18,2,7,6,6,6,1,82,\N,\N,\N,\N,\N,\N,+1 Lap
353,15,274,172,30,8,7,7,7,0,82,\N,\N,\N,\N,\N,\N,+1 Lap
354,15,577,111,26,9,8,8,8,0,81,\N,\N,\N,\N,\N,\N,+2 Laps
355,15,91,135,7,10,9,9,9,0,81,\N,\N,\N,\N,\N,\N,+2 Laps
356,15,482,135,8,12,10,10,10,0,81,\N,\N,\N,\N,\N,\N,+2 Laps
357,15,383,93,15,6,11,11,11,0,81,\N,\N,\N,\N,\N,\N,+2 Laps
358,15,674,205,4,18,12,12,12,0,80,\N,\N,\N,\N,\N,\N,+3 Laps
359,15,430,145,23,14,13,13,13,0,80,\N,\N,\N,\N,\N,\N,+3 Laps
360,15,402,205,3,17,14,14,14,0,80,\N,\N,\N,\N,\N,\N,+3 Laps
361,15,41,145,24,16,15,15,15,0,80,\N,\N,\N,\N,\N,\N,+3 Laps
362,15,534,78,22,22,16,16,16,0,78,\N,\N,\N,\N,\N,\N,+5 Laps
363,15,206,78,21,21,17,17,17,0,77,\N,\N,\N,\N,\N,\N,+6 Laps
364,15,53,93,14,11,18,R,18,0,67,\N,\N,\N,\N,\N,\N,Electrical
365,15,533,76,9,19,19,R,19,0,63,\N,\N,\N,\N,\N,\N,Engine
366,15,381,76,10,20,20,R,20,0,38,\N,\N,\N,\N,\N,\N,Electrical
367,15,530,153,17,23,21,R,21,0,14,\N,\N,\N,\N,\N,\N,Gearbox
368,15,748,111,25,13,22,R,22,0,10,\N,\N,\N,\N,\N,\N,Spun off
369,15,103,172,29,15,23,R,23,0,7,\N,\N,\N,\N,\N,\N,Spun off
370,15,281,153,16,24,24,R,24,0,2,\N,\N,\N,\N,\N,\N,Gearbox
371,16,696,18,1,1,1,1,1,10,53,1:36:52.930,5812930,\N,\N,\N,\N,Finished
372,16,376,135,8,3,2,2,2,6,53,+19.337,5832267,\N,\N,\N,\N,Finished
373,16,354,18,2,9,3,3,3,4,53,+1:23.804,5896734,\N,\N,\N,\N,Finished
374,16,383,93,15,7,4,4,4,3,53,+1:42.136,5915066,\N,\N,\N,\N,Finished
375,16,577,111,26,11,5,5,5,2,52,\N,\N,\N,\N,\N,\N,+1 Lap
376,16,674,205,4,12,6,6,6,1,52,\N,\N,\N,\N,\N,\N,+1 Lap
377,16,91,135,7,23,7,7,7,0,52,\N,\N,\N,\N,\N,\N,+1 Lap
378,16,274,172,30,8,8,8,8,0,52,\N,\N,\N,\N,\N,\N,+1 Lap
379,16,41,145,24,17,9,9,9,0,51,\N,\N,\N,\N,\N,\N,+2 Laps
380,16,815,172,29,15,10,10,10,0,51,\N,\N,\N,\N,\N,\N,+2 Laps
381,16,430,145,23,16,11,11,11,0,51,\N,\N,\N,\N,\N,\N,+2 Laps
382,16,381,76,10,18,12,12,12,0,51,\N,\N,\N,\N,\N,\N,+2 Laps
383,16,361,212,5,4,13,R,13,0,40,\N,\N,\N,\N,\N,\N,Spun off
384,16,183,212,6,6,14,R,14,0,39,\N,\N,\N,\N,\N,\N,Spun off
385,16,206,78,21,20,15,R,15,0,32,\N,\N,\N,\N,\N,\N,Spun off
386,16,13,73,27,2,16,R,16,0,24,\N,\N,\N,\N,\N,\N,Engine
387,16,530,153,17,19,17,R,17,0,23,\N,\N,\N,\N,\N,\N,Spun off
388,16,73,73,28,5,18,R,18,0,16,\N,\N,\N,\N,\N,\N,Electrical
389,16,53,93,14,10,19,R,19,0,15,\N,\N,\N,\N,\N,\N,Spun off
390,16,402,205,3,13,20,R,20,0,12,\N,\N,\N,\N,\N,\N,Spun off
391,16,281,153,16,22,21,R,21,0,6,\N,\N,\N,\N,\N,\N,Halfshaft
392,16,534,78,22,21,22,R,22,0,1,\N,\N,\N,\N,\N,\N,Gearbox
393,16,533,76,9,14,23,R,23,0,0,\N,\N,\N,\N,\N,\N,Spun off
394,16,748,111,25,0,24,W,24,0,0,\N,\N,\N,\N,\N,\N,Accident
395,17,361,212,5,1,1,1,1,10,81,1:49:15.946,6555946,\N,\N,\N,\N,Finished
396,17,577,111,26,12,2,2,2,6,79,\N,\N,\N,\N,\N,\N,+2 Laps
397,17,533,76,9,13,3,3,3,4,79,\N,\N,\N,\N,\N,\N,+2 Laps
398,17,91,135,7,10,4,4,4,3,79,\N,\N,\N,\N,\N,\N,+2 Laps
399,17,674,205,4,14,5,5,5,2,78,\N,\N,\N,\N,\N,\N,+3 Laps
400,17,430,145,23,17,6,6,6,1,78,\N,\N,\N,\N,\N,\N,+3 Laps
401,17,206,78,21,21,7,7,7,0,77,\N,\N,\N,\N,\N,\N,+4 Laps
402,17,281,153,16,23,8,8,8,0,76,\N,\N,\N,\N,\N,\N,+5 Laps
403,17,402,205,3,16,9,R,9,0,70,\N,\N,\N,\N,\N,\N,Engine
404,17,354,18,2,8,10,R,10,0,69,\N,\N,\N,\N,\N,\N,Transmission
405,17,383,93,15,9,11,R,11,0,62,\N,\N,\N,\N,\N,\N,Engine
406,17,274,172,30,6,12,R,12,0,39,\N,\N,\N,\N,\N,\N,Gearbox
407,17,73,73,28,4,13,R,13,0,34,\N,\N,\N,\N,\N,\N,Engine
408,17,127,111,25,11,14,R,14,0,29,\N,\N,\N,\N,\N,\N,Spun off
409,17,696,18,1,3,15,R,15,0,25,\N,\N,\N,\N,\N,\N,Collision
410,17,13,73,27,5,16,R,16,0,23,\N,\N,\N,\N,\N,\N,Collision
411,17,534,78,22,20,17,R,17,0,21,\N,\N,\N,\N,\N,\N,Spun off
412,17,53,93,14,7,18,R,18,0,20,\N,\N,\N,\N,\N,\N,Spun off
413,17,183,212,6,2,19,R,19,0,19,\N,\N,\N,\N,\N,\N,Accident
414,17,381,76,10,19,20,R,20,0,15,\N,\N,\N,\N,\N,\N,Spun off
415,17,815,172,29,18,21,R,21,0,8,\N,\N,\N,\N,\N,\N,Physical
416,17,530,153,17,22,22,R,22,0,2,\N,\N,\N,\N,\N,\N,Gearbox
417,17,41,145,24,15,23,W,23,0,0,\N,\N,\N,\N,\N,\N,Electrical
418,17,376,135,8,24,24,W,24,0,0,\N,\N,\N,\N,\N,\N,Injured
419,18,361,212,5,2,1,1,1,10,58,1:32:50.400,5570400,\N,\N,\N,\N,Finished
420,18,796,212,6,1,2,2,2,6,58,+38.020,5608420,\N,\N,\N,\N,Finished
421,18,383,73,2,3,3,3,3,4,58,+1:02.571,5632971,\N,\N,\N,\N,Finished
422,18,73,18,4,7,4,4,4,3,58,+1:17.037,5647437,\N,\N,\N,\N,Finished
423,18,376,135,7,5,5,5,5,2,58,+1:35.071,5665471,\N,\N,\N,\N,Finished
424,18,674,205,19,10,6,6,6,1,57,\N,\N,\N,\N,\N,\N,+1 Lap
425,18,577,111,9,11,7,7,7,0,57,\N,\N,\N,\N,\N,\N,+1 Lap
426,18,274,172,15,9,8,8,8,0,57,\N,\N,\N,\N,\N,\N,+1 Lap
427,18,659,76,16,18,9,9,9,0,56,\N,\N,\N,\N,\N,\N,+2 Laps
428,18,206,111,10,20,10,10,10,0,56,\N,\N,\N,\N,\N,\N,+2 Laps
429,18,402,205,18,15,11,11,11,0,55,\N,\N,\N,\N,\N,\N,+3 Laps
430,18,430,145,20,17,12,R,12,0,42,\N,\N,\N,\N,\N,\N,Safety belt
431,18,696,73,1,4,13,R,13,0,32,\N,\N,\N,\N,\N,\N,Brakes
432,18,250,145,21,16,14,R,14,0,32,\N,\N,\N,\N,\N,\N,Clutch
433,18,53,93,11,8,15,R,15,0,29,\N,\N,\N,\N,\N,\N,Engine
434,18,183,135,8,13,16,R,16,0,24,\N,\N,\N,\N,\N,\N,Throttle
435,18,791,76,17,12,17,R,17,0,15,\N,\N,\N,\N,\N,\N,Engine
436,18,13,18,3,6,18,R,18,0,9,\N,\N,\N,\N,\N,\N,Collision
437,18,127,93,12,19,19,R,19,0,1,\N,\N,\N,\N,\N,\N,Collision
438,18,354,172,14,14,20,R,20,0,0,\N,\N,\N,\N,\N,\N,Collision
439,19,361,212,5,1,1,1,1,10,71,1:49:52.976,6592976,\N,\N,\N,\N,Finished
440,19,13,18,3,5,2,2,2,6,71,+17.982,6610958,\N,\N,\N,\N,Finished
441,19,696,73,1,4,3,3,3,4,70,\N,\N,\N,\N,\N,\N,+1 Lap
442,19,376,135,7,7,4,4,4,3,70,\N,\N,\N,\N,\N,\N,+1 Lap
443,19,674,205,19,11,5,5,5,2,70,\N,\N,\N,\N,\N,\N,+1 Lap
444,19,577,111,9,15,6,6,6,1,70,\N,\N,\N,\N,\N,\N,+1 Lap
445,19,383,73,2,10,7,7,7,0,70,\N,\N,\N,\N,\N,\N,+1 Lap
446,19,206,111,10,22,8,8,8,0,69,\N,\N,\N,\N,\N,\N,+2 Laps
447,19,402,205,18,16,9,9,9,0,69,\N,\N,\N,\N,\N,\N,+2 Laps
448,19,430,145,20,18,10,10,10,0,68,\N,\N,\N,\N,\N,\N,+3 Laps
449,19,41,78,22,19,11,11,11,0,67,\N,\N,\N,\N,\N,\N,+4 Laps
450,19,127,93,12,6,12,12,12,0,64,\N,\N,\N,\N,\N,\N,Spun off
451,19,53,93,11,2,13,R,13,0,59,\N,\N,\N,\N,\N,\N,Spun off
452,19,274,172,15,9,14,R,14,0,36,\N,\N,\N,\N,\N,\N,Engine
453,19,183,135,8,14,15,R,15,0,29,\N,\N,\N,\N,\N,\N,Spun off
454,19,354,172,14,12,16,R,16,0,28,\N,\N,\N,\N,\N,\N,Engine
455,19,796,212,6,3,17,R,17,0,26,\N,\N,\N,\N,\N,\N,Spun off
456,19,73,18,4,8,18,R,18,0,26,\N,\N,\N,\N,\N,\N,Hydraulics
457,19,530,78,23,20,19,R,19,0,26,\N,\N,\N,\N,\N,\N,Spun off
458,19,659,76,16,17,20,R,20,0,24,\N,\N,\N,\N,\N,\N,Spun off
459,19,791,76,17,13,21,R,21,0,19,\N,\N,\N,\N,\N,\N,Engine
460,19,493,145,21,21,22,R,22,0,0,\N,\N,\N,\N,\N,\N,Spun off
461,20,361,212,5,1,1,1,1,10,72,1:54:55.322,6895322,\N,\N,\N,\N,Finished
462,20,796,212,6,3,2,2,2,6,72,+12.167,6907489,\N,\N,\N,\N,Finished
463,20,13,18,3,4,3,3,3,4,72,+14.754,6910076,\N,\N,\N,\N,Finished
464,20,53,93,11,6,4,4,4,3,72,+55.131,6950453,\N,\N,\N,\N,Finished
465,20,383,73,2,10,5,5,5,2,72,+1:04.991,6960313,\N,\N,\N,\N,Finished
466,20,791,76,17,7,6,6,6,1,72,+1:08.913,6964235,\N,\N,\N,\N,Finished
467,20,183,135,8,9,7,7,7,0,72,+1:13.400,6968722,\N,\N,\N,\N,Finished
468,20,577,111,9,12,8,8,8,0,72,+1:14.295,6969617,\N,\N,\N,\N,Finished
469,20,354,172,14,17,9,9,9,0,71,\N,\N,\N,\N,\N,\N,+1 Lap
470,20,530,78,23,22,10,10,10,0,69,\N,\N,\N,\N,\N,\N,+3 Laps
471,20,73,18,4,5,11,R,11,0,56,\N,\N,\N,\N,\N,\N,Suspension
472,20,696,73,1,2,12,R,12,0,46,\N,\N,\N,\N,\N,\N,Broken wing
473,20,430,145,20,19,13,R,13,0,39,\N,\N,\N,\N,\N,\N,Transmission
474,20,674,205,19,16,14,R,14,0,36,\N,\N,\N,\N,\N,\N,Throttle
475,20,127,93,12,15,15,R,15,0,34,\N,\N,\N,\N,\N,\N,Collision
476,20,493,145,21,14,16,R,16,0,33,\N,\N,\N,\N,\N,\N,Collision
477,20,274,172,15,11,17,R,17,0,32,\N,\N,\N,\N,\N,\N,Spun off
478,20,206,111,10,18,18,R,18,0,29,\N,\N,\N,\N,\N,\N,Heat shield fire
479,20,402,205,18,13,19,R,19,0,28,\N,\N,\N,\N,\N,\N,Transmission
480,20,659,76,16,20,20,R,20,0,24,\N,\N,\N,\N,\N,\N,Oil pump
481,20,41,78,22,21,21,R,21,0,24,\N,\N,\N,\N,\N,\N,Collision
482,20,376,135,7,8,22,R,22,0,19,\N,\N,\N,\N,\N,\N,Throttle
483,21,796,212,6,2,1,1,1,10,67,1:33:26.473,5606473,\N,\N,\N,\N,Finished
484,21,696,73,1,3,2,2,2,6,67,+0.762,5607235,\N,\N,\N,\N,Finished
485,21,183,135,8,6,3,3,3,4,67,+32.834,5639307,\N,\N,\N,\N,Finished
486,21,361,212,5,1,4,4,4,3,67,+33.511,5639984,\N,\N,\N,\N,Finished
487,21,53,93,11,5,5,5,5,2,67,+33.713,5640186,\N,\N,\N,\N,Finished
488,21,127,93,12,11,6,6,6,1,67,+55.567,5662040,\N,\N,\N,\N,Finished
489,21,354,172,14,12,7,7,7,0,67,+1:18.027,5684500,\N,\N,\N,\N,Finished
490,21,376,135,7,9,8,8,8,0,67,+1:18.438,5684911,\N,\N,\N,\N,Finished
491,21,73,18,4,8,9,9,9,0,67,+1:21.061,5687534,\N,\N,\N,\N,Finished
492,21,206,111,10,17,10,10,10,0,66,\N,\N,\N,\N,\N,\N,+1 Lap
493,21,659,76,16,20,11,11,11,0,65,\N,\N,\N,\N,\N,\N,+2 Laps
494,21,430,145,20,19,12,12,12,0,65,\N,\N,\N,\N,\N,\N,+2 Laps
495,21,250,145,21,18,13,13,13,0,65,\N,\N,\N,\N,\N,\N,+2 Laps
496,21,674,205,19,14,14,D,14,0,66,\N,\N,\N,\N,\N,\N,Disqualified
497,21,402,205,18,16,15,D,15,0,65,\N,\N,\N,\N,\N,\N,Disqualified
498,21,274,172,15,10,16,R,16,0,59,\N,\N,\N,\N,\N,\N,Brakes
499,21,791,76,17,13,17,R,17,0,38,\N,\N,\N,\N,\N,\N,Engine
500,21,577,111,9,15,18,R,18,0,6,\N,\N,\N,\N,\N,\N,Collision
501,21,383,73,2,7,19,R,19,0,6,\N,\N,\N,\N,\N,\N,Electrical
502,21,13,18,3,4,20,R,20,0,1,\N,\N,\N,\N,\N,\N,Collision
503,22,361,212,5,2,1,1,1,10,63,1:35:26.156,5726156,\N,\N,\N,\N,Finished
504,22,696,73,1,1,2,2,2,6,63,+16.460,5742616,\N,\N,\N,\N,Finished
505,22,73,18,4,7,3,3,3,4,63,+46.891,5773047,\N,\N,\N,\N,Finished
506,22,383,73,2,6,4,4,4,3,63,+1:01.583,5787739,\N,\N,\N,\N,Finished
507,22,53,93,11,9,5,5,5,2,63,+1:18.490,5804646,\N,\N,\N,\N,Finished
508,22,13,18,3,5,6,6,6,1,62,\N,\N,\N,\N,\N,\N,+1 Lap
509,22,206,111,10,17,7,7,7,0,62,\N,\N,\N,\N,\N,\N,+1 Lap
510,22,376,135,7,11,8,8,8,0,61,\N,\N,\N,\N,\N,\N,Engine
511,22,430,145,20,18,9,9,9,0,61,\N,\N,\N,\N,\N,\N,+2 Laps
512,22,41,78,22,21,10,10,10,0,59,\N,\N,\N,\N,\N,\N,+4 Laps
513,22,796,212,6,3,11,11,11,0,57,\N,\N,\N,\N,\N,\N,Suspension
514,22,577,111,9,13,12,R,12,0,54,\N,\N,\N,\N,\N,\N,Engine
515,22,402,205,18,16,13,R,13,0,45,\N,\N,\N,\N,\N,\N,Spun off
516,22,183,135,8,4,14,R,14,0,44,\N,\N,\N,\N,\N,\N,Hydraulics
517,22,659,76,16,20,15,R,15,0,40,\N,\N,\N,\N,\N,\N,Engine
518,22,791,76,17,14,16,R,16,0,38,\N,\N,\N,\N,\N,\N,Hydraulics
519,22,127,93,12,12,17,R,17,0,36,\N,\N,\N,\N,\N,\N,Spun off
520,22,274,172,15,10,18,R,18,0,32,\N,\N,\N,\N,\N,\N,Brakes
521,22,250,145,21,19,19,R,19,0,30,\N,\N,\N,\N,\N,\N,Engine
522,22,354,172,14,15,20,R,20,0,25,\N,\N,\N,\N,\N,\N,Electrical
523,22,674,205,19,8,21,R,21,0,23,\N,\N,\N,\N,\N,\N,Engine
524,23,577,111,9,14,1,1,1,10,75,2:00:45.629,7245629,\N,\N,\N,\N,Finished
525,23,183,135,8,5,2,2,2,6,75,+4.828,7250457,\N,\N,\N,\N,Finished
526,23,354,172,14,13,3,3,3,4,75,+37.503,7283132,\N,\N,\N,\N,Finished
527,23,274,172,15,9,4,4,4,3,74,\N,\N,\N,\N,\N,\N,Withdrew
528,23,674,205,19,11,5,5,5,2,70,\N,\N,\N,\N,\N,\N,Collision
529,23,376,135,7,8,6,6,6,1,70,\N,\N,\N,\N,\N,\N,Collision
530,23,383,73,2,7,7,7,7,0,68,\N,\N,\N,\N,\N,\N,Collision
531,23,796,212,6,10,8,R,8,0,66,\N,\N,\N,\N,\N,\N,Collision
532,23,13,18,3,3,9,R,9,0,60,\N,\N,\N,\N,\N,\N,Suspension
533,23,41,78,22,21,10,R,10,0,60,\N,\N,\N,\N,\N,\N,Collision
534,23,361,212,5,2,11,R,11,0,40,\N,\N,\N,\N,\N,\N,Engine
535,23,127,93,12,16,12,R,12,0,30,\N,\N,\N,\N,\N,\N,Spun off
536,23,73,18,4,4,13,R,13,0,9,\N,\N,\N,\N,\N,\N,Gearbox
537,23,206,111,10,17,14,R,14,0,5,\N,\N,\N,\N,\N,\N,Transmission
538,23,659,76,16,20,15,R,15,0,3,\N,\N,\N,\N,\N,\N,Spun off
539,23,402,205,18,15,16,R,16,0,2,\N,\N,\N,\N,\N,\N,Spun off
540,23,696,73,1,1,17,R,17,0,0,\N,\N,\N,\N,\N,\N,Spun off
541,23,53,93,11,6,18,R,18,0,0,\N,\N,\N,\N,\N,\N,Spun off
542,23,430,145,20,19,19,R,19,0,0,\N,\N,\N,\N,\N,\N,Collision
543,23,250,145,21,18,20,R,20,0,0,\N,\N,\N,\N,\N,\N,Collision
544,23,791,76,17,12,21,R,21,0,0,\N,\N,\N,\N,\N,\N,Spun off
545,23,530,78,23,22,22,R,22,0,0,\N,\N,\N,\N,\N,\N,Injury
546,24,696,73,1,3,1,1,1,10,65,1:59:49.307,7189307,\N,\N,\N,\N,Finished
547,24,13,18,3,4,2,2,2,6,65,+45.302,7234609,\N,\N,\N,\N,Finished
548,24,796,212,6,2,3,3,3,4,65,+48.388,7237695,\N,\N,\N,\N,Finished
549,24,274,172,15,11,4,4,4,3,64,\N,\N,\N,\N,\N,\N,+1 Lap
550,24,376,135,7,10,5,5,5,2,64,\N,\N,\N,\N,\N,\N,+1 Lap
551,24,206,111,10,17,6,6,6,1,63,\N,\N,\N,\N,\N,\N,+2 Laps
552,24,791,76,17,13,7,R,7,0,47,\N,\N,\N,\N,\N,\N,Spun off
553,24,53,93,11,7,8,R,8,0,45,\N,\N,\N,\N,\N,\N,Differential
554,24,73,18,4,5,9,R,9,0,44,\N,\N,\N,\N,\N,\N,Spun off
555,24,354,172,14,9,10,R,10,0,20,\N,\N,\N,\N,\N,\N,Spun off
556,24,127,93,12,15,11,R,11,0,17,\N,\N,\N,\N,\N,\N,Differential
557,24,674,205,19,12,12,D,12,0,16,\N,\N,\N,\N,\N,\N,Disqualified
558,24,361,212,5,1,13,R,13,0,10,\N,\N,\N,\N,\N,\N,Spun off
559,24,402,205,18,16,14,R,14,0,8,\N,\N,\N,\N,\N,\N,Electrical
560,24,383,73,2,6,15,R,15,0,1,\N,\N,\N,\N,\N,\N,Spun off
561,24,577,111,9,8,16,R,16,0,1,\N,\N,\N,\N,\N,\N,Collision
562,24,250,145,21,19,17,R,17,0,1,\N,\N,\N,\N,\N,\N,Collision
563,24,183,135,8,14,18,R,18,0,0,\N,\N,\N,\N,\N,\N,Collision
564,24,659,76,16,20,19,R,19,0,0,\N,\N,\N,\N,\N,\N,Collision
565,24,430,145,20,18,20,R,20,0,0,\N,\N,\N,\N,\N,\N,Collision
566,25,361,212,5,1,1,1,1,10,69,1:36:03.400,5763400,\N,\N,\N,\N,Finished
567,25,796,212,6,2,2,2,2,6,69,+4.183,5767583,\N,\N,\N,\N,Finished
568,25,13,18,3,4,3,3,3,4,69,+54.656,5818056,\N,\N,\N,\N,Finished
569,25,183,135,8,10,4,4,4,3,69,+1:03.673,5827073,\N,\N,\N,\N,Finished
570,25,376,135,7,6,5,5,5,2,68,\N,\N,\N,\N,\N,\N,+1 Lap
571,25,127,93,12,9,6,6,6,1,68,\N,\N,\N,\N,\N,\N,+1 Lap
572,25,354,172,14,15,7,7,7,0,68,\N,\N,\N,\N,\N,\N,+1 Lap
573,25,250,145,21,16,8,8,8,0,67,\N,\N,\N,\N,\N,\N,+2 Laps
574,25,430,145,20,19,9,R,9,0,44,\N,\N,\N,\N,\N,\N,Collision
575,25,41,78,22,20,10,R,10,0,44,\N,\N,\N,\N,\N,\N,Gearbox
576,25,73,18,4,7,11,R,11,0,42,\N,\N,\N,\N,\N,\N,Spun off
577,25,696,73,1,3,12,R,12,0,41,\N,\N,\N,\N,\N,\N,Halfshaft
578,25,577,111,9,11,13,R,13,0,39,\N,\N,\N,\N,\N,\N,Engine
579,25,674,205,19,14,14,R,14,0,39,\N,\N,\N,\N,\N,\N,Engine
580,25,206,111,10,18,15,R,15,0,38,\N,\N,\N,\N,\N,\N,Engine
581,25,53,93,11,8,16,R,16,0,22,\N,\N,\N,\N,\N,\N,Clutch
582,25,530,78,23,22,17,R,17,0,22,\N,\N,\N,\N,\N,\N,Electrical
583,25,274,172,15,12,18,R,18,0,19,\N,\N,\N,\N,\N,\N,Gearbox
584,25,791,76,17,13,19,R,19,0,10,\N,\N,\N,\N,\N,\N,Engine
585,25,659,76,16,21,20,R,20,0,6,\N,\N,\N,\N,\N,\N,Collision
586,25,402,205,18,17,21,R,21,0,6,\N,\N,\N,\N,\N,\N,Collision
587,25,383,73,2,5,22,R,22,0,1,\N,\N,\N,\N,\N,\N,Suspension
588,26,361,212,5,2,1,1,1,10,72,1:36:29.200,5789200,\N,\N,\N,\N,Finished
589,26,796,212,6,6,2,2,2,6,72,+8.127,5797327,\N,\N,\N,\N,Finished
590,26,13,18,3,3,3,3,3,4,72,+46.442,5835642,\N,\N,\N,\N,Finished
591,26,73,18,4,4,4,4,4,3,72,+46.859,5836059,\N,\N,\N,\N,Finished
592,26,376,135,7,5,5,5,5,2,72,+1:02.774,5851974,\N,\N,\N,\N,Finished
593,26,183,135,8,7,6,6,6,1,71,\N,\N,\N,\N,\N,\N,+1 Lap
594,26,577,111,9,9,7,7,7,0,71,\N,\N,\N,\N,\N,\N,+1 Lap
595,26,127,93,12,8,8,8,8,0,71,\N,\N,\N,\N,\N,\N,+1 Lap
596,26,53,93,11,10,9,9,9,0,71,\N,\N,\N,\N,\N,\N,+1 Lap
597,26,674,205,19,13,10,10,10,0,70,\N,\N,\N,\N,\N,\N,+2 Laps
598,26,659,76,16,19,11,11,11,0,69,\N,\N,\N,\N,\N,\N,+3 Laps
599,26,430,145,20,18,12,12,12,0,69,\N,\N,\N,\N,\N,\N,+3 Laps
600,26,354,172,14,16,13,D,13,0,70,\N,\N,\N,\N,\N,\N,Disqualified
601,26,274,172,15,12,14,R,14,0,56,\N,\N,\N,\N,\N,\N,Throttle
602,26,402,205,18,14,15,R,15,0,33,\N,\N,\N,\N,\N,\N,Engine
603,26,41,78,22,20,16,R,16,0,29,\N,\N,\N,\N,\N,\N,Fuel system
604,26,206,111,10,11,17,R,17,0,28,\N,\N,\N,\N,\N,\N,Engine
605,26,791,76,17,15,18,R,18,0,10,\N,\N,\N,\N,\N,\N,Steering
606,26,383,73,2,22,19,R,19,0,5,\N,\N,\N,\N,\N,\N,Gearbox
607,26,250,145,21,17,20,R,20,0,2,\N,\N,\N,\N,\N,\N,Fuel pump
608,26,530,78,23,21,21,R,21,0,2,\N,\N,\N,\N,\N,\N,Electrical
609,26,696,73,1,1,22,W,22,0,0,\N,\N,\N,\N,\N,\N,Engine
610,27,796,212,6,2,1,1,1,10,61,1:33:00.874,5580874,\N,\N,\N,\N,Finished
611,27,73,18,4,7,2,2,2,6,61,+19.026,5599900,\N,\N,\N,\N,Finished
612,27,376,135,7,4,3,3,3,4,61,+50.830,5631704,\N,\N,\N,\N,Finished
613,27,53,93,11,6,4,4,4,3,61,+1:06.716,5647590,\N,\N,\N,\N,Finished
614,27,183,135,8,9,5,5,5,2,61,+1:22.507,5663381,\N,\N,\N,\N,Finished
615,27,127,93,12,8,6,6,6,1,60,\N,\N,\N,\N,\N,\N,+1 Lap
616,27,674,205,19,14,7,7,7,0,60,\N,\N,\N,\N,\N,\N,+1 Lap
617,27,274,172,15,11,8,8,8,0,60,\N,\N,\N,\N,\N,\N,+1 Lap
618,27,354,172,14,13,9,9,9,0,60,\N,\N,\N,\N,\N,\N,+1 Lap
619,27,791,76,17,15,10,10,10,0,60,\N,\N,\N,\N,\N,\N,+1 Lap
620,27,250,145,21,18,11,11,11,0,59,\N,\N,\N,\N,\N,\N,+2 Laps
621,27,13,18,3,5,12,R,12,0,44,\N,\N,\N,\N,\N,\N,Brakes
622,27,577,111,9,16,13,R,13,0,40,\N,\N,\N,\N,\N,\N,Handling
623,27,206,111,10,17,14,R,14,0,38,\N,\N,\N,\N,\N,\N,Engine
624,27,361,212,5,1,15,R,15,0,26,\N,\N,\N,\N,\N,\N,Wheel
625,27,430,145,20,19,16,R,16,0,21,\N,\N,\N,\N,\N,\N,Gearbox
626,27,659,76,16,20,17,R,17,0,13,\N,\N,\N,\N,\N,\N,Electrical
627,27,402,205,18,12,18,R,18,0,12,\N,\N,\N,\N,\N,\N,Engine
628,27,383,73,2,10,19,R,19,0,5,\N,\N,\N,\N,\N,\N,Differential
629,27,696,73,1,3,20,R,20,0,3,\N,\N,\N,\N,\N,\N,Hydraulics
630,28,361,212,5,1,1,1,1,10,45,1:21:43.417,4903417,\N,\N,\N,\N,Finished
631,28,13,18,3,5,2,2,2,6,45,+11.452,4914869,\N,\N,\N,\N,Finished
632,28,796,212,6,6,3,3,3,4,45,+33.926,4937343,\N,\N,\N,\N,Finished
633,28,696,73,1,3,4,4,4,3,45,+41.517,4944934,\N,\N,\N,\N,Finished
634,28,183,135,8,7,5,5,5,2,45,+42.196,4945613,\N,\N,\N,\N,Finished
635,28,53,93,11,9,6,6,6,1,45,+1:42.099,5005516,\N,\N,\N,\N,Finished
636,28,577,111,9,12,7,7,7,0,45,+1:43.912,5007329,\N,\N,\N,\N,Finished
637,28,274,172,15,13,8,8,8,0,44,\N,\N,\N,\N,\N,\N,+1 Lap
638,28,674,205,19,15,9,9,9,0,44,\N,\N,\N,\N,\N,\N,+1 Lap
639,28,127,93,12,10,10,10,10,0,44,\N,\N,\N,\N,\N,\N,+1 Lap
640,28,659,76,16,19,11,11,11,0,44,\N,\N,\N,\N,\N,\N,+1 Lap
641,28,430,145,20,18,12,12,12,0,43,\N,\N,\N,\N,\N,\N,+2 Laps
642,28,73,18,4,2,13,13,13,0,42,\N,\N,\N,\N,\N,\N,Engine
643,28,383,73,2,8,14,R,14,0,34,\N,\N,\N,\N,\N,\N,Engine
644,28,354,172,14,14,15,R,15,0,25,\N,\N,\N,\N,\N,\N,Vibrations
645,28,206,111,10,11,16,R,16,0,19,\N,\N,\N,\N,\N,\N,Engine
646,28,402,205,18,16,17,R,17,0,19,\N,\N,\N,\N,\N,\N,Spun off
647,28,376,135,7,4,18,R,18,0,13,\N,\N,\N,\N,\N,\N,Gearbox
648,28,791,76,17,17,19,R,19,0,0,\N,\N,\N,\N,\N,\N,Collision
649,29,796,212,6,3,1,1,1,10,77,1:46:21.134,6381134,\N,\N,\N,\N,Finished
650,29,361,212,5,2,2,2,2,6,77,+0.771,6381905,\N,\N,\N,\N,Finished
651,29,13,18,3,5,3,3,3,4,77,+1:24.212,6465346,\N,\N,\N,\N,Finished
652,29,376,135,7,7,4,4,4,3,76,\N,\N,\N,\N,\N,\N,+1 Lap
653,29,577,111,9,11,5,5,5,2,76,\N,\N,\N,\N,\N,\N,+1 Lap
654,29,53,93,11,13,6,6,6,1,75,\N,\N,\N,\N,\N,\N,+2 Laps
655,29,402,205,18,14,7,7,7,0,74,\N,\N,\N,\N,\N,\N,+3 Laps
656,29,659,76,16,18,8,8,8,0,74,\N,\N,\N,\N,\N,\N,+3 Laps
657,29,696,73,1,1,9,9,9,0,70,\N,\N,\N,\N,\N,\N,Throttle
658,29,442,145,21,20,10,10,10,0,69,\N,\N,\N,\N,\N,\N,Spun off
659,29,73,18,4,6,11,R,11,0,64,\N,\N,\N,\N,\N,\N,Engine
660,29,274,172,15,10,12,R,12,0,50,\N,\N,\N,\N,\N,\N,Electrical
661,29,354,172,14,8,13,R,13,0,35,\N,\N,\N,\N,\N,\N,Engine
662,29,383,73,2,4,14,R,14,0,31,\N,\N,\N,\N,\N,\N,Gearbox
663,29,430,145,20,19,15,R,15,0,24,\N,\N,\N,\N,\N,\N,Suspension
664,29,183,135,8,9,16,R,16,0,23,\N,\N,\N,\N,\N,\N,Engine
665,29,791,76,17,17,17,R,17,0,10,\N,\N,\N,\N,\N,\N,Spun off
666,29,127,93,12,12,18,R,18,0,5,\N,\N,\N,\N,\N,\N,Spun off
667,29,206,111,10,15,19,R,19,0,1,\N,\N,\N,\N,\N,\N,Collision
668,29,674,205,19,16,20,R,20,0,0,\N,\N,\N,\N,\N,\N,Collision
669,30,696,73,1,3,1,1,1,10,44,1:28:15.125,5295125,\N,\N,\N,\N,Finished
670,30,796,212,6,1,2,2,2,6,44,+5.602,5300727,\N,\N,\N,\N,Finished
671,30,376,135,7,6,3,3,3,4,44,+15.710,5310835,\N,\N,\N,\N,Finished
672,30,13,18,3,7,4,4,4,3,44,+19.125,5314250,\N,\N,\N,\N,Finished
673,30,361,212,5,2,5,5,5,2,44,+29.179,5324304,\N,\N,\N,\N,Finished
674,30,73,18,4,5,6,6,6,1,44,+29.896,5325021,\N,\N,\N,\N,Finished
675,30,674,205,19,13,7,7,7,0,44,+1:00.754,5355879,\N,\N,\N,\N,Finished
676,30,402,205,18,17,8,8,8,0,44,+1:40.227,5395352,\N,\N,\N,\N,Finished
677,30,659,76,16,18,9,9,9,0,43,\N,\N,\N,\N,\N,\N,+1 Lap
678,30,430,145,20,19,10,10,10,0,43,\N,\N,\N,\N,\N,\N,+1 Lap
679,30,183,135,8,4,11,R,11,0,37,\N,\N,\N,\N,\N,\N,Spun off
680,30,127,93,12,8,12,R,12,0,34,\N,\N,\N,\N,\N,\N,Engine
681,30,383,73,2,9,13,R,13,0,29,\N,\N,\N,\N,\N,\N,Gearbox
682,30,53,93,11,10,14,R,14,0,29,\N,\N,\N,\N,\N,\N,Suspension
683,30,206,111,10,15,15,R,15,0,22,\N,\N,\N,\N,\N,\N,Electrical
684,30,791,76,17,16,16,R,16,0,11,\N,\N,\N,\N,\N,\N,Accident
685,30,274,172,15,11,17,R,17,0,0,\N,\N,\N,\N,\N,\N,Collision
686,30,354,172,14,12,18,R,18,0,0,\N,\N,\N,\N,\N,\N,Collision
687,30,577,111,9,14,19,R,19,0,0,\N,\N,\N,\N,\N,\N,Collision
688,31,696,73,1,3,1,1,1,10,53,1:17:43.632,4663632,\N,\N,\N,\N,Finished
689,31,13,18,3,6,2,2,2,6,53,+18.265,4681897,\N,\N,\N,\N,Finished
690,31,376,135,7,4,3,3,3,4,53,+1:06.635,4730267,\N,\N,\N,\N,Finished
691,31,127,93,12,9,4,4,4,3,53,+1:25.217,4748849,\N,\N,\N,\N,Finished
692,31,53,93,11,10,5,5,5,2,53,+1:25.475,4749107,\N,\N,\N,\N,Finished
693,31,206,111,10,14,6,6,6,1,52,\N,\N,\N,\N,\N,\N,+1 Lap
694,31,796,212,6,2,7,7,7,0,52,\N,\N,\N,\N,\N,\N,+1 Lap
695,31,791,76,17,15,8,8,8,0,52,\N,\N,\N,\N,\N,\N,+1 Lap
696,31,354,172,14,12,9,9,9,0,51,\N,\N,\N,\N,\N,\N,Engine
697,31,402,205,18,16,10,10,10,0,51,\N,\N,\N,\N,\N,\N,+2 Laps
698,31,659,76,16,19,11,R,11,0,36,\N,\N,\N,\N,\N,\N,Spun off
699,31,383,73,2,7,12,R,12,0,23,\N,\N,\N,\N,\N,\N,Spun off
700,31,430,145,20,18,13,R,13,0,12,\N,\N,\N,\N,\N,\N,Engine
701,31,674,205,19,17,14,R,14,0,9,\N,\N,\N,\N,\N,\N,Engine
702,31,274,172,15,13,15,R,15,0,7,\N,\N,\N,\N,\N,\N,Spun off
703,31,361,212,5,1,16,R,16,0,5,\N,\N,\N,\N,\N,\N,Spun off
704,31,442,145,21,20,17,R,17,0,5,\N,\N,\N,\N,\N,\N,Engine
705,31,73,18,4,8,18,R,18,0,4,\N,\N,\N,\N,\N,\N,Hydraulics
706,31,577,111,9,11,19,R,19,0,2,\N,\N,\N,\N,\N,\N,Spun off
707,31,183,135,8,5,20,R,20,0,1,\N,\N,\N,\N,\N,\N,Spun off
708,32,796,212,6,2,1,1,1,10,70,1:40:22.915,6022915,\N,\N,\N,\N,Finished
709,32,361,212,5,1,2,2,2,6,70,+19.966,6042881,\N,\N,\N,\N,Finished
710,32,696,73,1,4,3,3,3,4,70,+53.765,6076680,\N,\N,\N,\N,Finished
711,32,13,18,3,3,4,4,4,3,70,+55.109,6078024,\N,\N,\N,\N,Finished
712,32,383,73,2,6,5,5,5,2,70,+1:27.389,6110304,\N,\N,\N,\N,Finished
713,32,73,18,4,5,6,6,6,1,70,+1:33.141,6116056,\N,\N,\N,\N,Finished
714,32,274,172,15,11,7,7,7,0,69,\N,\N,\N,\N,\N,\N,+1 Lap
715,32,354,172,14,12,8,8,8,0,69,\N,\N,\N,\N,\N,\N,+1 Lap
716,32,127,93,12,10,9,9,9,0,69,\N,\N,\N,\N,\N,\N,+1 Lap
717,32,577,111,9,15,10,10,10,0,69,\N,\N,\N,\N,\N,\N,+1 Lap
718,32,674,205,19,13,11,11,11,0,69,\N,\N,\N,\N,\N,\N,+1 Lap
719,32,402,205,18,14,12,12,12,0,68,\N,\N,\N,\N,\N,\N,+2 Laps
720,32,183,135,8,8,13,13,13,0,68,\N,\N,\N,\N,\N,\N,+2 Laps
721,32,659,76,16,17,14,14,14,0,67,\N,\N,\N,\N,\N,\N,+3 Laps
722,32,442,145,21,20,15,15,15,0,65,\N,\N,\N,\N,\N,\N,+5 Laps
723,32,430,145,20,19,16,16,16,0,65,\N,\N,\N,\N,\N,\N,+5 Laps
724,32,376,135,7,7,17,R,17,0,52,\N,\N,\N,\N,\N,\N,Collision
725,32,791,76,17,16,18,R,18,0,47,\N,\N,\N,\N,\N,\N,Engine
726,32,206,111,10,18,19,R,19,0,46,\N,\N,\N,\N,\N,\N,Collision
727,32,53,93,11,9,20,R,20,0,41,\N,\N,\N,\N,\N,\N,Spun off
728,33,361,212,5,2,1,1,1,10,52,1:32:33.791,5553791,\N,\N,\N,\N,Finished
729,33,696,73,1,3,2,2,2,6,52,+1.883,5555674,\N,\N,\N,\N,Finished
730,33,376,135,7,5,3,3,3,4,52,+3.212,5557003,\N,\N,\N,\N,Finished
731,33,73,18,4,4,4,4,4,3,52,+26.526,5580317,\N,\N,\N,\N,Finished
732,33,127,93,12,10,5,5,5,2,52,+1:07.120,5620911,\N,\N,\N,\N,Finished
733,33,274,172,15,7,6,6,6,1,52,+1:21.186,5634977,\N,\N,\N,\N,Finished
734,33,577,111,9,12,7,7,7,0,52,+1:24.510,5638301,\N,\N,\N,\N,Finished
735,33,183,135,8,8,8,8,8,0,52,+1:25.233,5639024,\N,\N,\N,\N,Finished
736,33,53,93,11,11,9,9,9,0,52,+1:41.065,5654856,\N,\N,\N,\N,Finished
737,33,354,172,14,13,10,10,10,0,52,+1:41.799,5655590,\N,\N,\N,\N,Finished
738,33,791,76,17,17,11,11,11,0,51,\N,\N,\N,\N,\N,\N,+1 Lap
739,33,430,145,20,18,12,12,12,0,50,\N,\N,\N,\N,\N,\N,+2 Laps
740,33,659,76,16,19,13,13,13,0,50,\N,\N,\N,\N,\N,\N,+2 Laps
741,33,383,73,2,6,14,R,14,0,39,\N,\N,\N,\N,\N,\N,Collision
742,33,402,205,18,14,15,R,15,0,37,\N,\N,\N,\N,\N,\N,Engine
743,33,796,212,6,1,16,R,16,0,36,\N,\N,\N,\N,\N,\N,Wheel
744,33,674,205,19,15,17,R,17,0,20,\N,\N,\N,\N,\N,\N,Engine
745,33,206,111,10,16,18,R,18,0,13,\N,\N,\N,\N,\N,\N,Spun off
746,33,13,18,3,9,19,R,19,0,0,\N,\N,\N,\N,\N,\N,Spun off
747,34,183,135,10,4,1,1,1,10,58,1:30:28.718,5428718,\N,\N,\N,\N,Finished
748,34,696,73,5,3,2,2,2,6,58,+20.046,5448764,\N,\N,\N,\N,Finished
749,34,376,135,9,6,3,3,3,4,58,+22.177,5450895,\N,\N,\N,\N,Finished
750,34,73,18,8,10,4,4,4,3,58,+22.841,5451559,\N,\N,\N,\N,Finished
751,34,577,161,14,9,5,5,5,2,58,+1:00.308,5489026,\N,\N,\N,\N,Finished
752,34,434,172,17,13,6,6,6,1,58,+1:36.040,5524758,\N,\N,\N,\N,Finished
753,34,544,161,15,16,7,7,7,0,56,\N,\N,\N,\N,\N,\N,+2 Laps
754,34,274,212,4,2,8,8,8,0,55,\N,\N,\N,\N,\N,\N,Brakes
755,34,778,145,21,17,9,9,9,0,55,\N,\N,\N,\N,\N,\N,+3 Laps
756,34,206,10,2,22,10,10,10,0,54,\N,\N,\N,\N,\N,\N,+4 Laps
757,34,53,189,22,11,11,R,11,0,49,\N,\N,\N,\N,\N,\N,Engine
758,34,674,205,19,18,12,R,12,0,42,\N,\N,\N,\N,\N,\N,Engine
759,34,482,189,23,19,13,R,13,0,36,\N,\N,\N,\N,\N,\N,Suspension
760,34,13,18,7,8,14,R,14,0,34,\N,\N,\N,\N,\N,\N,Fuel
761,34,402,145,20,15,15,R,15,0,32,\N,\N,\N,\N,\N,\N,Electrical
762,34,250,93,12,14,16,R,16,0,14,\N,\N,\N,\N,\N,\N,Spun off
763,34,791,205,18,21,17,R,17,0,2,\N,\N,\N,\N,\N,\N,Spun off
764,34,697,93,11,12,18,R,18,0,1,\N,\N,\N,\N,\N,\N,Gearbox
765,34,796,212,3,1,19,R,19,0,0,\N,\N,\N,\N,\N,\N,Collision
766,34,383,73,6,5,20,R,20,0,0,\N,\N,\N,\N,\N,\N,Collision
767,34,354,172,16,7,21,R,21,0,0,\N,\N,\N,\N,\N,\N,Collision
768,34,361,10,1,20,22,W,22,0,0,\N,\N,\N,\N,\N,\N,Throttle
769,35,796,212,3,1,1,1,1,10,72,1:36:06.990,5766990,\N,\N,\N,\N,Finished
770,35,73,18,8,3,2,2,2,6,72,+4.190,5771180,\N,\N,\N,\N,Finished
771,35,577,161,14,5,3,3,3,4,72,+15.870,5782860,\N,\N,\N,\N,Finished
772,35,376,135,9,4,4,4,4,3,72,+33.033,5800023,\N,\N,\N,\N,Finished
773,35,696,73,5,2,5,5,5,2,72,+33.731,5800721,\N,\N,\N,\N,Finished
774,35,13,18,7,6,6,6,6,1,72,+34.020,5801010,\N,\N,\N,\N,Finished
775,35,354,172,16,13,7,7,7,0,72,+50.912,5817902,\N,\N,\N,\N,Finished
776,35,250,93,12,7,8,8,8,0,72,+1:00.639,5827629,\N,\N,\N,\N,Finished
777,35,274,212,4,8,9,9,9,0,72,+1:15.402,5842392,\N,\N,\N,\N,Finished
778,35,183,135,10,12,10,10,10,0,71,\N,\N,\N,\N,\N,\N,+1 Lap
779,35,434,172,17,19,11,11,11,0,71,\N,\N,\N,\N,\N,\N,+1 Lap
780,35,778,145,21,17,12,12,12,0,71,\N,\N,\N,\N,\N,\N,+1 Lap
781,35,674,205,19,22,13,13,13,0,71,\N,\N,\N,\N,\N,\N,+1 Lap
782,35,544,161,15,15,14,14,14,0,71,\N,\N,\N,\N,\N,\N,+1 Lap
783,35,791,205,18,21,15,15,15,0,70,\N,\N,\N,\N,\N,\N,+2 Laps
784,35,383,73,6,14,16,16,16,0,70,\N,\N,\N,\N,\N,\N,+2 Laps
785,35,361,10,1,9,17,17,17,0,68,\N,\N,\N,\N,\N,\N,Engine
786,35,402,145,20,18,18,18,18,0,67,\N,\N,\N,\N,\N,\N,+5 Laps
787,35,697,93,11,10,19,R,19,0,52,\N,\N,\N,\N,\N,\N,Electrical
788,35,53,189,22,11,20,R,20,0,16,\N,\N,\N,\N,\N,\N,Suspension
789,35,206,10,2,16,21,R,21,0,15,\N,\N,\N,\N,\N,\N,Suspension
790,35,482,189,23,20,22,R,22,0,0,\N,\N,\N,\N,\N,\N,Accident
791,36,796,212,3,1,1,1,1,10,72,1:52:01.715,6721715,\N,\N,\N,\N,Finished
792,36,383,73,6,7,2,2,2,6,72,+0.979,6722694,\N,\N,\N,\N,Finished
793,36,697,93,11,6,3,3,3,4,72,+12.089,6733804,\N,\N,\N,\N,Finished
794,36,354,172,16,8,4,4,4,3,72,+29.919,6751634,\N,\N,\N,\N,Finished
795,36,376,135,9,17,5,5,5,2,72,+30.351,6752066,\N,\N,\N,\N,Finished
796,36,73,18,8,12,6,6,6,1,72,+31.393,6753108,\N,\N,\N,\N,Finished
797,36,13,18,7,11,7,7,7,0,72,+46.359,6768074,\N,\N,\N,\N,Finished
798,36,674,205,19,19,8,8,8,0,71,\N,\N,\N,\N,\N,\N,+1 Lap
799,36,778,145,21,18,9,9,9,0,71,\N,\N,\N,\N,\N,\N,+1 Lap
800,36,482,189,23,15,10,10,10,0,66,\N,\N,\N,\N,\N,\N,Engine
801,36,434,172,17,14,11,R,11,0,63,\N,\N,\N,\N,\N,\N,Spun off
802,36,206,10,2,22,12,R,12,0,50,\N,\N,\N,\N,\N,\N,Engine
803,36,544,161,15,20,13,R,13,0,49,\N,\N,\N,\N,\N,\N,Engine
804,36,791,205,18,16,14,R,14,0,43,\N,\N,\N,\N,\N,\N,Engine
805,36,402,145,20,21,15,R,15,0,37,\N,\N,\N,\N,\N,\N,Spun off
806,36,361,10,1,13,16,R,16,0,33,\N,\N,\N,\N,\N,\N,Engine
807,36,250,93,12,9,17,R,17,0,24,\N,\N,\N,\N,\N,\N,Collision
808,36,53,189,22,5,18,R,18,0,24,\N,\N,\N,\N,\N,\N,Hydraulics
809,36,577,161,14,3,19,R,19,0,18,\N,\N,\N,\N,\N,\N,Electrical
810,36,274,212,4,2,20,R,20,0,5,\N,\N,\N,\N,\N,\N,Clutch
811,36,696,73,5,4,21,R,21,0,0,\N,\N,\N,\N,\N,\N,Collision
812,36,183,135,10,10,22,R,22,0,0,\N,\N,\N,\N,\N,\N,Collision
813,37,274,212,4,2,1,1,1,10,62,1:31:00.673,5460673,\N,\N,\N,\N,Finished
814,37,696,73,5,3,2,2,2,6,62,+1.237,5461910,\N,\N,\N,\N,Finished
815,37,383,73,6,9,3,3,3,4,62,+1:18.343,5539016,\N,\N,\N,\N,Finished
816,37,250,93,12,6,4,4,4,3,62,+1:23.388,5544061,\N,\N,\N,\N,Finished
817,37,13,18,7,14,5,5,5,2,61,\N,\N,\N,\N,\N,\N,+1 Lap
818,37,376,135,9,8,6,6,6,1,61,\N,\N,\N,\N,\N,\N,+1 Lap
819,37,434,172,17,12,7,7,7,0,61,\N,\N,\N,\N,\N,\N,+1 Lap
820,37,577,161,14,4,8,8,8,0,61,\N,\N,\N,\N,\N,\N,+1 Lap
821,37,674,205,19,19,9,9,9,0,60,\N,\N,\N,\N,\N,\N,+2 Laps
822,37,791,205,18,21,10,10,10,0,60,\N,\N,\N,\N,\N,\N,+2 Laps
823,37,402,145,20,22,11,11,11,0,59,\N,\N,\N,\N,\N,\N,+3 Laps
824,37,206,10,2,17,12,R,12,0,53,\N,\N,\N,\N,\N,\N,Gearbox
825,37,796,212,3,1,13,R,13,0,40,\N,\N,\N,\N,\N,\N,Gearbox
826,37,183,135,10,10,14,R,14,0,38,\N,\N,\N,\N,\N,\N,Engine
827,37,53,189,22,13,15,R,15,0,32,\N,\N,\N,\N,\N,\N,Engine
828,37,354,172,16,7,16,R,16,0,18,\N,\N,\N,\N,\N,\N,Electrical
829,37,697,93,11,5,17,R,17,0,17,\N,\N,\N,\N,\N,\N,Transmission
830,37,544,161,15,18,18,R,18,0,11,\N,\N,\N,\N,\N,\N,Collision
831,37,361,10,1,15,19,R,19,0,11,\N,\N,\N,\N,\N,\N,Collision
832,37,73,18,8,11,20,R,20,0,4,\N,\N,\N,\N,\N,\N,Spun off
833,37,482,189,23,16,21,R,21,0,2,\N,\N,\N,\N,\N,\N,Spun off
834,37,778,145,21,20,22,W,22,0,0,\N,\N,\N,\N,\N,\N,Gearbox
835,38,696,73,5,2,1,1,1,10,62,2:00:05.654,7205654,\N,\N,\N,\N,Finished
836,38,53,189,22,10,2,2,2,6,62,+53.306,7258960,\N,\N,\N,\N,Finished
837,38,383,73,6,15,3,3,3,4,62,+1:22.108,7287762,\N,\N,\N,\N,Finished
838,38,577,161,14,12,4,4,4,3,62,+1:44.402,7310056,\N,\N,\N,\N,Finished
839,38,674,205,19,14,5,5,5,2,61,\N,\N,\N,\N,\N,\N,+1 Lap
840,38,250,93,12,4,6,6,6,1,61,\N,\N,\N,\N,\N,\N,+1 Lap
841,38,482,189,23,19,7,7,7,0,61,\N,\N,\N,\N,\N,\N,+1 Lap
842,38,791,205,18,22,8,8,8,0,60,\N,\N,\N,\N,\N,\N,+2 Laps
843,38,73,18,8,17,9,9,9,0,60,\N,\N,\N,\N,\N,\N,+2 Laps
844,38,402,145,20,20,10,10,10,0,60,\N,\N,\N,\N,\N,\N,+2 Laps
845,38,274,212,4,1,11,R,11,0,39,\N,\N,\N,\N,\N,\N,Spun off
846,38,544,161,15,21,12,R,12,0,36,\N,\N,\N,\N,\N,\N,Spun off
847,38,434,172,17,11,13,R,13,0,24,\N,\N,\N,\N,\N,\N,Spun off
848,38,13,18,7,9,14,R,14,0,16,\N,\N,\N,\N,\N,\N,Spun off
849,38,796,212,3,3,15,R,15,0,16,\N,\N,\N,\N,\N,\N,Spun off
850,38,697,93,11,6,16,R,16,0,10,\N,\N,\N,\N,\N,\N,Spun off
851,38,354,172,16,7,17,R,17,0,9,\N,\N,\N,\N,\N,\N,Spun off
852,38,778,145,21,18,18,R,18,0,7,\N,\N,\N,\N,\N,\N,Spun off
853,38,183,135,10,5,19,R,19,0,1,\N,\N,\N,\N,\N,\N,Spun off
854,38,376,135,9,8,20,R,20,0,1,\N,\N,\N,\N,\N,\N,Collision
855,38,361,10,1,13,21,R,21,0,1,\N,\N,\N,\N,\N,\N,Collision
856,38,206,10,2,16,22,R,22,0,0,\N,\N,\N,\N,\N,\N,Spun off
857,39,796,212,3,1,1,1,1,10,64,1:30:35.896,5435896,\N,\N,\N,\N,Finished
858,39,577,161,14,12,2,2,2,6,64,+5.804,5441700,\N,\N,\N,\N,Finished
859,39,13,18,7,4,3,3,3,4,64,+12.534,5448430,\N,\N,\N,\N,Finished
860,39,696,73,5,7,4,4,4,3,64,+17.979,5453875,\N,\N,\N,\N,Finished
861,39,354,172,16,10,5,5,5,2,64,+27.986,5463882,\N,\N,\N,\N,Finished
862,39,183,135,10,3,6,6,6,1,64,+29.744,5465640,\N,\N,\N,\N,Finished
863,39,376,135,9,5,7,7,7,0,64,+48.785,5484681,\N,\N,\N,\N,Finished
864,39,274,212,4,2,8,8,8,0,64,+1:04.139,5500035,\N,\N,\N,\N,Finished
865,39,250,93,12,8,9,9,9,0,64,+1:04.767,5500663,\N,\N,\N,\N,Finished
866,39,73,18,8,6,10,10,10,0,64,+1:05.670,5501566,\N,\N,\N,\N,Finished
867,39,791,205,18,19,11,11,11,0,63,\N,\N,\N,\N,\N,\N,+1 Lap
868,39,383,73,6,11,12,12,12,0,63,\N,\N,\N,\N,\N,\N,+1 Lap
869,39,482,189,23,22,13,13,13,0,63,\N,\N,\N,\N,\N,\N,+1 Lap
870,39,533,172,17,13,14,14,14,0,62,\N,\N,\N,\N,\N,\N,+2 Laps
871,39,778,145,21,18,15,15,15,0,62,\N,\N,\N,\N,\N,\N,+2 Laps
872,39,206,10,2,21,16,R,16,0,53,\N,\N,\N,\N,\N,\N,Engine
873,39,697,93,11,9,17,R,17,0,50,\N,\N,\N,\N,\N,\N,Engine
874,39,53,189,22,17,18,R,18,0,37,\N,\N,\N,\N,\N,\N,Engine
875,39,674,205,19,14,19,R,19,0,35,\N,\N,\N,\N,\N,\N,Puncture
876,39,544,161,15,16,20,R,20,0,34,\N,\N,\N,\N,\N,\N,Gearbox
877,39,361,10,1,15,21,R,21,0,17,\N,\N,\N,\N,\N,\N,Engine
878,39,402,145,20,20,22,R,22,0,11,\N,\N,\N,\N,\N,\N,Gearbox
879,40,696,73,5,1,1,1,1,10,54,1:17:40.646,4660646,\N,\N,\N,\N,Finished
880,40,13,18,7,8,2,2,2,6,54,+2.565,4663211,\N,\N,\N,\N,Finished
881,40,250,93,12,6,3,3,3,4,54,+3.219,4663865,\N,\N,\N,\N,Finished
882,40,274,212,4,4,4,4,4,3,54,+3.768,4664414,\N,\N,\N,\N,Finished
883,40,354,172,16,13,5,5,5,2,54,+4.716,4665362,\N,\N,\N,\N,Finished
884,40,544,161,15,19,6,6,6,1,54,+36.701,4697347,\N,\N,\N,\N,Finished
885,40,183,135,10,5,7,7,7,0,54,+37.753,4698399,\N,\N,\N,\N,Finished
886,40,206,10,2,16,8,8,8,0,53,\N,\N,\N,\N,\N,\N,+1 Lap
887,40,361,10,1,15,9,9,9,0,53,\N,\N,\N,\N,\N,\N,+1 Lap
888,40,533,172,17,18,10,10,10,0,53,\N,\N,\N,\N,\N,\N,+1 Lap
889,40,577,161,14,10,11,11,11,0,51,\N,\N,\N,\N,\N,\N,Spun off
890,40,674,205,19,17,12,R,12,0,46,\N,\N,\N,\N,\N,\N,Engine
891,40,791,205,18,14,13,R,13,0,42,\N,\N,\N,\N,\N,\N,Gearbox
892,40,837,18,8,11,14,R,14,0,35,\N,\N,\N,\N,\N,\N,Transmission
893,40,53,189,22,3,15,R,15,0,33,\N,\N,\N,\N,\N,\N,Gearbox
894,40,778,145,21,20,16,R,16,0,32,\N,\N,\N,\N,\N,\N,Engine
895,40,697,93,11,7,17,R,17,0,14,\N,\N,\N,\N,\N,\N,Accident
896,40,402,145,20,22,18,R,18,0,5,\N,\N,\N,\N,\N,\N,Spun off
897,40,796,212,3,2,19,R,19,0,1,\N,\N,\N,\N,\N,\N,Accident
898,40,376,135,9,9,20,R,20,0,0,\N,\N,\N,\N,\N,\N,Engine
899,40,383,73,6,12,21,R,21,0,0,\N,\N,\N,\N,\N,\N,Accident
900,40,482,189,23,21,22,R,22,0,0,\N,\N,\N,\N,\N,\N,Spun off
901,41,696,73,5,1,1,1,1,10,72,1:38:50.492,5930492,\N,\N,\N,\N,Finished
902,41,274,212,4,2,2,2,2,6,72,+23.537,5954029,\N,\N,\N,\N,Finished
903,41,383,73,6,5,3,3,3,4,72,+1:14.801,6005293,\N,\N,\N,\N,Finished
904,41,796,212,3,4,4,4,4,3,72,+1:21.784,6012276,\N,\N,\N,\N,Finished
905,41,13,18,7,8,5,5,5,2,72,+1:22.735,6013227,\N,\N,\N,\N,Finished
906,41,697,93,11,3,6,6,6,1,72,+1:29.871,6020363,\N,\N,\N,\N,Finished
907,41,183,135,10,9,7,7,7,0,71,\N,\N,\N,\N,\N,\N,Collision
908,41,354,172,16,14,8,8,8,0,71,\N,\N,\N,\N,\N,\N,+1 Lap
909,41,250,93,12,11,9,9,9,0,71,\N,\N,\N,\N,\N,\N,+1 Lap
910,41,778,161,14,6,10,10,10,0,70,\N,\N,\N,\N,\N,\N,+2 Laps
911,41,402,145,20,21,11,11,11,0,70,\N,\N,\N,\N,\N,\N,+2 Laps
912,41,361,10,1,17,12,12,12,0,69,\N,\N,\N,\N,\N,\N,+3 Laps
913,41,674,205,19,19,13,R,13,0,61,\N,\N,\N,\N,\N,\N,Electrical
914,41,837,18,8,7,14,R,14,0,60,\N,\N,\N,\N,\N,\N,Spun off
915,41,206,10,2,16,15,R,15,0,58,\N,\N,\N,\N,\N,\N,Spun off
916,41,264,172,17,20,16,R,16,0,40,\N,\N,\N,\N,\N,\N,Spun off
917,41,53,189,22,13,17,R,17,0,36,\N,\N,\N,\N,\N,\N,Engine
918,41,482,189,23,15,18,R,18,0,33,\N,\N,\N,\N,\N,\N,Brakes
919,41,376,135,9,10,19,R,19,0,18,\N,\N,\N,\N,\N,\N,Engine
920,41,791,205,18,18,20,R,20,0,15,\N,\N,\N,\N,\N,\N,Spun off
921,41,544,161,15,12,21,R,21,0,7,\N,\N,\N,\N,\N,\N,Spun off
922,41,493,145,21,22,22,R,22,0,5,\N,\N,\N,\N,\N,\N,Engine
923,42,796,212,3,1,1,1,1,10,59,1:28:01.665,5281665,\N,\N,\N,\N,Finished
924,42,13,18,7,11,2,2,2,6,59,+10.205,5291870,\N,\N,\N,\N,Finished
925,42,837,18,8,8,3,3,3,4,59,+11.296,5292961,\N,\N,\N,\N,Finished
926,42,183,135,10,6,4,4,4,3,59,+31.229,5312894,\N,\N,\N,\N,Finished
927,42,697,93,11,5,5,5,5,2,59,+31.880,5313545,\N,\N,\N,\N,Finished
928,42,361,10,1,12,6,6,6,1,59,+1:13.552,5355217,\N,\N,\N,\N,Finished
929,42,250,93,12,10,7,7,7,0,58,\N,\N,\N,\N,\N,\N,+1 Lap
930,42,778,161,14,13,8,8,8,0,58,\N,\N,\N,\N,\N,\N,+1 Lap
931,42,264,172,17,14,9,9,9,0,58,\N,\N,\N,\N,\N,\N,+1 Lap
932,42,493,145,21,21,10,10,10,0,58,\N,\N,\N,\N,\N,\N,+1 Lap
933,42,544,161,15,15,11,11,11,0,57,\N,\N,\N,\N,\N,\N,Engine
934,42,376,135,9,3,12,R,12,0,52,\N,\N,\N,\N,\N,\N,Engine
935,42,482,189,23,16,13,R,13,0,50,\N,\N,\N,\N,\N,\N,Engine
936,42,791,205,18,20,14,R,14,0,45,\N,\N,\N,\N,\N,\N,Engine
937,42,383,73,6,7,15,R,15,0,44,\N,\N,\N,\N,\N,\N,Halfshaft
938,42,674,205,19,18,16,R,16,0,44,\N,\N,\N,\N,\N,\N,Engine
939,42,354,172,16,9,17,R,17,0,42,\N,\N,\N,\N,\N,\N,Electrical
940,42,696,73,5,4,18,R,18,0,38,\N,\N,\N,\N,\N,\N,Wheel
941,42,53,189,22,22,19,R,19,0,37,\N,\N,\N,\N,\N,\N,Engine
942,42,206,10,2,17,20,R,20,0,29,\N,\N,\N,\N,\N,\N,Engine
943,42,274,212,4,2,21,R,21,0,0,\N,\N,\N,\N,\N,\N,Collision
944,42,402,145,20,19,22,R,22,0,0,\N,\N,\N,\N,\N,\N,Spun off
945,43,73,18,8,1,1,1,1,10,45,1:20:59.046,4859046,\N,\N,\N,\N,Finished
946,43,696,73,5,4,2,2,2,6,45,+17.527,4876573,\N,\N,\N,\N,Finished
947,43,376,135,9,3,3,3,3,4,45,+24.770,4883816,\N,\N,\N,\N,Finished
948,43,778,161,14,11,4,4,4,3,45,+27.165,4886211,\N,\N,\N,\N,Finished
949,43,697,93,11,7,5,5,5,2,45,+29.995,4889041,\N,\N,\N,\N,Finished
950,43,13,18,7,6,6,6,6,1,45,+34.717,4893763,\N,\N,\N,\N,Finished
951,43,544,161,15,17,7,7,7,0,45,+1:19.722,4938768,\N,\N,\N,\N,Finished
952,43,361,10,1,13,8,8,8,0,44,\N,\N,\N,\N,\N,\N,+1 Lap
953,43,264,172,17,18,9,9,9,0,44,\N,\N,\N,\N,\N,\N,+1 Lap
954,43,791,205,18,20,10,10,10,0,44,\N,\N,\N,\N,\N,\N,+1 Lap
955,43,250,93,12,2,11,11,11,0,40,\N,\N,\N,\N,\N,\N,+5 Laps
956,43,53,189,22,12,12,R,12,0,33,\N,\N,\N,\N,\N,\N,Engine
957,43,674,205,19,19,13,R,13,0,33,\N,\N,\N,\N,\N,\N,Clutch
958,43,796,212,3,9,14,R,14,0,33,\N,\N,\N,\N,\N,\N,Spun off
959,43,482,189,23,15,15,R,15,0,27,\N,\N,\N,\N,\N,\N,Engine
960,43,402,145,20,22,16,R,16,0,23,\N,\N,\N,\N,\N,\N,Out of fuel
961,43,354,172,16,14,17,R,17,0,8,\N,\N,\N,\N,\N,\N,Accident
962,43,206,10,2,16,18,R,18,0,8,\N,\N,\N,\N,\N,\N,Accident
963,43,183,135,10,8,19,R,19,0,1,\N,\N,\N,\N,\N,\N,Transmission
964,43,274,212,4,5,20,R,20,0,1,\N,\N,\N,\N,\N,\N,Collision
965,43,383,73,6,10,21,R,21,0,1,\N,\N,\N,\N,\N,\N,Collision
966,43,493,145,21,21,22,R,22,0,0,\N,\N,\N,\N,\N,\N,Gearbox
967,44,796,212,3,2,1,1,1,10,77,1:45:47.149,6347149,\N,\N,\N,\N,Finished
968,44,361,10,1,3,2,2,2,6,77,+9.079,6356228,\N,\N,\N,\N,Finished
969,44,354,172,16,10,3,3,3,4,77,+20.445,6367594,\N,\N,\N,\N,Finished
970,44,696,73,5,1,4,4,4,3,77,+30.501,6377650,\N,\N,\N,\N,Finished
971,44,697,93,11,14,5,5,5,2,77,+30.715,6377864,\N,\N,\N,\N,Finished
972,44,544,161,15,16,6,6,6,1,77,+41.512,6388661,\N,\N,\N,\N,Finished
973,44,778,161,14,12,7,7,7,0,77,+1:15.552,6422701,\N,\N,\N,\N,Finished
974,44,73,18,8,7,8,8,8,0,77,+1:16.409,6423558,\N,\N,\N,\N,Finished
975,44,383,73,6,5,9,9,9,0,76,\N,\N,\N,\N,\N,\N,Spun off
976,44,402,145,20,20,10,10,10,0,76,\N,\N,\N,\N,\N,\N,+1 Lap
977,44,13,18,7,9,11,11,11,0,76,\N,\N,\N,\N,\N,\N,+1 Lap
978,44,493,145,21,22,12,12,12,0,75,\N,\N,\N,\N,\N,\N,+2 Laps
979,44,674,205,19,21,13,13,13,0,75,\N,\N,\N,\N,\N,\N,+2 Laps
980,44,183,135,10,8,14,R,14,0,65,\N,\N,\N,\N,\N,\N,Electrical
981,44,791,205,18,18,15,R,15,0,61,\N,\N,\N,\N,\N,\N,Gearbox
982,44,206,10,2,19,16,R,16,0,53,\N,\N,\N,\N,\N,\N,Electrical
983,44,250,93,12,13,17,R,17,0,42,\N,\N,\N,\N,\N,\N,Spun off
984,44,274,212,4,6,18,R,18,0,29,\N,\N,\N,\N,\N,\N,Fuel
985,44,53,189,22,11,19,R,19,0,29,\N,\N,\N,\N,\N,\N,Engine
986,44,376,135,9,4,20,R,20,0,12,\N,\N,\N,\N,\N,\N,Hydraulics
987,44,533,172,17,15,21,R,21,0,7,\N,\N,\N,\N,\N,\N,Engine
988,44,482,189,23,17,22,R,22,0,5,\N,\N,\N,\N,\N,\N,Accident
989,45,696,73,5,3,1,1,1,10,44,1:33:46.717,5626717,\N,\N,\N,\N,Finished
990,45,250,93,12,4,2,2,2,6,44,+26.753,5653470,\N,\N,\N,\N,Finished
991,45,274,212,4,7,3,3,3,4,44,+32.147,5658864,\N,\N,\N,\N,Finished
992,45,354,172,16,11,4,4,4,3,44,+39.025,5665742,\N,\N,\N,\N,Finished
993,45,796,212,3,1,5,5,5,2,44,+42.103,5668820,\N,\N,\N,\N,Finished
994,45,73,18,8,15,6,6,6,1,44,+1:03.741,5690458,\N,\N,\N,\N,Finished
995,45,206,10,2,8,7,7,7,0,44,+1:25.931,5712648,\N,\N,\N,\N,Finished
996,45,13,18,7,2,8,8,8,0,44,+1:42.008,5728725,\N,\N,\N,\N,Finished
997,45,533,172,17,13,9,9,9,0,44,+1:42.582,5729299,\N,\N,\N,\N,Finished
998,45,383,73,6,17,10,10,10,0,43,\N,\N,\N,\N,\N,\N,+1 Lap
999,45,674,205,19,19,11,11,11,0,43,\N,\N,\N,\N,\N,\N,+1 Lap
1000,45,482,189,23,18,12,12,12,0,43,\N,\N,\N,\N,\N,\N,+1 Lap
1001,45,361,10,1,9,13,13,13,0,42,\N,\N,\N,\N,\N,\N,+2 Laps
1002,45,402,145,20,20,14,14,14,0,42,\N,\N,\N,\N,\N,\N,+2 Laps
1003,45,778,161,14,14,15,15,15,0,42,\N,\N,\N,\N,\N,\N,+2 Laps
1004,45,376,135,9,5,16,D,16,0,44,\N,\N,\N,\N,\N,\N,Disqualified
1005,45,791,205,18,21,17,R,17,0,25,\N,\N,\N,\N,\N,\N,Spun off
1006,45,697,93,11,6,18,R,18,0,21,\N,\N,\N,\N,\N,\N,Spun off
1007,45,183,135,10,10,19,R,19,0,19,\N,\N,\N,\N,\N,\N,Spun off
1008,45,493,145,21,22,20,R,20,0,18,\N,\N,\N,\N,\N,\N,Spun off
1009,45,53,189,22,12,21,R,21,0,8,\N,\N,\N,\N,\N,\N,Steering
1010,45,544,161,15,16,22,R,22,0,5,\N,\N,\N,\N,\N,\N,Electrical
1011,46,183,135,10,6,1,1,1,10,53,1:17:04.609,4624609,\N,\N,\N,\N,Finished
1012,46,13,18,7,1,2,2,2,6,53,+1.937,4626546,\N,\N,\N,\N,Finished
1013,46,274,212,4,2,3,3,3,4,53,+4.343,4628952,\N,\N,\N,\N,Finished
1014,46,250,93,12,3,4,4,4,3,53,+5.871,4630480,\N,\N,\N,\N,Finished
1015,46,796,212,3,4,5,5,5,2,53,+6.416,4631025,\N,\N,\N,\N,Finished
1016,46,696,73,5,9,6,6,6,1,53,+11.481,4636090,\N,\N,\N,\N,Finished
1017,46,73,18,8,7,7,7,7,0,53,+12.471,4637080,\N,\N,\N,\N,Finished
1018,46,383,73,6,10,8,8,8,0,53,+17.639,4642248,\N,\N,\N,\N,Finished
1019,46,376,135,9,5,9,9,9,0,53,+49.373,4673982,\N,\N,\N,\N,Finished
1020,46,778,161,14,16,10,10,10,0,53,+1:02.706,4687315,\N,\N,\N,\N,Finished
1021,46,544,161,15,15,11,11,11,0,53,+1:03.327,4687936,\N,\N,\N,\N,Finished
1022,46,533,172,17,18,12,12,12,0,52,\N,\N,\N,\N,\N,\N,+1 Lap
1023,46,53,189,22,11,13,13,13,0,52,\N,\N,\N,\N,\N,\N,+1 Lap
1024,46,493,145,21,22,14,14,14,0,50,\N,\N,\N,\N,\N,\N,+3 Laps
1025,46,361,10,1,14,15,R,15,0,46,\N,\N,\N,\N,\N,\N,Engine
1026,46,697,93,11,8,16,R,16,0,39,\N,\N,\N,\N,\N,\N,Collision
1027,46,354,172,16,12,17,R,17,0,38,\N,\N,\N,\N,\N,\N,Collision
1028,46,674,205,19,19,18,R,18,0,33,\N,\N,\N,\N,\N,\N,Engine
1029,46,482,189,23,13,19,R,19,0,31,\N,\N,\N,\N,\N,\N,Transmission
1030,46,791,205,18,20,20,R,20,0,12,\N,\N,\N,\N,\N,\N,Gearbox
1031,46,402,145,20,21,21,R,21,0,8,\N,\N,\N,\N,\N,\N,Spun off
1032,46,206,10,2,17,22,R,22,0,4,\N,\N,\N,\N,\N,\N,Suspension
1033,47,796,212,3,1,1,1,1,10,71,1:27:35.999,5255999,\N,\N,\N,\N,Finished
1034,47,183,135,10,10,2,2,2,6,71,+2.909,5258908,\N,\N,\N,\N,Finished
1035,47,274,212,4,4,3,3,3,4,71,+3.962,5259961,\N,\N,\N,\N,Finished
1036,47,250,93,12,14,4,4,4,3,71,+12.127,5268126,\N,\N,\N,\N,Finished
1037,47,697,93,11,11,5,5,5,2,71,+31.859,5287858,\N,\N,\N,\N,Finished
1038,47,696,73,5,9,6,6,6,1,71,+33.410,5289409,\N,\N,\N,\N,Finished
1039,47,361,10,1,7,7,7,7,0,71,+37.207,5293206,\N,\N,\N,\N,Finished
1040,47,354,172,16,12,8,8,8,0,71,+49.057,5305056,\N,\N,\N,\N,Finished
1041,47,533,172,17,13,9,9,9,0,71,+1:06.455,5322454,\N,\N,\N,\N,Finished
1042,47,73,18,8,18,10,10,10,0,70,\N,\N,\N,\N,\N,\N,+1 Lap
1043,47,402,145,20,19,11,11,11,0,69,\N,\N,\N,\N,\N,\N,+2 Laps
1044,47,791,205,18,20,12,12,12,0,69,\N,\N,\N,\N,\N,\N,+2 Laps
1045,47,206,10,2,17,13,13,13,0,67,\N,\N,\N,\N,\N,\N,+4 Laps
1046,47,53,189,22,5,14,14,14,0,64,\N,\N,\N,\N,\N,\N,Spun off
1047,47,778,161,14,3,15,R,15,0,58,\N,\N,\N,\N,\N,\N,Engine
1048,47,482,189,23,6,16,R,16,0,58,\N,\N,\N,\N,\N,\N,Engine
1049,47,544,161,15,16,17,R,17,0,57,\N,\N,\N,\N,\N,\N,Engine
1050,47,674,205,19,21,18,R,18,0,48,\N,\N,\N,\N,\N,\N,Gearbox
1051,47,383,73,6,8,19,R,19,0,38,\N,\N,\N,\N,\N,\N,Collision
1052,47,13,18,7,15,20,R,20,0,37,\N,\N,\N,\N,\N,\N,Collision
1053,47,376,135,9,2,21,R,21,0,1,\N,\N,\N,\N,\N,\N,Engine
1054,47,493,145,21,0,22,D,22,0,0,\N,\N,\N,\N,\N,\N,Underweight
1055,48,796,212,3,2,1,1,1,10,67,1:31:27.843,5487843,\N,\N,\N,\N,Finished
1056,48,13,18,7,10,2,2,2,6,67,+11.770,5499613,\N,\N,\N,\N,Finished
1057,48,274,212,4,3,3,3,3,4,67,+13.480,5501323,\N,\N,\N,\N,Finished
1058,48,73,18,8,7,4,4,4,3,67,+16.416,5504259,\N,\N,\N,\N,Finished
1059,48,206,10,2,15,5,5,5,2,67,+43.147,5530990,\N,\N,\N,\N,Finished
1060,48,577,161,14,11,6,6,6,1,67,+43.750,5531593,\N,\N,\N,\N,Finished
1061,48,354,172,16,16,7,7,7,0,67,+44.354,5532197,\N,\N,\N,\N,Finished
1062,48,361,10,1,13,8,8,8,0,67,+44.777,5532620,\N,\N,\N,\N,Finished
1063,48,533,172,17,19,9,9,9,0,66,\N,\N,\N,\N,\N,\N,+1 Lap
1064,48,674,205,19,20,10,10,10,0,66,\N,\N,\N,\N,\N,\N,+1 Lap
1065,48,791,205,18,21,11,R,11,0,50,\N,\N,\N,\N,\N,\N,Spun off
1066,48,376,135,9,1,12,R,12,0,43,\N,\N,\N,\N,\N,\N,Engine
1067,48,53,189,22,9,13,R,13,0,43,\N,\N,\N,\N,\N,\N,Gearbox
1068,48,183,135,10,6,14,R,14,0,42,\N,\N,\N,\N,\N,\N,Engine
1069,48,482,189,23,12,15,R,15,0,40,\N,\N,\N,\N,\N,\N,Halfshaft
1070,48,383,73,6,14,16,R,16,0,22,\N,\N,\N,\N,\N,\N,Engine
1071,48,544,161,15,17,17,R,17,0,16,\N,\N,\N,\N,\N,\N,Engine
1072,48,696,73,5,5,18,R,18,0,2,\N,\N,\N,\N,\N,\N,Suspension
1073,48,493,145,21,18,19,R,19,0,1,\N,\N,\N,\N,\N,\N,Engine
1074,48,402,145,20,22,20,R,20,0,1,\N,\N,\N,\N,\N,\N,Collision
1075,48,250,93,12,4,21,R,21,0,0,\N,\N,\N,\N,\N,\N,Collision
1076,48,697,93,11,8,22,R,22,0,0,\N,\N,\N,\N,\N,\N,Collision
1077,49,696,73,5,2,1,1,1,10,53,1:29:48.446,5388446,\N,\N,\N,\N,Finished
1078,49,274,212,4,6,2,2,2,6,53,+1.378,5389824,\N,\N,\N,\N,Finished
1079,49,383,73,6,3,3,3,3,4,53,+26.384,5414830,\N,\N,\N,\N,Finished
1080,49,376,135,9,4,4,4,4,3,53,+27.129,5415575,\N,\N,\N,\N,Finished
1081,49,13,18,7,7,5,5,5,2,53,+40.403,5428849,\N,\N,\N,\N,Finished
1082,49,354,172,16,8,6,6,6,1,53,+41.630,5430076,\N,\N,\N,\N,Finished
1083,49,250,93,12,9,7,7,7,0,53,+56.825,5445271,\N,\N,\N,\N,Finished
1084,49,73,18,8,5,8,8,8,0,53,+1:00.429,5448875,\N,\N,\N,\N,Finished
1085,49,697,93,11,13,9,9,9,0,53,+1:22.036,5470482,\N,\N,\N,\N,Finished
1086,49,183,135,10,11,10,10,10,0,52,\N,\N,\N,\N,\N,\N,Engine
1087,49,361,10,1,17,11,11,11,0,52,\N,\N,\N,\N,\N,\N,+1 Lap
1088,49,206,10,2,16,12,12,12,0,52,\N,\N,\N,\N,\N,\N,+1 Lap
1089,49,791,205,18,21,13,13,13,0,52,\N,\N,\N,\N,\N,\N,+1 Lap
1090,49,796,212,3,1,14,D,14,0,53,\N,\N,\N,\N,\N,\N,Disqualified
1091,49,493,145,21,20,15,R,15,0,46,\N,\N,\N,\N,\N,\N,Gearbox
1092,49,674,205,19,22,16,R,16,0,46,\N,\N,\N,\N,\N,\N,Engine
1093,49,577,161,14,10,17,R,17,0,36,\N,\N,\N,\N,\N,\N,Engine
1094,49,544,161,15,15,18,R,18,0,22,\N,\N,\N,\N,\N,\N,Wheel bearing
1095,49,402,145,20,19,19,R,19,0,8,\N,\N,\N,\N,\N,\N,Engine
1096,49,53,189,22,12,20,R,20,0,6,\N,\N,\N,\N,\N,\N,Spun off
1097,49,482,189,23,14,21,R,21,0,3,\N,\N,\N,\N,\N,\N,Spun off
1098,49,533,172,17,0,22,W,22,0,0,\N,\N,\N,\N,\N,\N,Injury
1099,50,376,135,9,5,1,1,1,10,69,1:38:57.771,5937771,\N,\N,\N,\N,Finished
1100,50,183,135,10,6,2,2,2,6,69,+1.654,5939425,\N,\N,\N,\N,Finished
1101,50,796,212,3,1,3,3,3,4,69,+1.803,5939574,\N,\N,\N,\N,Finished
1102,50,73,18,8,8,4,4,4,3,69,+1.919,5939690,\N,\N,\N,\N,Finished
1103,50,383,73,6,7,5,5,5,2,69,+3.789,5941560,\N,\N,\N,\N,Finished
1104,50,274,212,4,3,6,6,6,1,69,+4.537,5942308,\N,\N,\N,\N,Finished
1105,50,577,161,14,9,7,7,7,0,69,+1:07.145,6004916,\N,\N,\N,\N,Finished
1106,50,354,172,16,14,8,8,8,0,69,+1:12.961,6010732,\N,\N,\N,\N,Finished
1107,50,482,189,23,11,9,9,9,0,69,+1:17.487,6015258,\N,\N,\N,\N,Finished
1108,50,544,161,15,15,10,10,10,0,69,+1:18.215,6015986,\N,\N,\N,\N,Finished
1109,50,250,93,12,17,11,11,11,0,68,\N,\N,\N,\N,\N,\N,+1 Lap
1110,50,674,205,19,21,12,12,12,0,68,\N,\N,\N,\N,\N,\N,+1 Lap
1111,50,13,18,7,10,13,13,13,0,68,\N,\N,\N,\N,\N,\N,+1 Lap
1112,50,264,172,17,18,14,14,14,0,68,\N,\N,\N,\N,\N,\N,+1 Lap
1113,50,493,145,21,20,15,15,15,0,68,\N,\N,\N,\N,\N,\N,+1 Lap
1114,50,791,205,18,22,16,16,16,0,68,\N,\N,\N,\N,\N,\N,+1 Lap
1115,50,402,145,20,19,17,17,17,0,68,\N,\N,\N,\N,\N,\N,+1 Lap
1116,50,696,73,5,2,18,R,18,0,47,\N,\N,\N,\N,\N,\N,Collision
1117,50,361,10,1,4,19,R,19,0,47,\N,\N,\N,\N,\N,\N,Gearbox
1118,50,697,93,11,16,20,R,20,0,44,\N,\N,\N,\N,\N,\N,Water leak
1119,50,53,189,22,12,21,R,21,0,30,\N,\N,\N,\N,\N,\N,Gearbox
1120,50,206,10,2,13,22,R,22,0,11,\N,\N,\N,\N,\N,\N,Spun off
1121,51,376,135,8,1,1,1,1,10,58,1:31,5506000,\N,\N,\N,\N,Finished
1122,51,183,135,7,2,2,2,2,6,58,+0.702,5506702,\N,\N,\N,\N,Finished
1123,51,274,212,2,6,3,3,3,4,57,\N,\N,\N,\N,\N,\N,+1 Lap
1124,51,383,73,4,8,4,4,4,3,57,\N,\N,\N,\N,\N,\N,+1 Lap
1125,51,796,212,1,4,5,5,5,2,57,\N,\N,\N,\N,\N,\N,+1 Lap
1126,51,354,172,15,5,6,6,6,1,57,\N,\N,\N,\N,\N,\N,+1 Lap
1127,51,837,18,6,11,7,7,7,0,57,\N,\N,\N,\N,\N,\N,+1 Lap
1128,51,361,93,9,10,8,8,8,0,57,\N,\N,\N,\N,\N,\N,+1 Lap
1129,51,577,161,11,21,9,9,9,0,57,\N,\N,\N,\N,\N,\N,+1 Lap
1130,51,250,18,5,7,10,R,10,0,43,\N,\N,\N,\N,\N,\N,Broken wing
1131,51,13,172,14,12,11,R,11,0,41,\N,\N,\N,\N,\N,\N,Engine
1132,51,778,161,12,15,12,R,12,0,26,\N,\N,\N,\N,\N,\N,Gearbox
1133,51,659,205,20,19,13,R,13,0,25,\N,\N,\N,\N,\N,\N,Gearbox
1134,51,674,10,17,16,14,R,14,0,23,\N,\N,\N,\N,\N,\N,Gearbox
1135,51,780,145,23,17,15,R,15,0,22,\N,\N,\N,\N,\N,\N,Engine
1136,51,544,145,22,22,16,R,16,0,8,\N,\N,\N,\N,\N,\N,Halfshaft
1137,51,696,73,3,3,17,R,17,0,5,\N,\N,\N,\N,\N,\N,Engine
1138,51,206,10,16,20,18,R,18,0,2,\N,\N,\N,\N,\N,\N,Gearbox
1139,51,697,93,10,9,19,R,19,0,1,\N,\N,\N,\N,\N,\N,Collision
1140,51,482,189,19,18,20,R,20,0,1,\N,\N,\N,\N,\N,\N,Collision
1141,51,752,205,21,13,21,R,21,0,1,\N,\N,\N,\N,\N,\N,Spun off
1142,51,53,189,18,14,22,R,22,0,0,\N,\N,\N,\N,\N,\N,Gearbox
1143,52,376,135,8,1,1,1,1,10,72,1:37:12.200,5832200,\N,\N,\N,\N,Finished
1144,52,183,135,7,2,2,2,2,6,72,+1.102,5833302,\N,\N,\N,\N,Finished
1145,52,696,73,3,4,3,3,3,4,72,+1:00.550,5892750,\N,\N,\N,\N,Finished
1146,52,837,18,6,5,4,4,4,3,72,+1:07.453,5899653,\N,\N,\N,\N,Finished
1147,52,274,212,2,3,5,5,5,2,71,\N,\N,\N,\N,\N,\N,+1 Lap
1148,52,250,18,5,7,6,6,6,1,71,\N,\N,\N,\N,\N,\N,+1 Lap
1149,52,796,212,1,10,7,7,7,0,71,\N,\N,\N,\N,\N,\N,+1 Lap
1150,52,383,73,4,6,8,8,8,0,71,\N,\N,\N,\N,\N,\N,+1 Lap
1151,52,13,172,14,15,9,9,9,0,71,\N,\N,\N,\N,\N,\N,+1 Lap
1152,52,482,189,19,16,10,10,10,0,70,\N,\N,\N,\N,\N,\N,+2 Laps
1153,52,354,172,15,14,11,11,11,0,67,\N,\N,\N,\N,\N,\N,Injury
1154,52,361,93,9,11,12,D,12,0,70,\N,\N,\N,\N,\N,\N,Disqualified
1155,52,577,161,11,9,13,R,13,0,63,\N,\N,\N,\N,\N,\N,Engine
1156,52,53,189,18,13,14,R,14,0,56,\N,\N,\N,\N,\N,\N,Gearbox
1157,52,659,205,20,21,15,R,15,0,52,\N,\N,\N,\N,\N,\N,Gearbox
1158,52,780,145,23,19,16,R,16,0,44,\N,\N,\N,\N,\N,\N,Throttle
1159,52,206,10,16,22,17,R,17,0,26,\N,\N,\N,\N,\N,\N,Gearbox
1160,52,752,205,21,17,18,R,18,0,19,\N,\N,\N,\N,\N,\N,Engine
1161,52,674,10,17,20,19,R,19,0,18,\N,\N,\N,\N,\N,\N,Engine
1162,52,778,161,12,12,20,R,20,0,17,\N,\N,\N,\N,\N,\N,Fuel pump
1163,52,544,145,22,18,21,R,21,0,3,\N,\N,\N,\N,\N,\N,Spun off
1164,52,697,93,10,8,22,R,22,0,0,\N,\N,\N,\N,\N,\N,Spun off
1165,53,696,73,3,2,1,1,1,10,72,1:48:36.100,6516100,\N,\N,\N,\N,Finished
1166,53,376,135,8,3,2,2,2,6,72,+22.898,6538998,\N,\N,\N,\N,Finished
1167,53,383,73,4,4,3,3,3,4,72,+57.745,6573845,\N,\N,\N,\N,Finished
1168,53,837,18,6,8,4,4,4,3,72,+1:08.134,6584234,\N,\N,\N,\N,Finished
1169,53,13,172,14,11,5,5,5,2,72,+1:18.286,6594386,\N,\N,\N,\N,Finished
1170,53,183,135,7,1,6,6,6,1,72,+1:19.751,6595851,\N,\N,\N,\N,Finished
1171,53,250,18,5,10,7,7,7,0,72,+1:28.437,6604537,\N,\N,\N,\N,Finished
1172,53,361,93,9,9,8,8,8,0,71,\N,\N,\N,\N,\N,\N,+1 Lap
1173,53,274,212,2,6,9,9,9,0,71,\N,\N,\N,\N,\N,\N,+1 Lap
1174,53,53,189,18,14,10,10,10,0,70,\N,\N,\N,\N,\N,\N,+2 Laps
1175,53,778,161,12,16,11,11,11,0,70,\N,\N,\N,\N,\N,\N,+2 Laps
1176,53,752,205,21,13,12,12,12,0,70,\N,\N,\N,\N,\N,\N,+2 Laps
1177,53,544,145,22,19,13,13,13,0,69,\N,\N,\N,\N,\N,\N,+3 Laps
1178,53,659,205,20,21,14,14,14,0,68,\N,\N,\N,\N,\N,\N,+4 Laps
1179,53,577,161,11,15,15,15,15,0,65,\N,\N,\N,\N,\N,\N,Engine
1180,53,780,145,23,20,16,R,16,0,63,\N,\N,\N,\N,\N,\N,Spun off
1181,53,796,212,1,7,17,R,17,0,52,\N,\N,\N,\N,\N,\N,Collision
1182,53,354,172,15,12,18,R,18,0,46,\N,\N,\N,\N,\N,\N,Collision
1183,53,697,93,10,5,19,R,19,0,22,\N,\N,\N,\N,\N,\N,Suspension
1184,53,674,10,17,17,20,R,20,0,18,\N,\N,\N,\N,\N,\N,Gearbox
1185,53,482,189,19,22,21,R,21,0,17,\N,\N,\N,\N,\N,\N,Transmission
1186,53,206,10,16,18,22,R,22,0,13,\N,\N,\N,\N,\N,\N,Gearbox
1187,54,183,135,7,1,1,1,1,10,62,1:34:25.400,5665400,\N,\N,\N,\N,Finished
1188,54,696,73,3,3,2,2,2,6,62,+4.554,5669954,\N,\N,\N,\N,Finished
1189,54,383,73,4,4,3,3,3,4,62,+51.775,5717175,\N,\N,\N,\N,Finished
1190,54,796,212,1,6,4,4,4,3,62,+54.590,5719990,\N,\N,\N,\N,Finished
1191,54,274,212,2,8,5,5,5,2,62,+1:17.476,5742876,\N,\N,\N,\N,Finished
1192,54,13,172,14,12,6,6,6,1,61,\N,\N,\N,\N,\N,\N,+1 Lap
1193,54,697,93,10,9,7,7,7,0,60,\N,\N,\N,\N,\N,\N,+2 Laps
1194,54,780,145,23,19,8,8,8,0,60,\N,\N,\N,\N,\N,\N,+2 Laps
1195,54,674,10,17,14,9,9,9,0,60,\N,\N,\N,\N,\N,\N,+2 Laps
1196,54,361,93,9,7,10,10,10,0,57,\N,\N,\N,\N,\N,\N,Hydraulics
1197,54,577,161,11,13,11,11,11,0,56,\N,\N,\N,\N,\N,\N,+6 Laps
1198,54,659,205,20,22,12,R,12,0,48,\N,\N,\N,\N,\N,\N,Engine
1199,54,752,205,21,15,13,R,13,0,40,\N,\N,\N,\N,\N,\N,Engine
1200,54,778,161,12,16,14,R,14,0,34,\N,\N,\N,\N,\N,\N,Throttle
1201,54,544,145,22,21,15,R,15,0,27,\N,\N,\N,\N,\N,\N,Engine
1202,54,206,10,16,18,16,R,16,0,18,\N,\N,\N,\N,\N,\N,Engine
1203,54,376,135,8,2,17,R,17,0,17,\N,\N,\N,\N,\N,\N,Gearbox
1204,54,250,18,5,10,18,R,18,0,17,\N,\N,\N,\N,\N,\N,Spun off
1205,54,837,18,6,5,19,R,19,0,17,\N,\N,\N,\N,\N,\N,Engine
1206,54,354,172,15,11,20,R,20,0,12,\N,\N,\N,\N,\N,\N,Puncture
1207,54,482,189,19,20,21,R,21,0,8,\N,\N,\N,\N,\N,\N,Transmission
1208,54,53,189,18,17,22,R,22,0,0,\N,\N,\N,\N,\N,\N,Spun off
1209,55,376,135,8,1,1,1,1,10,65,1:33:38.300,5618300,\N,\N,\N,\N,Finished
1210,55,183,135,7,2,2,2,2,6,65,+9.439,5627739,\N,\N,\N,\N,Finished
1211,55,696,73,3,3,3,3,3,4,65,+47.095,5665395,\N,\N,\N,\N,Finished
1212,55,837,18,6,5,4,4,4,3,65,+1:02.538,5680838,\N,\N,\N,\N,Finished
1213,55,53,189,18,9,5,5,5,2,64,\N,\N,\N,\N,\N,\N,+1 Lap
1214,55,796,212,1,10,6,6,6,1,64,\N,\N,\N,\N,\N,\N,+1 Lap
1215,55,354,172,15,7,7,7,7,0,64,\N,\N,\N,\N,\N,\N,+1 Lap
1216,55,274,212,2,13,8,8,8,0,63,\N,\N,\N,\N,\N,\N,+2 Laps
1217,55,778,161,12,16,9,9,9,0,63,\N,\N,\N,\N,\N,\N,+2 Laps
1218,55,13,172,14,14,10,10,10,0,63,\N,\N,\N,\N,\N,\N,+2 Laps
1219,55,697,93,10,11,11,11,11,0,63,\N,\N,\N,\N,\N,\N,+2 Laps
1220,55,482,189,19,18,12,12,12,0,63,\N,\N,\N,\N,\N,\N,+2 Laps
1221,55,752,205,21,21,13,13,13,0,63,\N,\N,\N,\N,\N,\N,+2 Laps
1222,55,544,145,22,20,14,14,14,0,63,\N,\N,\N,\N,\N,\N,+2 Laps
1223,55,780,145,23,19,15,15,15,0,63,\N,\N,\N,\N,\N,\N,+2 Laps
1224,55,577,161,11,12,16,16,16,0,60,\N,\N,\N,\N,\N,\N,+5 Laps
1225,55,361,93,9,8,17,R,17,0,46,\N,\N,\N,\N,\N,\N,Engine
1226,55,383,73,4,6,18,R,18,0,28,\N,\N,\N,\N,\N,\N,Collision
1227,55,250,18,5,4,19,R,19,0,28,\N,\N,\N,\N,\N,\N,Collision
1228,55,674,10,17,17,20,R,20,0,21,\N,\N,\N,\N,\N,\N,Engine
1229,55,206,10,16,15,21,R,21,0,20,\N,\N,\N,\N,\N,\N,Engine
1230,56,376,135,8,1,1,1,1,10,78,1:51:24.400,6684400,\N,\N,\N,\N,Finished
1231,56,250,18,5,3,2,2,2,6,78,+11.475,6695875,\N,\N,\N,\N,Finished
1232,56,383,73,4,7,3,3,3,4,78,+41.378,6725778,\N,\N,\N,\N,Finished
1233,56,674,10,17,8,4,4,4,3,78,+1:00.363,6744763,\N,\N,\N,\N,Finished
1234,56,796,212,1,13,5,5,5,2,77,\N,\N,\N,\N,\N,\N,+1 Lap
1235,56,206,10,16,12,6,6,6,1,77,\N,\N,\N,\N,\N,\N,+1 Lap
1236,56,354,172,15,9,7,7,7,0,77,\N,\N,\N,\N,\N,\N,+1 Lap
1237,56,361,93,9,15,8,8,8,0,76,\N,\N,\N,\N,\N,\N,+2 Laps
1238,56,544,145,22,19,9,9,9,0,76,\N,\N,\N,\N,\N,\N,+2 Laps
1239,56,696,73,3,4,10,10,10,0,76,\N,\N,\N,\N,\N,\N,+2 Laps
1240,56,752,205,21,20,11,11,11,0,76,\N,\N,\N,\N,\N,\N,+2 Laps
1241,56,13,172,14,11,12,12,12,0,72,\N,\N,\N,\N,\N,\N,Gearbox
1242,56,778,161,12,10,13,R,13,0,56,\N,\N,\N,\N,\N,\N,Gearbox
1243,56,577,161,11,18,14,R,14,0,49,\N,\N,\N,\N,\N,\N,Wheel
1244,56,697,93,10,16,15,R,15,0,44,\N,\N,\N,\N,\N,\N,Suspension
1245,56,837,18,6,6,16,R,16,0,42,\N,\N,\N,\N,\N,\N,Spun off
1246,56,482,189,19,17,17,R,17,0,30,\N,\N,\N,\N,\N,\N,Suspension
1247,56,183,135,7,2,18,R,18,0,17,\N,\N,\N,\N,\N,\N,Engine
1248,56,53,189,18,14,19,R,19,0,11,\N,\N,\N,\N,\N,\N,Suspension
1249,56,274,212,2,5,20,R,20,0,5,\N,\N,\N,\N,\N,\N,Collision
1250,56,780,145,23,21,21,R,21,0,0,\N,\N,\N,\N,\N,\N,Spun off
1251,57,696,73,3,3,1,1,1,10,69,1:40:57.300,6057300,\N,\N,\N,\N,Finished
1252,57,250,18,5,4,2,2,2,6,69,+16.662,6073962,\N,\N,\N,\N,Finished
1253,57,383,73,4,8,3,3,3,4,69,+1:00.059,6117359,\N,\N,\N,\N,Finished
1254,57,837,18,6,11,4,4,4,3,69,+1:03.232,6120532,\N,\N,\N,\N,Finished
1255,57,53,189,18,13,5,5,5,2,69,+1:21.513,6138813,\N,\N,\N,\N,Finished
1256,57,482,189,19,20,6,6,6,1,68,\N,\N,\N,\N,\N,\N,+1 Lap
1257,57,544,145,22,18,7,7,7,0,68,\N,\N,\N,\N,\N,\N,+1 Lap
1258,57,659,205,20,22,8,8,8,0,68,\N,\N,\N,\N,\N,\N,+1 Lap
1259,57,206,10,16,19,9,9,9,0,68,\N,\N,\N,\N,\N,\N,+1 Lap
1260,57,796,212,1,6,10,10,10,0,63,\N,\N,\N,\N,\N,\N,+6 Laps
1261,57,780,145,23,21,11,R,11,0,53,\N,\N,\N,\N,\N,\N,Electrical
1262,57,361,93,9,10,12,R,12,0,42,\N,\N,\N,\N,\N,\N,Electrical
1263,57,577,161,11,15,13,R,13,0,39,\N,\N,\N,\N,\N,\N,Spun off
1264,57,274,212,2,7,14,R,14,0,20,\N,\N,\N,\N,\N,\N,Spun off
1265,57,183,135,7,1,15,R,15,0,18,\N,\N,\N,\N,\N,\N,Throttle
1266,57,354,172,15,12,16,R,16,0,18,\N,\N,\N,\N,\N,\N,Spun off
1267,57,674,10,17,17,17,R,17,0,18,\N,\N,\N,\N,\N,\N,Accident
1268,57,376,135,8,2,18,R,18,0,0,\N,\N,\N,\N,\N,\N,Gearbox
1269,57,697,93,10,5,19,R,19,0,0,\N,\N,\N,\N,\N,\N,Gearbox
1270,57,13,172,14,9,20,R,20,0,0,\N,\N,\N,\N,\N,\N,Collision
1271,57,778,161,12,14,21,R,21,0,0,\N,\N,\N,\N,\N,\N,Collision
1272,57,752,205,21,16,22,R,22,0,0,\N,\N,\N,\N,\N,\N,Transmission
1273,58,696,73,3,2,1,1,1,10,71,1:34,5685000,\N,\N,\N,\N,Finished
1274,58,383,73,4,4,2,2,2,6,71,+19.575,5704575,\N,\N,\N,\N,Finished
1275,58,376,135,8,1,3,3,3,4,71,+19.747,5704747,\N,\N,\N,\N,Finished
1276,58,796,212,1,5,4,4,4,3,71,+1:06.965,5751965,\N,\N,\N,\N,Finished
1277,58,837,18,6,10,5,5,5,2,70,\N,\N,\N,\N,\N,\N,+1 Lap
1278,58,183,135,7,3,6,6,6,1,70,\N,\N,\N,\N,\N,\N,+1 Lap
1279,58,13,172,14,11,7,7,7,0,70,\N,\N,\N,\N,\N,\N,+1 Lap
1280,58,354,172,15,13,8,8,8,0,70,\N,\N,\N,\N,\N,\N,+1 Lap
1281,58,250,18,5,9,9,9,9,0,70,\N,\N,\N,\N,\N,\N,+1 Lap
1282,58,53,189,18,14,10,10,10,0,69,\N,\N,\N,\N,\N,\N,+2 Laps
1283,58,577,161,11,16,11,11,11,0,69,\N,\N,\N,\N,\N,\N,+2 Laps
1284,58,791,189,19,15,12,12,12,0,69,\N,\N,\N,\N,\N,\N,+2 Laps
1285,58,674,10,17,19,13,13,13,0,69,\N,\N,\N,\N,\N,\N,+2 Laps
1286,58,206,10,16,17,14,14,14,0,69,\N,\N,\N,\N,\N,\N,+2 Laps
1287,58,274,212,2,8,15,15,15,0,68,\N,\N,\N,\N,\N,\N,Suspension
1288,58,697,93,10,6,16,16,16,0,68,\N,\N,\N,\N,\N,\N,+3 Laps
1289,58,544,145,22,21,17,17,17,0,65,\N,\N,\N,\N,\N,\N,Engine
1290,58,752,205,21,20,18,R,18,0,60,\N,\N,\N,\N,\N,\N,Engine
1291,58,778,161,12,12,19,R,19,0,55,\N,\N,\N,\N,\N,\N,Spun off
1292,58,780,145,23,22,20,R,20,0,41,\N,\N,\N,\N,\N,\N,Gearbox
1293,58,361,93,9,7,21,R,21,0,19,\N,\N,\N,\N,\N,\N,Hydraulics
1294,58,659,205,20,18,22,R,22,0,16,\N,\N,\N,\N,\N,\N,Hydraulics
1295,59,696,73,3,2,1,1,1,10,60,1:47:02.400,6422400,\N,\N,\N,\N,Finished
1296,59,376,135,8,1,2,2,2,6,60,+22.465,6444865,\N,\N,\N,\N,Finished
1297,59,383,73,4,5,3,3,3,4,60,+29.199,6451599,\N,\N,\N,\N,Finished
1298,59,837,18,6,11,4,4,4,3,59,\N,\N,\N,\N,\N,\N,+1 Lap
1299,59,250,18,5,10,5,5,5,2,59,\N,\N,\N,\N,\N,\N,+1 Lap
1300,59,697,93,10,21,6,6,6,1,59,\N,\N,\N,\N,\N,\N,+1 Lap
1301,59,796,212,1,3,7,7,7,0,59,\N,\N,\N,\N,\N,\N,+1 Lap
1302,59,544,145,22,19,8,8,8,0,58,\N,\N,\N,\N,\N,\N,+2 Laps
1303,59,752,205,21,17,9,9,9,0,56,\N,\N,\N,\N,\N,\N,+4 Laps
1304,59,13,172,14,8,10,R,10,0,53,\N,\N,\N,\N,\N,\N,Electrical
1305,59,206,10,16,12,11,R,11,0,45,\N,\N,\N,\N,\N,\N,Spun off
1306,59,577,161,11,22,12,R,12,0,40,\N,\N,\N,\N,\N,\N,Spun off
1307,59,53,189,18,16,13,R,13,0,39,\N,\N,\N,\N,\N,\N,Spun off
1308,59,791,189,19,15,14,R,14,0,38,\N,\N,\N,\N,\N,\N,Engine
1309,59,183,135,7,4,15,R,15,0,37,\N,\N,\N,\N,\N,\N,Spun off
1310,59,778,161,12,14,16,R,16,0,37,\N,\N,\N,\N,\N,\N,Spun off
1311,59,659,205,20,20,17,R,17,0,29,\N,\N,\N,\N,\N,\N,Spun off
1312,59,780,145,23,18,18,R,18,0,29,\N,\N,\N,\N,\N,\N,Spun off
1313,59,354,172,15,9,19,R,19,0,27,\N,\N,\N,\N,\N,\N,Spun off
1314,59,674,10,17,13,20,R,20,0,27,\N,\N,\N,\N,\N,\N,Throttle
1315,59,274,212,2,6,21,R,21,0,15,\N,\N,\N,\N,\N,\N,Spun off
1316,59,361,93,9,7,22,R,22,0,13,\N,\N,\N,\N,\N,\N,Spun off
1317,60,376,135,8,3,1,1,1,10,71,1:30,5444000,\N,\N,\N,\N,Finished
1318,60,183,135,7,14,2,2,2,6,71,+5.289,5449289,\N,\N,\N,\N,Finished
1319,60,696,73,3,4,3,3,3,4,71,+39.092,5483092,\N,\N,\N,\N,Finished
1320,60,383,73,4,8,4,4,4,3,71,+43.976,5487976,\N,\N,\N,\N,Finished
1321,60,697,93,10,9,5,5,5,2,71,+50.654,5494654,\N,\N,\N,\N,Finished
1322,60,796,212,1,11,6,6,6,1,71,+53.202,5497202,\N,\N,\N,\N,Finished
1323,60,361,93,9,15,7,7,7,0,71,+1:13.624,5517624,\N,\N,\N,\N,Finished
1324,60,354,172,15,18,8,8,8,0,70,\N,\N,\N,\N,\N,\N,+1 Lap
1325,60,837,18,6,17,9,9,9,0,70,\N,\N,\N,\N,\N,\N,+1 Lap
1326,60,778,161,12,16,10,10,10,0,70,\N,\N,\N,\N,\N,\N,+1 Lap
1327,60,544,145,22,21,11,11,11,0,70,\N,\N,\N,\N,\N,\N,+1 Lap
1328,60,659,205,20,22,12,12,12,0,69,\N,\N,\N,\N,\N,\N,+2 Laps
1329,60,791,189,19,12,13,R,13,0,51,\N,\N,\N,\N,\N,\N,Engine
1330,60,780,145,23,19,14,R,14,0,30,\N,\N,\N,\N,\N,\N,Spun off
1331,60,250,18,5,1,15,R,15,0,21,\N,\N,\N,\N,\N,\N,Collision
1332,60,13,172,14,2,16,R,16,0,21,\N,\N,\N,\N,\N,\N,Collision
1333,60,274,212,2,7,17,R,17,0,16,\N,\N,\N,\N,\N,\N,Engine
1334,60,53,189,18,5,18,R,18,0,8,\N,\N,\N,\N,\N,\N,Brakes
1335,60,206,10,16,13,19,R,19,0,3,\N,\N,\N,\N,\N,\N,Collision
1336,60,674,10,17,6,20,R,20,0,1,\N,\N,\N,\N,\N,\N,Collision
1337,60,577,161,11,10,21,R,21,0,0,\N,\N,\N,\N,\N,\N,Clutch
1338,60,752,205,21,20,22,R,22,0,0,\N,\N,\N,\N,\N,\N,Collision
1339,61,376,135,8,1,1,1,1,10,45,1:20,4848000,\N,\N,\N,\N,Finished
1340,61,183,135,7,2,2,2,2,6,45,+0.426,4848426,\N,\N,\N,\N,Finished
1341,61,796,212,1,3,3,3,3,4,45,+2.577,4850577,\N,\N,\N,\N,Finished
1342,61,361,93,9,5,4,4,4,3,45,+7.185,4855185,\N,\N,\N,\N,Finished
1343,61,696,73,3,9,5,5,5,2,45,+12.613,4860613,\N,\N,\N,\N,Finished
1344,61,697,93,10,4,6,6,6,1,45,+29.738,4877738,\N,\N,\N,\N,Finished
1345,61,250,18,5,8,7,7,7,0,45,+31.026,4879026,\N,\N,\N,\N,Finished
1346,61,383,73,4,6,8,8,8,0,45,+31.649,4879649,\N,\N,\N,\N,Finished
1347,61,274,212,2,10,9,9,9,0,45,+32.784,4880784,\N,\N,\N,\N,Finished
1348,61,13,172,14,11,10,10,10,0,45,+48.371,4896371,\N,\N,\N,\N,Finished
1349,61,837,18,6,7,11,11,11,0,45,+57.994,4905994,\N,\N,\N,\N,Finished
1350,61,778,161,12,14,12,12,12,0,44,\N,\N,\N,\N,\N,\N,+1 Lap
1351,61,752,205,21,15,13,13,13,0,44,\N,\N,\N,\N,\N,\N,+1 Lap
1352,61,674,10,17,17,14,14,14,0,44,\N,\N,\N,\N,\N,\N,+1 Lap
1353,61,577,161,11,16,15,15,15,0,44,\N,\N,\N,\N,\N,\N,+1 Lap
1354,61,780,145,23,21,16,16,16,0,43,\N,\N,\N,\N,\N,\N,+2 Laps
1355,61,354,172,15,12,17,R,17,0,37,\N,\N,\N,\N,\N,\N,Gearbox
1356,61,544,145,22,20,18,R,18,0,36,\N,\N,\N,\N,\N,\N,Gearbox
1357,61,53,189,18,13,19,R,19,0,27,\N,\N,\N,\N,\N,\N,Gearbox
1358,61,791,189,19,19,20,R,20,0,24,\N,\N,\N,\N,\N,\N,Gearbox
1359,61,206,10,16,18,21,R,21,0,2,\N,\N,\N,\N,\N,\N,Throttle
1360,62,696,73,3,3,1,1,1,10,77,1:45:26.400,6326400,\N,\N,\N,\N,Finished
1361,62,183,135,7,2,2,2,2,6,77,+9.433,6335833,\N,\N,\N,\N,Finished
1362,62,796,212,1,6,3,3,3,4,77,+44.444,6370844,\N,\N,\N,\N,Finished
1363,62,361,93,9,4,4,4,4,3,77,+55.076,6381476,\N,\N,\N,\N,Finished
1364,62,274,212,2,7,5,5,5,2,77,+56.510,6382910,\N,\N,\N,\N,Finished
1365,62,376,135,8,1,6,6,6,1,76,\N,\N,\N,\N,\N,\N,+1 Lap
1366,62,13,172,14,11,7,7,7,0,76,\N,\N,\N,\N,\N,\N,+1 Lap
1367,62,250,18,5,8,8,8,8,0,76,\N,\N,\N,\N,\N,\N,+1 Lap
1368,62,697,93,10,10,9,9,9,0,76,\N,\N,\N,\N,\N,\N,+1 Lap
1369,62,354,172,15,15,10,10,10,0,76,\N,\N,\N,\N,\N,\N,+1 Lap
1370,62,206,10,16,12,11,11,11,0,74,\N,\N,\N,\N,\N,\N,+3 Laps
1371,62,577,161,11,20,12,12,12,0,74,\N,\N,\N,\N,\N,\N,+3 Laps
1372,62,791,189,19,17,13,13,13,0,74,\N,\N,\N,\N,\N,\N,+3 Laps
1373,62,752,205,21,18,14,14,14,0,74,\N,\N,\N,\N,\N,\N,+3 Laps
1374,62,544,145,22,19,15,15,15,0,74,\N,\N,\N,\N,\N,\N,+3 Laps
1375,62,837,18,6,9,16,R,16,0,69,\N,\N,\N,\N,\N,\N,Gearbox
1376,62,53,189,18,14,17,R,17,0,54,\N,\N,\N,\N,\N,\N,Gearbox
1377,62,778,161,12,16,18,R,18,0,28,\N,\N,\N,\N,\N,\N,Engine
1378,62,674,10,17,13,19,R,19,0,18,\N,\N,\N,\N,\N,\N,Gearbox
1379,62,383,73,4,5,20,R,20,0,13,\N,\N,\N,\N,\N,\N,Gearbox
1380,62,780,145,23,21,21,R,21,0,13,\N,\N,\N,\N,\N,\N,Engine
1381,63,361,93,9,3,1,1,1,10,44,1:43:47.407,6227407,\N,\N,\N,\N,Finished
1382,63,697,93,10,8,2,2,2,6,44,+0.932,6228339,\N,\N,\N,\N,Finished
1383,63,13,172,14,10,3,3,3,4,44,+7.240,6234647,\N,\N,\N,\N,Finished
1384,63,274,212,2,9,4,4,4,3,44,+32.243,6259650,\N,\N,\N,\N,Finished
1385,63,206,10,16,16,5,5,5,2,44,+51.682,6279089,\N,\N,\N,\N,Finished
1386,63,778,161,12,13,6,6,6,1,42,\N,\N,\N,\N,\N,\N,+2 Laps
1387,63,183,135,7,2,7,7,7,0,39,\N,\N,\N,\N,\N,\N,+5 Laps
1388,63,544,145,22,21,8,8,8,0,39,\N,\N,\N,\N,\N,\N,+5 Laps
1389,63,250,18,5,7,9,R,9,0,26,\N,\N,\N,\N,\N,\N,Collision
1390,63,696,73,3,4,10,R,10,0,25,\N,\N,\N,\N,\N,\N,Collision
1391,63,383,73,4,5,11,R,11,0,25,\N,\N,\N,\N,\N,\N,Spun off
1392,63,780,145,23,22,12,R,12,0,17,\N,\N,\N,\N,\N,\N,Gearbox
1393,63,796,212,1,6,13,R,13,0,16,\N,\N,\N,\N,\N,\N,Spun off
1394,63,752,205,21,19,14,R,14,0,10,\N,\N,\N,\N,\N,\N,Spun off
1395,63,791,189,19,17,15,R,15,0,8,\N,\N,\N,\N,\N,\N,Engine
1396,63,376,135,8,1,16,R,16,0,0,\N,\N,\N,\N,\N,\N,Collision
1397,63,837,18,6,11,17,R,17,0,0,\N,\N,\N,\N,\N,\N,Collision
1398,63,354,172,15,12,18,R,18,0,0,\N,\N,\N,\N,\N,\N,Collision
1399,63,53,189,18,15,19,W,19,0,0,\N,\N,\N,\N,\N,\N,Collision
1400,63,577,161,11,14,20,W,20,0,0,\N,\N,\N,\N,\N,\N,Collision
1401,63,674,10,17,18,21,W,21,0,0,\N,\N,\N,\N,\N,\N,Collision
1402,63,659,205,20,20,22,W,22,0,0,\N,\N,\N,\N,\N,\N,Collision
1403,64,696,73,3,1,1,1,1,10,53,1:17:10.300,4630300,\N,\N,\N,\N,Finished
1404,64,383,73,4,5,2,2,2,6,53,+37.977,4668277,\N,\N,\N,\N,Finished
1405,64,697,93,10,6,3,3,3,4,53,+41.152,4671452,\N,\N,\N,\N,Finished
1406,64,376,135,8,3,4,4,4,3,53,+55.671,4685971,\N,\N,\N,\N,Finished
1407,64,13,172,14,8,5,5,5,2,53,+1:01.872,4692172,\N,\N,\N,\N,Finished
1408,64,361,93,9,14,6,6,6,1,53,+1:06.688,4696988,\N,\N,\N,\N,Finished
1409,64,274,212,2,12,7,7,7,0,52,\N,\N,\N,\N,\N,\N,+1 Lap
1410,64,250,18,5,11,8,8,8,0,52,\N,\N,\N,\N,\N,\N,+1 Lap
1411,64,752,205,21,19,9,9,9,0,52,\N,\N,\N,\N,\N,\N,+1 Lap
1412,64,53,189,18,13,10,10,10,0,52,\N,\N,\N,\N,\N,\N,+1 Lap
1413,64,780,145,23,22,11,11,11,0,51,\N,\N,\N,\N,\N,\N,+2 Laps
1414,64,659,205,20,18,12,12,12,0,51,\N,\N,\N,\N,\N,\N,+2 Laps
1415,64,778,161,12,10,13,13,13,0,50,\N,\N,\N,\N,\N,\N,+3 Laps
1416,64,791,189,19,17,14,R,14,0,39,\N,\N,\N,\N,\N,\N,Gearbox
1417,64,796,212,1,2,15,R,15,0,37,\N,\N,\N,\N,\N,\N,Spun off
1418,64,674,10,17,16,16,R,16,0,32,\N,\N,\N,\N,\N,\N,Throttle
1419,64,837,18,6,7,17,R,17,0,24,\N,\N,\N,\N,\N,\N,Gearbox
1420,64,183,135,7,4,18,R,18,0,16,\N,\N,\N,\N,\N,\N,Engine
1421,64,577,161,11,9,19,R,19,0,15,\N,\N,\N,\N,\N,\N,Vibrations
1422,64,544,145,22,21,20,R,20,0,13,\N,\N,\N,\N,\N,\N,Engine
1423,64,354,172,15,15,21,R,21,0,12,\N,\N,\N,\N,\N,\N,Spun off
1424,64,206,10,16,20,22,R,22,0,10,\N,\N,\N,\N,\N,\N,Spun off
1425,65,376,135,8,3,1,1,1,10,67,1:32:14.789,5534789,\N,\N,\N,\N,Finished
1426,65,696,73,3,1,2,2,2,6,67,+2.211,5537000,\N,\N,\N,\N,Finished
1427,65,183,135,7,5,3,3,3,4,67,+34.163,5568952,\N,\N,\N,\N,Finished
1428,65,383,73,4,2,4,4,4,3,67,+58.182,5592971,\N,\N,\N,\N,Finished
1429,65,274,212,2,7,5,5,5,2,67,+1:00.247,5595036,\N,\N,\N,\N,Finished
1430,65,250,18,5,4,6,6,6,1,67,+1:01.359,5596148,\N,\N,\N,\N,Finished
1431,65,837,18,6,8,7,7,7,0,67,+1:04.789,5599578,\N,\N,\N,\N,Finished
1432,65,796,212,1,9,8,8,8,0,66,\N,\N,\N,\N,\N,\N,+1 Lap
1433,65,361,93,9,10,9,9,9,0,66,\N,\N,\N,\N,\N,\N,+1 Lap
1434,65,13,172,14,11,10,10,10,0,66,\N,\N,\N,\N,\N,\N,+1 Lap
1435,65,53,189,18,12,11,11,11,0,65,\N,\N,\N,\N,\N,\N,+2 Laps
1436,65,577,161,11,15,12,12,12,0,65,\N,\N,\N,\N,\N,\N,+2 Laps
1437,65,791,189,19,18,13,13,13,0,65,\N,\N,\N,\N,\N,\N,+2 Laps
1438,65,674,10,17,16,14,14,14,0,65,\N,\N,\N,\N,\N,\N,+2 Laps
1439,65,544,145,22,20,15,15,15,0,65,\N,\N,\N,\N,\N,\N,+2 Laps
1440,65,752,205,21,19,16,16,16,0,65,\N,\N,\N,\N,\N,\N,+2 Laps
1441,65,780,145,23,21,17,R,17,0,56,\N,\N,\N,\N,\N,\N,Engine
1442,65,697,93,10,6,18,R,18,0,53,\N,\N,\N,\N,\N,\N,Brakes
1443,65,354,172,15,13,19,R,19,0,37,\N,\N,\N,\N,\N,\N,Engine
1444,65,659,205,20,22,20,R,20,0,36,\N,\N,\N,\N,\N,\N,Engine
1445,65,778,161,12,14,21,R,21,0,6,\N,\N,\N,\N,\N,\N,Transmission
1446,65,206,10,16,17,22,R,22,0,6,\N,\N,\N,\N,\N,\N,Hydraulics
1447,66,376,135,8,2,1,1,1,10,51,1:27:23.400,5243400,\N,\N,\N,\N,Finished
1448,66,383,73,4,4,2,2,2,6,51,+6.491,5249891,\N,\N,\N,\N,Finished
1449,66,183,135,7,3,3,3,3,4,51,+27.662,5271062,\N,\N,\N,\N,Finished
1450,66,361,93,9,8,4,4,4,3,51,+1:13.491,5316891,\N,\N,\N,\N,Finished
1451,66,274,212,2,5,5,5,5,2,51,+1:13.857,5317257,\N,\N,\N,\N,Finished
1452,66,796,212,1,6,6,6,6,1,51,+1:15.867,5319267,\N,\N,\N,\N,Finished
1453,66,13,172,14,12,7,7,7,0,51,+1:36.053,5339453,\N,\N,\N,\N,Finished
1454,66,250,18,5,10,8,8,8,0,51,+1:41.302,5344702,\N,\N,\N,\N,Finished
1455,66,837,18,6,9,9,9,9,0,50,\N,\N,\N,\N,\N,\N,+1 Lap
1456,66,354,172,15,11,10,10,10,0,50,\N,\N,\N,\N,\N,\N,+1 Lap
1457,66,577,161,11,13,11,11,11,0,50,\N,\N,\N,\N,\N,\N,+1 Lap
1458,66,778,161,12,14,12,12,12,0,48,\N,\N,\N,\N,\N,\N,+3 Laps
1459,66,544,145,22,20,13,R,13,0,40,\N,\N,\N,\N,\N,\N,Throttle
1460,66,696,73,3,1,14,R,14,0,31,\N,\N,\N,\N,\N,\N,Tyre
1461,66,752,205,21,17,15,R,15,0,28,\N,\N,\N,\N,\N,\N,Collision
1462,66,780,145,23,21,16,R,16,0,28,\N,\N,\N,\N,\N,\N,Collision
1463,66,53,189,18,16,17,R,17,0,25,\N,\N,\N,\N,\N,\N,Hydraulics
1464,66,791,189,19,19,18,R,18,0,21,\N,\N,\N,\N,\N,\N,Gearbox
1465,66,674,10,17,15,19,R,19,0,14,\N,\N,\N,\N,\N,\N,Hydraulics
1466,66,697,93,10,7,20,R,20,0,13,\N,\N,\N,\N,\N,\N,Engine
1467,66,206,10,16,18,21,R,21,0,2,\N,\N,\N,\N,\N,\N,Spun off
1468,67,383,73,4,6,1,1,1,10,57,1:35:01.659,5701659,\N,\N,\N,\N,Finished
1469,67,274,93,8,5,2,2,2,6,57,+1.027,5702686,\N,\N,\N,\N,Finished
1470,67,697,212,6,8,3,3,3,4,57,+7.012,5708671,\N,\N,\N,\N,Finished
1471,67,250,18,9,7,4,4,4,3,57,+33.418,5735077,\N,\N,\N,\N,Finished
1472,67,53,189,16,4,5,5,5,2,57,+54.698,5756357,\N,\N,\N,\N,Finished
1473,67,867,10,14,18,6,6,6,1,57,+1:24.317,5785976,\N,\N,\N,\N,Finished
1474,67,752,10,15,17,7,7,7,0,57,+1:26.288,5787947,\N,\N,\N,\N,Finished
1475,67,696,73,3,3,8,8,8,0,56,\N,\N,\N,\N,\N,\N,+1 Lap
1476,67,843,15,23,19,9,R,9,0,48,\N,\N,\N,\N,\N,\N,Gearbox
1477,67,41,145,20,21,10,R,10,0,42,\N,\N,\N,\N,\N,\N,Gearbox
1478,67,837,18,10,10,11,R,11,0,28,\N,\N,\N,\N,\N,\N,Suspension
1479,67,206,172,12,14,12,R,12,0,27,\N,\N,\N,\N,\N,\N,Transmission
1480,67,293,145,21,22,13,R,13,0,25,\N,\N,\N,\N,\N,\N,Collision
1481,67,778,161,19,12,14,R,14,0,25,\N,\N,\N,\N,\N,\N,Collision
1482,67,577,161,18,20,15,R,15,0,23,\N,\N,\N,\N,\N,\N,Wheel
1483,67,376,135,1,1,16,R,16,0,21,\N,\N,\N,\N,\N,\N,Throttle
1484,67,840,212,5,15,17,R,17,0,20,\N,\N,\N,\N,\N,\N,Spun off
1485,67,183,135,2,2,18,R,18,0,13,\N,\N,\N,\N,\N,\N,Hydraulics
1486,67,796,15,22,11,19,R,19,0,13,\N,\N,\N,\N,\N,\N,Rear wing
1487,67,361,93,7,9,20,R,20,0,0,\N,\N,\N,\N,\N,\N,Collision
1488,67,13,172,11,16,21,R,21,0,0,\N,\N,\N,\N,\N,\N,Gearbox
1489,67,354,189,17,13,22,W,22,0,0,\N,\N,\N,\N,\N,\N,Fire
1490,68,376,135,1,1,1,1,1,10,72,1:36:03.785,5763785,\N,\N,\N,\N,Finished
1491,68,696,73,3,4,2,2,2,6,72,+4.925,5768710,\N,\N,\N,\N,Finished
1492,68,274,93,8,8,3,3,3,4,71,\N,\N,\N,\N,\N,\N,Out of fuel
1493,68,697,212,6,11,4,4,4,3,71,\N,\N,\N,\N,\N,\N,+1 Lap
1494,68,383,73,4,6,5,5,5,2,71,\N,\N,\N,\N,\N,\N,+1 Lap
1495,68,577,161,18,12,6,6,6,1,71,\N,\N,\N,\N,\N,\N,+1 Lap
1496,68,837,18,10,9,7,7,7,0,70,\N,\N,\N,\N,\N,\N,+2 Laps
1497,68,752,10,15,19,8,8,8,0,69,\N,\N,\N,\N,\N,\N,+3 Laps
1498,68,293,145,21,20,9,9,9,0,69,\N,\N,\N,\N,\N,\N,+3 Laps
1499,68,867,10,14,17,10,R,10,0,52,\N,\N,\N,\N,\N,\N,Hydraulics
1500,68,796,15,22,21,11,R,11,0,49,\N,\N,\N,\N,\N,\N,Hydraulics
1501,68,840,212,5,16,12,R,12,0,43,\N,\N,\N,\N,\N,\N,Gearbox
1502,68,53,189,16,3,13,R,13,0,42,\N,\N,\N,\N,\N,\N,Engine
1503,68,206,172,12,15,14,R,14,0,42,\N,\N,\N,\N,\N,\N,Collision
1504,68,250,18,9,5,15,R,15,0,38,\N,\N,\N,\N,\N,\N,Clutch
1505,68,678,145,20,18,16,R,16,0,31,\N,\N,\N,\N,\N,\N,Spun off
1506,68,13,172,11,14,17,R,17,0,27,\N,\N,\N,\N,\N,\N,Gearbox
1507,68,183,135,2,2,18,R,18,0,22,\N,\N,\N,\N,\N,\N,Gearbox
1508,68,778,161,19,13,19,R,19,0,21,\N,\N,\N,\N,\N,\N,Gearbox
1509,68,354,189,17,10,20,R,20,0,15,\N,\N,\N,\N,\N,\N,Hydraulics
1510,68,361,93,7,7,21,R,21,0,10,\N,\N,\N,\N,\N,\N,Collision
1511,69,696,73,3,3,1,1,1,10,62,1:33:44.792,5624792,\N,\N,\N,\N,Finished
1512,69,183,135,2,2,2,2,2,6,62,+4.265,5629057,\N,\N,\N,\N,Finished
1513,69,53,189,16,6,3,3,3,4,61,\N,\N,\N,\N,\N,\N,+1 Lap
1514,69,361,93,7,8,4,4,4,3,61,\N,\N,\N,\N,\N,\N,+1 Lap
1515,69,250,18,9,16,5,5,5,2,61,\N,\N,\N,\N,\N,\N,+1 Lap
1516,69,13,172,11,13,6,6,6,1,61,\N,\N,\N,\N,\N,\N,+1 Lap
1517,69,674,15,23,19,7,7,7,0,59,\N,\N,\N,\N,\N,\N,+3 Laps
1518,69,41,145,20,22,8,8,8,0,59,\N,\N,\N,\N,\N,\N,+3 Laps
1519,69,293,145,21,21,9,9,9,0,59,\N,\N,\N,\N,\N,\N,+3 Laps
1520,69,354,189,17,12,10,10,10,0,58,\N,\N,\N,\N,\N,\N,Engine
1521,69,840,212,5,10,11,11,11,0,58,\N,\N,\N,\N,\N,\N,Spun off
1522,69,206,172,12,15,12,R,12,0,49,\N,\N,\N,\N,\N,\N,Spun off
1523,69,577,161,18,11,13,R,13,0,48,\N,\N,\N,\N,\N,\N,Throttle
1524,69,383,73,4,4,14,R,14,0,46,\N,\N,\N,\N,\N,\N,Engine
1525,69,274,93,8,7,15,R,15,0,46,\N,\N,\N,\N,\N,\N,Spun off
1526,69,752,10,15,20,16,R,16,0,29,\N,\N,\N,\N,\N,\N,Fuel pressure
1527,69,697,212,6,9,17,R,17,0,28,\N,\N,\N,\N,\N,\N,Throttle
1528,69,376,135,1,1,18,R,18,0,17,\N,\N,\N,\N,\N,\N,Spun off
1529,69,867,10,14,18,19,R,19,0,5,\N,\N,\N,\N,\N,\N,Spun off
1530,69,837,18,10,17,20,R,20,0,5,\N,\N,\N,\N,\N,\N,Spun off
1531,69,796,15,22,14,21,R,21,0,0,\N,\N,\N,\N,\N,\N,Gearbox
1532,69,778,161,19,5,22,R,22,0,0,\N,\N,\N,\N,\N,\N,Spun off
1533,70,696,73,3,2,1,1,1,10,78,1:49:31.812,6571812,\N,\N,\N,\N,Finished
1534,70,383,73,4,4,2,2,2,6,78,+30.476,6602288,\N,\N,\N,\N,Finished
1535,70,376,135,1,1,3,3,3,4,78,+37.483,6609295,\N,\N,\N,\N,Finished
1536,70,274,93,8,6,4,4,4,3,78,+54.009,6625821,\N,\N,\N,\N,Finished
1537,70,250,18,9,9,5,5,5,2,77,\N,\N,\N,\N,\N,\N,+1 Lap
1538,70,837,18,10,10,6,6,6,1,77,\N,\N,\N,\N,\N,\N,+1 Lap
1539,70,778,161,19,7,7,7,7,0,77,\N,\N,\N,\N,\N,\N,+1 Lap
1540,70,840,212,5,11,8,8,8,0,76,\N,\N,\N,\N,\N,\N,+2 Laps
1541,70,53,189,16,5,9,9,9,0,71,\N,\N,\N,\N,\N,\N,Spun off
1542,70,697,212,6,16,10,R,10,0,54,\N,\N,\N,\N,\N,\N,Spun off
1543,70,13,172,11,14,11,R,11,0,50,\N,\N,\N,\N,\N,\N,Suspension
1544,70,206,172,12,15,12,R,12,0,49,\N,\N,\N,\N,\N,\N,Suspension
1545,70,577,161,18,18,13,R,13,0,40,\N,\N,\N,\N,\N,\N,Engine
1546,70,183,135,2,3,14,R,14,0,36,\N,\N,\N,\N,\N,\N,Gearbox
1547,70,674,15,23,12,15,R,15,0,36,\N,\N,\N,\N,\N,\N,Brakes
1548,70,752,10,15,19,16,R,16,0,36,\N,\N,\N,\N,\N,\N,Engine
1549,70,796,15,22,8,17,R,17,0,32,\N,\N,\N,\N,\N,\N,Oil leak
1550,70,354,189,17,13,18,R,18,0,32,\N,\N,\N,\N,\N,\N,Suspension
1551,70,867,10,14,21,19,R,19,0,30,\N,\N,\N,\N,\N,\N,Gearbox
1552,70,293,145,21,22,20,R,20,0,24,\N,\N,\N,\N,\N,\N,Spun off
1553,70,41,145,20,20,21,R,21,0,10,\N,\N,\N,\N,\N,\N,Gearbox
1554,70,361,93,7,17,22,R,22,0,3,\N,\N,\N,\N,\N,\N,Collision
1555,71,376,135,1,1,1,1,1,10,65,1:34:13.665,5653665,\N,\N,\N,\N,Finished
1556,71,183,135,2,3,2,2,2,6,65,+6.238,5659903,\N,\N,\N,\N,Finished
1557,71,696,73,3,4,3,3,3,4,65,+10.845,5664510,\N,\N,\N,\N,Finished
1558,71,383,73,4,2,4,4,4,3,65,+30.182,5683847,\N,\N,\N,\N,Finished
1559,71,697,212,6,10,5,5,5,2,65,+1:27.208,5740873,\N,\N,\N,\N,Finished
1560,71,778,161,19,9,6,6,6,1,64,\N,\N,\N,\N,\N,\N,+1 Lap
1561,71,361,93,7,11,7,7,7,0,64,\N,\N,\N,\N,\N,\N,+1 Lap
1562,71,674,15,23,16,8,8,8,0,64,\N,\N,\N,\N,\N,\N,+1 Lap
1563,71,250,18,9,13,9,9,9,0,64,\N,\N,\N,\N,\N,\N,+1 Lap
1564,71,837,18,10,18,10,10,10,0,64,\N,\N,\N,\N,\N,\N,+1 Lap
1565,71,867,10,14,19,11,11,11,0,63,\N,\N,\N,\N,\N,\N,+2 Laps
1566,71,752,10,15,20,12,12,12,0,62,\N,\N,\N,\N,\N,\N,+3 Laps
1567,71,41,145,20,22,13,R,13,0,50,\N,\N,\N,\N,\N,\N,Spun off
1568,71,796,15,22,6,14,R,14,0,40,\N,\N,\N,\N,\N,\N,Gearbox
1569,71,206,172,12,12,15,R,15,0,40,\N,\N,\N,\N,\N,\N,Transmission
1570,71,354,189,17,14,16,R,16,0,40,\N,\N,\N,\N,\N,\N,Transmission
1571,71,274,93,8,8,17,R,17,0,35,\N,\N,\N,\N,\N,\N,Halfshaft
1572,71,13,172,11,5,18,R,18,0,27,\N,\N,\N,\N,\N,\N,Transmission
1573,71,840,212,5,17,19,R,19,0,24,\N,\N,\N,\N,\N,\N,Gearbox
1574,71,577,161,18,15,20,R,20,0,24,\N,\N,\N,\N,\N,\N,Gearbox
1575,71,293,145,21,21,21,R,21,0,0,\N,\N,\N,\N,\N,\N,Gearbox
1576,71,53,189,16,7,22,D,22,0,64,\N,\N,\N,\N,\N,\N,Disqualified
1577,72,376,135,1,2,1,1,1,10,69,1:41:35.727,6095727,\N,\N,\N,\N,Finished
1578,72,250,18,9,7,2,2,2,6,69,+0.782,6096509,\N,\N,\N,\N,Finished
1579,72,383,73,4,3,3,3,3,4,69,+1.797,6097524,\N,\N,\N,\N,Finished
1580,72,697,212,6,13,4,4,4,3,69,+2.392,6098119,\N,\N,\N,\N,Finished
1581,72,354,189,17,10,5,5,5,2,69,+2.805,6098532,\N,\N,\N,\N,Finished
1582,72,206,172,12,18,6,6,6,1,69,+3.711,6099438,\N,\N,\N,\N,Finished
1583,72,183,135,2,4,7,7,7,0,69,+5.004,6100731,\N,\N,\N,\N,Finished
1584,72,293,145,21,22,8,8,8,0,68,\N,\N,\N,\N,\N,\N,+1 Lap
1585,72,577,161,18,15,9,9,9,0,68,\N,\N,\N,\N,\N,\N,+1 Lap
1586,72,41,145,20,21,10,10,10,0,67,\N,\N,\N,\N,\N,\N,+2 Laps
1587,72,274,93,8,6,11,11,11,0,65,\N,\N,\N,\N,\N,\N,Brakes
1588,72,840,212,5,12,12,R,12,0,50,\N,\N,\N,\N,\N,\N,Brakes
1589,72,752,10,15,19,13,R,13,0,41,\N,\N,\N,\N,\N,\N,Transmission
1590,72,796,15,22,16,14,R,14,0,34,\N,\N,\N,\N,\N,\N,Spun off
1591,72,696,73,3,1,15,R,15,0,29,\N,\N,\N,\N,\N,\N,Spun off
1592,72,867,10,14,20,16,R,16,0,22,\N,\N,\N,\N,\N,\N,Transmission
1593,72,361,93,7,14,17,R,17,0,14,\N,\N,\N,\N,\N,\N,Spun off
1594,72,53,189,16,5,18,R,18,0,14,\N,\N,\N,\N,\N,\N,Steering
1595,72,843,15,23,17,19,R,19,0,2,\N,\N,\N,\N,\N,\N,Spun off
1596,72,13,172,11,8,20,R,20,0,0,\N,\N,\N,\N,\N,\N,Collision
1597,72,778,161,19,9,21,R,21,0,0,\N,\N,\N,\N,\N,\N,Collision
1598,72,837,18,10,11,22,R,22,0,0,\N,\N,\N,\N,\N,\N,Transmission
1599,73,274,93,8,5,1,1,1,10,72,1:58:24.343,7104343,\N,\N,\N,\N,Finished
1600,73,376,135,1,14,2,2,2,6,72,+11.092,7115435,\N,\N,\N,\N,Finished
1601,73,53,189,16,1,3,3,3,4,72,+43.432,7147775,\N,\N,\N,\N,Finished
1602,73,697,212,6,16,4,4,4,3,72,+45.475,7149818,\N,\N,\N,\N,Finished
1603,73,696,73,3,6,5,5,5,2,72,+47.881,7152224,\N,\N,\N,\N,Finished
1604,73,383,73,4,17,6,6,6,1,72,+48.901,7153244,\N,\N,\N,\N,Finished
1605,73,778,161,19,8,7,7,7,0,72,+57.771,7162114,\N,\N,\N,\N,Finished
1606,73,577,161,18,3,8,8,8,0,72,+58.531,7162874,\N,\N,\N,\N,Finished
1607,73,843,15,23,10,9,9,9,0,72,+1:28.764,7193107,\N,\N,\N,\N,Finished
1608,73,41,145,20,20,10,10,10,0,71,\N,\N,\N,\N,\N,\N,+1 Lap
1609,73,867,10,14,21,11,11,11,0,71,\N,\N,\N,\N,\N,\N,+1 Lap
1610,73,250,18,9,7,12,R,12,0,42,\N,\N,\N,\N,\N,\N,Spun off
1611,73,361,93,7,18,13,R,13,0,31,\N,\N,\N,\N,\N,\N,Electrical
1612,73,840,212,5,15,14,R,14,0,26,\N,\N,\N,\N,\N,\N,Engine
1613,73,796,15,22,12,15,R,15,0,25,\N,\N,\N,\N,\N,\N,Spun off
1614,73,837,18,10,13,16,R,16,0,25,\N,\N,\N,\N,\N,\N,Spun off
1615,73,293,145,21,19,17,R,17,0,25,\N,\N,\N,\N,\N,\N,Spun off
1616,73,13,172,11,2,18,R,18,0,24,\N,\N,\N,\N,\N,\N,Spun off
1617,73,183,135,2,4,19,R,19,0,9,\N,\N,\N,\N,\N,\N,Electrical
1618,73,206,172,12,11,20,R,20,0,6,\N,\N,\N,\N,\N,\N,Transmission
1619,73,354,189,17,9,21,R,21,0,4,\N,\N,\N,\N,\N,\N,Gearbox
1620,73,752,10,15,22,22,D,22,0,71,\N,\N,\N,\N,\N,\N,Disqualified
1621,74,183,135,2,3,1,1,1,10,60,1:32:30.144,5550144,\N,\N,\N,\N,Finished
1622,74,383,73,4,4,2,2,2,6,60,+1.829,5551973,\N,\N,\N,\N,Finished
1623,74,697,212,6,8,3,3,3,4,60,+27.411,5577555,\N,\N,\N,\N,Finished
1624,74,274,93,8,5,4,4,4,3,60,+27.789,5577933,\N,\N,\N,\N,Finished
1625,74,361,93,7,6,5,5,5,2,60,+38.606,5588750,\N,\N,\N,\N,Finished
1626,74,206,172,12,12,6,6,6,1,60,+53.643,5603787,\N,\N,\N,\N,Finished
1627,74,250,18,9,17,7,7,7,0,60,+54.614,5604758,\N,\N,\N,\N,Finished
1628,74,53,189,16,7,8,8,8,0,60,+1:08.590,5618734,\N,\N,\N,\N,Finished
1629,74,778,161,19,14,9,9,9,0,60,+1:12.045,5622189,\N,\N,\N,\N,Finished
1630,74,837,18,10,18,10,10,10,0,60,+1:12.123,5622267,\N,\N,\N,\N,Finished
1631,74,840,212,5,13,11,11,11,0,60,+1:17.124,5627268,\N,\N,\N,\N,Finished
1632,74,354,189,17,11,12,12,12,0,60,+1:17.709,5627853,\N,\N,\N,\N,Finished
1633,74,577,161,18,15,13,13,13,0,60,+1:20.492,5630636,\N,\N,\N,\N,Finished
1634,74,13,172,11,10,14,14,14,0,59,\N,\N,\N,\N,\N,\N,+1 Lap
1635,74,293,145,21,22,15,15,15,0,58,\N,\N,\N,\N,\N,\N,+2 Laps
1636,74,752,10,15,19,16,16,16,0,58,\N,\N,\N,\N,\N,\N,+2 Laps
1637,74,843,15,23,16,17,R,17,0,41,\N,\N,\N,\N,\N,\N,Suspension
1638,74,376,135,1,1,18,R,18,0,35,\N,\N,\N,\N,\N,\N,Wheel
1639,74,796,15,22,9,19,R,19,0,29,\N,\N,\N,\N,\N,\N,Halfshaft
1640,74,41,145,20,21,20,R,20,0,6,\N,\N,\N,\N,\N,\N,Gearbox
1641,74,867,10,14,20,21,R,21,0,0,\N,\N,\N,\N,\N,\N,Gearbox
1642,74,696,73,3,2,22,R,22,0,0,\N,\N,\N,\N,\N,\N,Brakes
1643,75,383,73,4,3,1,1,1,10,71,1:28:12.438,5292438,\N,\N,\N,\N,Finished
1644,75,183,135,2,2,2,2,2,6,71,+0.313,5292751,\N,\N,\N,\N,Finished
1645,75,376,135,1,1,3,3,3,4,71,+22.282,5314720,\N,\N,\N,\N,Finished
1646,75,274,93,8,4,4,4,4,3,71,+52.803,5345241,\N,\N,\N,\N,Finished
1647,75,837,18,10,10,5,5,5,2,71,+1:06.358,5358796,\N,\N,\N,\N,Finished
1648,75,206,172,12,16,6,6,6,1,71,+1:10.933,5363371,\N,\N,\N,\N,Finished
1649,75,778,161,19,13,7,7,7,0,70,\N,\N,\N,\N,\N,\N,+1 Lap
1650,75,361,93,7,11,8,8,8,0,70,\N,\N,\N,\N,\N,\N,+1 Lap
1651,75,674,73,3,7,9,9,9,0,70,\N,\N,\N,\N,\N,\N,+1 Lap
1652,75,577,161,18,18,10,10,10,0,70,\N,\N,\N,\N,\N,\N,+1 Lap
1653,75,293,145,21,22,11,11,11,0,70,\N,\N,\N,\N,\N,\N,+1 Lap
1654,75,250,18,9,12,12,12,12,0,68,\N,\N,\N,\N,\N,\N,Engine
1655,75,41,145,20,19,13,13,13,0,68,\N,\N,\N,\N,\N,\N,+3 Laps
1656,75,354,189,17,6,14,14,14,0,67,\N,\N,\N,\N,\N,\N,+4 Laps
1657,75,843,15,23,15,15,15,15,0,63,\N,\N,\N,\N,\N,\N,Clutch
1658,75,53,189,16,5,16,R,16,0,55,\N,\N,\N,\N,\N,\N,Engine
1659,75,13,172,11,17,17,R,17,0,49,\N,\N,\N,\N,\N,\N,Out of fuel
1660,75,867,10,14,21,18,R,18,0,38,\N,\N,\N,\N,\N,\N,Spun off
1661,75,840,212,5,14,19,R,19,0,35,\N,\N,\N,\N,\N,\N,Out of fuel
1662,75,796,15,22,9,20,R,20,0,34,\N,\N,\N,\N,\N,\N,Halfshaft
1663,75,752,10,15,20,21,R,21,0,25,\N,\N,\N,\N,\N,\N,Engine
1664,75,697,212,6,8,22,R,22,0,8,\N,\N,\N,\N,\N,\N,Spun off
1665,76,383,73,4,5,1,1,1,10,45,1:21:58.594,4918594,\N,\N,\N,\N,Finished
1666,76,674,73,3,4,2,2,2,6,45,+1.007,4919601,\N,\N,\N,\N,Finished
1667,76,274,93,8,2,3,3,3,4,45,+5.195,4923789,\N,\N,\N,\N,Finished
1668,76,697,212,6,11,4,4,4,3,45,+12.809,4931403,\N,\N,\N,\N,Finished
1669,76,183,135,2,3,5,5,5,2,45,+16.823,4935417,\N,\N,\N,\N,Finished
1670,76,577,161,18,7,6,6,6,1,45,+29.879,4948473,\N,\N,\N,\N,Finished
1671,76,837,18,10,13,7,7,7,0,45,+33.333,4951927,\N,\N,\N,\N,Finished
1672,76,13,172,11,21,8,8,8,0,45,+1:11.291,4989885,\N,\N,\N,\N,Finished
1673,76,293,145,21,15,9,9,9,0,45,+1:48.318,5026912,\N,\N,\N,\N,Finished
1674,76,41,145,20,19,10,10,10,0,44,\N,\N,\N,\N,\N,\N,+1 Lap
1675,76,354,189,17,17,11,11,11,0,40,\N,\N,\N,\N,\N,\N,Gearbox
1676,76,867,10,14,20,12,R,12,0,37,\N,\N,\N,\N,\N,\N,Spun off
1677,76,376,135,1,1,13,R,13,0,25,\N,\N,\N,\N,\N,\N,Tyre
1678,76,840,212,5,14,14,R,14,0,21,\N,\N,\N,\N,\N,\N,Differential
1679,76,843,15,23,18,15,R,15,0,20,\N,\N,\N,\N,\N,\N,Engine
1680,76,752,10,15,22,16,R,16,0,15,\N,\N,\N,\N,\N,\N,Engine
1681,76,361,93,7,8,17,R,17,0,13,\N,\N,\N,\N,\N,\N,Brakes
1682,76,778,161,19,9,18,R,18,0,10,\N,\N,\N,\N,\N,\N,Engine
1683,76,250,18,9,10,19,R,19,0,7,\N,\N,\N,\N,\N,\N,Suspension
1684,76,53,189,16,6,20,R,20,0,6,\N,\N,\N,\N,\N,\N,Hydraulics
1685,76,796,15,22,12,21,R,21,0,0,\N,\N,\N,\N,\N,\N,Collision
1686,76,206,172,12,16,22,R,22,0,0,\N,\N,\N,\N,\N,\N,Collision
1687,77,376,135,1,1,1,1,1,10,77,1:46:23.536,6383536,\N,\N,\N,\N,Finished
1688,77,183,135,2,3,2,2,2,6,77,+9.706,6393242,\N,\N,\N,\N,Finished
1689,77,383,73,4,2,3,3,3,4,77,+27.228,6410764,\N,\N,\N,\N,Finished
1690,77,274,93,8,5,4,4,4,3,77,+31.815,6415351,\N,\N,\N,\N,Finished
1691,77,53,189,16,8,5,5,5,2,77,+43.808,6427344,\N,\N,\N,\N,Finished
1692,77,361,93,7,6,6,6,6,1,77,+55.726,6439262,\N,\N,\N,\N,Finished
1693,77,837,18,10,7,7,7,7,0,77,+1:01.012,6444548,\N,\N,\N,\N,Finished
1694,77,778,161,19,13,8,8,8,0,76,\N,\N,\N,\N,\N,\N,+1 Lap
1695,77,697,212,6,16,9,9,9,0,76,\N,\N,\N,\N,\N,\N,+1 Lap
1696,77,577,161,18,14,10,10,10,0,76,\N,\N,\N,\N,\N,\N,+1 Lap
1697,77,354,189,17,10,11,11,11,0,76,\N,\N,\N,\N,\N,\N,+1 Lap
1698,77,674,73,3,18,12,12,12,0,75,\N,\N,\N,\N,\N,\N,+2 Laps
1699,77,843,15,23,17,13,13,13,0,75,\N,\N,\N,\N,\N,\N,+2 Laps
1700,77,41,145,20,19,14,14,14,0,75,\N,\N,\N,\N,\N,\N,+2 Laps
1701,77,867,10,14,20,15,15,15,0,75,\N,\N,\N,\N,\N,\N,+2 Laps
1702,77,13,172,11,11,16,16,16,0,74,\N,\N,\N,\N,\N,\N,Fuel pressure
1703,77,293,145,21,22,17,17,17,0,74,\N,\N,\N,\N,\N,\N,+3 Laps
1704,77,796,15,22,9,18,R,18,0,60,\N,\N,\N,\N,\N,\N,Clutch
1705,77,250,18,9,4,19,R,19,0,52,\N,\N,\N,\N,\N,\N,Engine
1706,77,752,10,15,21,20,R,20,0,26,\N,\N,\N,\N,\N,\N,Transmission
1707,77,206,172,12,12,21,R,21,0,19,\N,\N,\N,\N,\N,\N,Spun off
1708,77,840,212,5,15,22,R,22,0,10,\N,\N,\N,\N,\N,\N,Differential
1709,78,183,135,2,2,1,1,1,10,44,1:25:43.057,5143057,\N,\N,\N,\N,Finished
1710,78,376,135,1,1,2,2,2,6,44,+10.469,5153526,\N,\N,\N,\N,Finished
1711,78,274,93,8,3,3,3,3,4,44,+33.433,5176490,\N,\N,\N,\N,Finished
1712,78,383,73,4,6,4,4,4,3,44,+44.948,5188005,\N,\N,\N,\N,Finished
1713,78,697,212,6,5,5,5,5,2,44,+48.067,5191124,\N,\N,\N,\N,Finished
1714,78,361,93,7,4,6,6,6,1,44,+54.916,5197973,\N,\N,\N,\N,Finished
1715,78,674,73,3,9,7,7,7,0,44,+56.249,5199306,\N,\N,\N,\N,Finished
1716,78,840,212,5,8,8,8,8,0,44,+1:07.022,5210079,\N,\N,\N,\N,Finished
1717,78,13,172,11,16,9,9,9,0,44,+1:13.848,5216905,\N,\N,\N,\N,Finished
1718,78,53,189,16,7,10,10,10,0,44,+1:20.742,5223799,\N,\N,\N,\N,Finished
1719,78,250,18,9,13,11,11,11,0,44,+1:32.195,5235252,\N,\N,\N,\N,Finished
1720,78,778,161,19,12,12,12,12,0,44,+1:36.154,5239211,\N,\N,\N,\N,Finished
1721,78,577,161,18,17,13,13,13,0,44,+1:41.543,5244600,\N,\N,\N,\N,Finished
1722,78,837,18,10,15,14,14,14,0,44,+1:57.745,5260802,\N,\N,\N,\N,Finished
1723,78,796,15,22,11,15,15,15,0,43,\N,\N,\N,\N,\N,\N,+1 Lap
1724,78,293,145,21,21,16,16,16,0,43,\N,\N,\N,\N,\N,\N,+1 Lap
1725,78,867,10,14,22,17,R,17,0,35,\N,\N,\N,\N,\N,\N,Transmission
1726,78,41,145,20,20,18,R,18,0,33,\N,\N,\N,\N,\N,\N,Suspension
1727,78,843,15,23,14,19,R,19,0,33,\N,\N,\N,\N,\N,\N,Gearbox
1728,78,354,189,17,10,20,R,20,0,27,\N,\N,\N,\N,\N,\N,Brakes
1729,78,206,172,12,18,21,R,21,0,19,\N,\N,\N,\N,\N,\N,Spun off
1730,78,752,10,15,19,22,R,22,0,0,\N,\N,\N,\N,\N,\N,Clutch
1731,79,274,93,8,2,1,1,1,10,53,1:17:02.923,4622923,\N,\N,\N,\N,Finished
1732,79,697,212,6,5,2,2,2,6,53,+3.272,4626195,\N,\N,\N,\N,Finished
1733,79,674,73,3,6,3,3,3,4,53,+11.932,4634855,\N,\N,\N,\N,Finished
1734,79,53,189,16,7,4,4,4,3,53,+17.630,4640553,\N,\N,\N,\N,Finished
1735,79,183,135,2,3,5,5,5,2,53,+18.142,4641065,\N,\N,\N,\N,Finished
1736,79,383,73,4,8,6,6,6,1,53,+27.402,4650325,\N,\N,\N,\N,Finished
1737,79,840,212,5,4,7,7,7,0,53,+28.047,4650970,\N,\N,\N,\N,Finished
1738,79,796,15,22,11,8,8,8,0,53,+41.797,4664720,\N,\N,\N,\N,Finished
1739,79,13,172,11,13,9,9,9,0,53,+42.198,4665121,\N,\N,\N,\N,Finished
1740,79,361,93,7,9,10,10,10,0,53,+56.259,4679182,\N,\N,\N,\N,Finished
1741,79,577,161,18,10,11,11,11,0,52,\N,\N,\N,\N,\N,\N,Engine
1742,79,354,189,17,15,12,R,12,0,40,\N,\N,\N,\N,\N,\N,Clutch
1743,79,752,10,15,22,13,R,13,0,35,\N,\N,\N,\N,\N,\N,Spun off
1744,79,867,10,14,21,14,W,14,0,35,\N,\N,\N,\N,\N,\N,Withdrew
1745,79,376,135,1,1,15,R,15,0,29,\N,\N,\N,\N,\N,\N,Spun off
1746,79,778,161,19,12,16,R,16,0,29,\N,\N,\N,\N,\N,\N,Overheating
1747,79,843,15,23,18,17,R,17,0,25,\N,\N,\N,\N,\N,\N,Wheel bearing
1748,79,41,145,20,19,18,R,18,0,23,\N,\N,\N,\N,\N,\N,Collision
1749,79,837,18,10,14,19,R,19,0,11,\N,\N,\N,\N,\N,\N,Electrical
1750,79,206,172,12,16,20,R,20,0,1,\N,\N,\N,\N,\N,\N,Spun off
1751,79,250,18,9,17,21,R,21,0,1,\N,\N,\N,\N,\N,\N,Spun off
1752,79,293,145,21,20,22,R,22,0,0,\N,\N,\N,\N,\N,\N,Collision
1753,80,354,189,17,14,1,1,1,10,66,1:41:54.314,6114314,\N,\N,\N,\N,Finished
1754,80,778,161,19,10,2,2,2,6,66,+22.619,6136933,\N,\N,\N,\N,Finished
1755,80,53,189,16,15,3,3,3,4,66,+22.866,6137180,\N,\N,\N,\N,Finished
1756,80,697,212,6,4,4,4,4,3,66,+39.508,6153822,\N,\N,\N,\N,Finished
1757,80,376,135,1,3,5,5,5,2,66,+1:02.950,6177264,\N,\N,\N,\N,Finished
1758,80,293,145,21,20,6,6,6,1,66,+1:05.154,6179468,\N,\N,\N,\N,Finished
1759,80,383,73,4,9,7,7,7,0,66,+1:06.683,6180997,\N,\N,\N,\N,Finished
1760,80,843,15,23,17,8,8,8,0,65,\N,\N,\N,\N,\N,\N,+1 Lap
1761,80,577,161,18,5,9,9,9,0,65,\N,\N,\N,\N,\N,\N,+1 Lap
1762,80,796,15,22,8,10,10,10,0,61,\N,\N,\N,\N,\N,\N,Clutch
1763,80,41,145,20,19,11,R,11,0,53,\N,\N,\N,\N,\N,\N,Gearbox
1764,80,867,10,14,22,12,R,12,0,52,\N,\N,\N,\N,\N,\N,Gearbox
1765,80,250,18,9,6,13,R,13,0,48,\N,\N,\N,\N,\N,\N,Spun off
1766,80,674,73,3,12,14,R,14,0,44,\N,\N,\N,\N,\N,\N,Brakes
1767,80,752,10,15,21,15,R,15,0,42,\N,\N,\N,\N,\N,\N,Spun off
1768,80,183,135,2,2,16,R,16,0,37,\N,\N,\N,\N,\N,\N,Spun off
1769,80,13,172,11,16,17,R,17,0,35,\N,\N,\N,\N,\N,\N,Halfshaft
1770,80,274,93,8,1,18,R,18,0,32,\N,\N,\N,\N,\N,\N,Electrical
1771,80,840,212,5,18,19,R,19,0,10,\N,\N,\N,\N,\N,\N,Collision
1772,80,361,93,7,7,20,R,20,0,0,\N,\N,\N,\N,\N,\N,Electrical
1773,80,837,18,10,11,21,R,21,0,0,\N,\N,\N,\N,\N,\N,Collision
1774,80,206,172,12,13,22,R,22,0,0,\N,\N,\N,\N,\N,\N,Collision
1775,81,383,73,4,2,1,1,1,10,56,1:36:38.494,5798494,\N,\N,\N,\N,Finished
1776,81,696,73,3,1,2,2,2,6,56,+1.040,5799534,\N,\N,\N,\N,Finished
1777,81,376,135,1,4,3,3,3,4,56,+9.743,5808237,\N,\N,\N,\N,Finished
1778,81,354,189,17,5,4,4,4,3,56,+17.538,5816032,\N,\N,\N,\N,Finished
1779,81,53,189,16,6,5,5,5,2,56,+32.296,5830790,\N,\N,\N,\N,Finished
1780,81,274,93,8,14,6,6,6,1,56,+34.884,5833378,\N,\N,\N,\N,Finished
1781,81,13,172,11,15,7,7,7,0,56,+54.408,5852902,\N,\N,\N,\N,Finished
1782,81,837,18,10,7,8,8,8,0,56,+1:00.934,5859428,\N,\N,\N,\N,Finished
1783,81,293,145,21,19,9,9,9,0,55,\N,\N,\N,\N,\N,\N,+1 Lap
1784,81,840,212,5,16,10,10,10,0,55,\N,\N,\N,\N,\N,\N,+1 Lap
1785,81,250,18,9,11,11,11,11,0,52,\N,\N,\N,\N,\N,\N,+4 Laps
1786,81,796,15,22,10,12,R,12,0,48,\N,\N,\N,\N,\N,\N,Hydraulics
1787,81,206,172,12,17,13,R,13,0,44,\N,\N,\N,\N,\N,\N,Spun off
1788,81,867,10,14,20,14,R,14,0,30,\N,\N,\N,\N,\N,\N,Engine
1789,81,41,145,20,21,15,R,15,0,15,\N,\N,\N,\N,\N,\N,Spun off
1790,81,183,135,2,3,16,R,16,0,14,\N,\N,\N,\N,\N,\N,Fuel pressure
1791,81,697,212,6,8,17,R,17,0,7,\N,\N,\N,\N,\N,\N,Spun off
1792,81,752,10,15,22,18,R,18,0,7,\N,\N,\N,\N,\N,\N,Transmission
1793,81,843,15,23,13,19,R,19,0,6,\N,\N,\N,\N,\N,\N,Engine
1794,81,577,161,18,12,20,R,20,0,5,\N,\N,\N,\N,\N,\N,Engine
1795,81,361,93,7,9,21,R,21,0,0,\N,\N,\N,\N,\N,\N,Collision
1796,81,778,161,19,18,22,W,22,0,0,\N,\N,\N,\N,\N,\N,Engine
1797,82,376,135,1,2,1,1,1,10,53,1:31:18.785,5478785,\N,\N,\N,\N,Finished
1798,82,696,73,3,1,2,2,2,6,53,+5.015,5483800,\N,\N,\N,\N,Finished
1799,82,383,73,4,5,3,3,3,4,53,+1:35.688,5574473,\N,\N,\N,\N,Finished
1800,82,274,93,8,4,4,4,4,3,53,+1:38.635,5577420,\N,\N,\N,\N,Finished
1801,82,697,212,6,9,5,5,5,2,53,+1:39.494,5578279,\N,\N,\N,\N,Finished
1802,82,13,172,11,10,6,6,6,1,52,\N,\N,\N,\N,\N,\N,+1 Lap
1803,82,354,189,17,8,7,7,7,0,52,\N,\N,\N,\N,\N,\N,+1 Lap
1804,82,53,189,16,13,8,8,8,0,52,\N,\N,\N,\N,\N,\N,+1 Lap
1805,82,796,15,22,11,9,9,9,0,52,\N,\N,\N,\N,\N,\N,+1 Lap
1806,82,837,18,10,15,10,10,10,0,52,\N,\N,\N,\N,\N,\N,+1 Lap
1807,82,206,172,12,17,11,11,11,0,52,\N,\N,\N,\N,\N,\N,+1 Lap
1808,82,843,15,23,18,12,12,12,0,52,\N,\N,\N,\N,\N,\N,+1 Lap
1809,82,867,10,14,21,13,13,13,0,51,\N,\N,\N,\N,\N,\N,+2 Laps
1810,82,250,18,9,14,14,14,14,0,47,\N,\N,\N,\N,\N,\N,Engine
1811,82,752,10,15,19,15,R,15,0,43,\N,\N,\N,\N,\N,\N,Gearbox
1812,82,41,145,20,22,16,R,16,0,43,\N,\N,\N,\N,\N,\N,Engine
1813,82,183,135,2,3,17,R,17,0,39,\N,\N,\N,\N,\N,\N,Hydraulics
1814,82,293,145,21,20,18,R,18,0,31,\N,\N,\N,\N,\N,\N,Gearbox
1815,82,361,93,7,12,19,R,19,0,21,\N,\N,\N,\N,\N,\N,Physical
1816,82,577,161,18,6,20,R,20,0,19,\N,\N,\N,\N,\N,\N,Alternator
1817,82,778,161,19,7,21,R,21,0,3,\N,\N,\N,\N,\N,\N,Engine
1818,82,840,212,5,8,22,R,22,0,0,\N,\N,\N,\N,\N,\N,Electrical
1819,83,696,73,3,3,1,1,1,10,58,1:34:01.987,5641987,\N,\N,\N,\N,Finished
1820,83,53,73,4,4,2,2,2,6,58,+11.415,5653402,\N,\N,\N,\N,Finished
1821,83,697,212,9,11,3,3,3,4,58,+20.009,5661996,\N,\N,\N,\N,Finished
1822,83,796,15,22,8,4,4,4,3,58,+44.447,5686434,\N,\N,\N,\N,Finished
1823,83,250,18,11,9,5,5,5,2,58,+45.165,5687152,\N,\N,\N,\N,Finished
1824,83,843,15,23,16,6,6,6,1,58,+46.468,5688455,\N,\N,\N,\N,Finished
1825,83,837,18,12,14,7,7,7,0,58,+46.915,5688902,\N,\N,\N,\N,Finished
1826,83,293,145,20,18,8,8,8,0,57,\N,\N,\N,\N,\N,\N,+1 Lap
1827,83,350,161,15,15,9,9,9,0,56,\N,\N,\N,\N,\N,\N,+2 Laps
1828,83,674,172,17,10,10,D,10,0,58,\N,\N,\N,\N,\N,\N,Disqualified
1829,83,138,212,10,21,11,R,11,0,46,\N,\N,\N,\N,\N,\N,Engine
1830,83,206,172,16,19,12,R,12,0,41,\N,\N,\N,\N,\N,\N,Transmission
1831,83,505,145,21,22,13,R,13,0,40,\N,\N,\N,\N,\N,\N,Gearbox
1832,83,274,93,5,5,14,R,14,0,39,\N,\N,\N,\N,\N,\N,Hydraulics
1833,83,778,93,6,6,15,R,15,0,35,\N,\N,\N,\N,\N,\N,Engine
1834,83,13,161,14,17,16,R,16,0,27,\N,\N,\N,\N,\N,\N,Hydraulics
1835,83,376,135,1,1,17,R,17,0,18,\N,\N,\N,\N,\N,\N,Engine
1836,83,791,10,19,13,18,R,18,0,16,\N,\N,\N,\N,\N,\N,Suspension
1837,83,183,135,2,2,19,R,19,0,11,\N,\N,\N,\N,\N,\N,Engine
1838,83,867,10,18,12,20,R,20,0,6,\N,\N,\N,\N,\N,\N,Suspension
1839,83,383,91,7,7,21,R,21,0,6,\N,\N,\N,\N,\N,\N,Spun off
1840,83,354,91,8,20,22,R,22,0,1,\N,\N,\N,\N,\N,\N,Clutch
1841,84,696,73,3,3,1,1,1,10,71,1:31:35.271,5495271,\N,\N,\N,\N,Finished
1842,84,250,18,11,5,2,2,2,6,71,+39.898,5535169,\N,\N,\N,\N,Finished
1843,84,274,93,5,7,3,3,3,4,71,+42.268,5537539,\N,\N,\N,\N,Finished
1844,84,778,93,6,12,4,4,4,3,71,+1:12.780,5568051,\N,\N,\N,\N,Finished
1845,84,697,212,9,11,5,5,5,2,70,\N,\N,\N,\N,\N,\N,+1 Lap
1846,84,138,212,10,9,6,6,6,1,70,\N,\N,\N,\N,\N,\N,+1 Lap
1847,84,791,10,19,14,7,7,7,0,70,\N,\N,\N,\N,\N,\N,+1 Lap
1848,84,867,10,18,16,8,8,8,0,70,\N,\N,\N,\N,\N,\N,+1 Lap
1849,84,843,15,23,8,9,9,9,0,69,\N,\N,\N,\N,\N,\N,+2 Laps
1850,84,505,145,21,20,10,10,10,0,69,\N,\N,\N,\N,\N,\N,+2 Laps
1851,84,183,135,2,2,11,D,11,0,71,\N,\N,\N,\N,\N,\N,Disqualified
1852,84,354,91,8,17,12,R,12,0,51,\N,\N,\N,\N,\N,\N,Gearbox
1853,84,293,145,20,18,13,R,13,0,31,\N,\N,\N,\N,\N,\N,Engine
1854,84,376,135,1,1,14,R,14,0,30,\N,\N,\N,\N,\N,\N,Oil pressure
1855,84,53,73,4,4,15,R,15,0,27,\N,\N,\N,\N,\N,\N,Hydraulics
1856,84,383,91,7,6,16,R,16,0,20,\N,\N,\N,\N,\N,\N,Spun off
1857,84,796,15,22,10,17,R,17,0,16,\N,\N,\N,\N,\N,\N,Gearbox
1858,84,13,161,14,15,18,R,18,0,11,\N,\N,\N,\N,\N,\N,Electrical
1859,84,350,161,15,19,19,R,19,0,9,\N,\N,\N,\N,\N,\N,Engine
1860,84,837,18,12,13,20,R,20,0,6,\N,\N,\N,\N,\N,\N,Engine
1861,84,206,172,16,0,21,W,21,0,0,\N,\N,\N,\N,\N,\N,Safety concerns
1862,84,674,172,17,0,22,W,22,0,0,\N,\N,\N,\N,\N,\N,Safety concerns
1863,85,696,73,3,2,1,1,1,10,62,1:31:39.776,5499776,\N,\N,\N,\N,Finished
1864,85,376,135,1,1,2,2,2,6,62,+1.168,5500944,\N,\N,\N,\N,Finished
1865,85,183,135,2,3,3,3,3,4,62,+51.008,5550784,\N,\N,\N,\N,Finished
1866,85,53,73,4,4,4,4,4,3,62,+1:29.276,5589052,\N,\N,\N,\N,Finished
1867,85,796,15,22,9,5,5,5,2,61,\N,\N,\N,\N,\N,\N,+1 Lap
1868,85,674,172,17,12,6,6,6,1,61,\N,\N,\N,\N,\N,\N,+1 Lap
1869,85,383,91,7,7,7,7,7,0,61,\N,\N,\N,\N,\N,\N,+1 Lap
1870,85,206,172,16,10,8,8,8,0,61,\N,\N,\N,\N,\N,\N,+1 Lap
1871,85,837,18,12,11,9,9,9,0,61,\N,\N,\N,\N,\N,\N,+1 Lap
1872,85,354,91,8,17,10,10,10,0,61,\N,\N,\N,\N,\N,\N,+1 Lap
1873,85,250,18,11,19,11,11,11,0,61,\N,\N,\N,\N,\N,\N,+1 Lap
1874,85,843,15,23,14,12,12,12,0,61,\N,\N,\N,\N,\N,\N,+1 Lap
1875,85,505,145,21,20,13,13,13,0,60,\N,\N,\N,\N,\N,\N,+2 Laps
1876,85,791,10,19,16,14,14,14,0,59,\N,\N,\N,\N,\N,\N,+3 Laps
1877,85,778,93,6,8,15,15,15,0,58,\N,\N,\N,\N,\N,\N,Gearbox
1878,85,867,10,18,13,16,R,16,0,49,\N,\N,\N,\N,\N,\N,Spun off
1879,85,697,212,9,5,17,R,17,0,45,\N,\N,\N,\N,\N,\N,Fuel system
1880,85,13,161,14,15,18,R,18,0,25,\N,\N,\N,\N,\N,\N,Hydraulics
1881,85,350,161,15,22,19,R,19,0,22,\N,\N,\N,\N,\N,\N,Hydraulics
1882,85,138,212,10,18,20,R,20,0,5,\N,\N,\N,\N,\N,\N,Engine
1883,85,293,145,20,21,21,R,21,0,5,\N,\N,\N,\N,\N,\N,Spun off
1884,85,274,93,5,6,22,R,22,0,4,\N,\N,\N,\N,\N,\N,Gearbox
1885,86,183,135,2,4,1,1,1,10,60,1:28:50.108,5330108,\N,\N,\N,\N,Finished
1886,86,376,135,1,3,2,2,2,6,60,+1.477,5331585,\N,\N,\N,\N,Finished
1887,86,696,73,3,5,3,3,3,4,60,+19.917,5350025,\N,\N,\N,\N,Finished
1888,86,697,212,9,7,4,4,4,3,60,+41.312,5371420,\N,\N,\N,\N,Finished
1889,86,138,212,10,6,5,5,5,2,60,+57.759,5387867,\N,\N,\N,\N,Finished
1890,86,778,93,6,11,6,6,6,1,60,+1:19.273,5409381,\N,\N,\N,\N,Finished
1891,86,250,18,11,12,7,7,7,0,59,\N,\N,\N,\N,\N,\N,+1 Lap
1892,86,674,172,17,18,8,8,8,0,59,\N,\N,\N,\N,\N,\N,+1 Lap
1893,86,837,18,12,20,9,9,9,0,59,\N,\N,\N,\N,\N,\N,+1 Lap
1894,86,13,161,14,15,10,10,10,0,59,\N,\N,\N,\N,\N,\N,+1 Lap
1895,86,206,172,16,13,11,11,11,0,59,\N,\N,\N,\N,\N,\N,+1 Lap
1896,86,354,91,8,14,12,12,12,0,59,\N,\N,\N,\N,\N,\N,+1 Lap
1897,86,383,91,7,9,13,13,13,0,59,\N,\N,\N,\N,\N,\N,+1 Lap
1898,86,293,145,20,21,14,14,14,0,59,\N,\N,\N,\N,\N,\N,+1 Lap
1899,86,505,145,21,22,15,15,15,0,59,\N,\N,\N,\N,\N,\N,+1 Lap
1900,86,796,15,22,10,16,16,16,0,56,\N,\N,\N,\N,\N,\N,+4 Laps
1901,86,274,93,5,2,17,17,17,0,54,\N,\N,\N,\N,\N,\N,+6 Laps
1902,86,350,161,15,17,18,R,18,0,51,\N,\N,\N,\N,\N,\N,Engine
1903,86,843,15,23,16,19,R,19,0,36,\N,\N,\N,\N,\N,\N,Spun off
1904,86,53,73,4,1,20,R,20,0,35,\N,\N,\N,\N,\N,\N,Hydraulics
1905,86,867,10,18,19,21,R,21,0,26,\N,\N,\N,\N,\N,\N,Electrical
1906,86,791,10,19,8,22,R,22,0,20,\N,\N,\N,\N,\N,\N,Electrical
1907,87,376,135,1,2,1,1,1,10,65,1:33:55.390,5635390,\N,\N,\N,\N,Finished
1908,87,183,135,2,4,2,2,2,6,65,+16.066,5651456,\N,\N,\N,\N,Finished
1909,87,53,73,4,3,3,3,3,4,65,+29.112,5664502,\N,\N,\N,\N,Finished
1910,87,697,212,9,5,4,4,4,3,65,+37.311,5672701,\N,\N,\N,\N,Finished
1911,87,696,73,3,1,5,5,5,2,65,+47.983,5683373,\N,\N,\N,\N,Finished
1912,87,274,93,5,8,6,6,6,1,65,+1:21.925,5717315,\N,\N,\N,\N,Finished
1913,87,674,172,17,12,7,7,7,0,64,\N,\N,\N,\N,\N,\N,+1 Lap
1914,87,843,15,23,16,8,8,8,0,64,\N,\N,\N,\N,\N,\N,+1 Lap
1915,87,250,18,11,13,9,9,9,0,64,\N,\N,\N,\N,\N,\N,+1 Lap
1916,87,837,18,12,18,10,10,10,0,64,\N,\N,\N,\N,\N,\N,+1 Lap
1917,87,383,91,7,9,11,11,11,0,64,\N,\N,\N,\N,\N,\N,+1 Lap
1918,87,778,93,6,7,12,12,12,0,64,\N,\N,\N,\N,\N,\N,+1 Lap
1919,87,354,91,8,14,13,13,13,0,64,\N,\N,\N,\N,\N,\N,+1 Lap
1920,87,293,145,20,20,14,14,14,0,63,\N,\N,\N,\N,\N,\N,+2 Laps
1921,87,505,145,21,21,15,15,15,0,63,\N,\N,\N,\N,\N,\N,+2 Laps
1922,87,350,161,15,19,16,16,16,0,62,\N,\N,\N,\N,\N,\N,+3 Laps
1923,87,138,212,10,10,17,17,17,0,61,\N,\N,\N,\N,\N,\N,Engine
1924,87,791,10,19,11,18,R,18,0,25,\N,\N,\N,\N,\N,\N,Gearbox
1925,87,796,15,22,6,19,R,19,0,21,\N,\N,\N,\N,\N,\N,Hydraulics
1926,87,13,161,14,17,20,R,20,0,1,\N,\N,\N,\N,\N,\N,Collision
1927,87,867,10,18,22,21,R,21,0,1,\N,\N,\N,\N,\N,\N,Collision
1928,87,206,172,16,15,22,R,22,0,0,\N,\N,\N,\N,\N,\N,Spun off
1929,88,696,73,3,2,1,1,1,10,67,1:42:00.307,6120307,\N,\N,\N,\N,Finished
1930,88,376,135,1,3,2,2,2,6,67,+13.822,6134129,\N,\N,\N,\N,Finished
1931,88,183,135,2,1,3,3,3,4,66,\N,\N,\N,\N,\N,\N,+1 Lap
1932,88,53,73,4,4,4,4,4,3,66,\N,\N,\N,\N,\N,\N,+1 Lap
1933,88,250,18,11,7,5,5,5,2,66,\N,\N,\N,\N,\N,\N,+1 Lap
1934,88,867,10,18,12,6,6,6,1,66,\N,\N,\N,\N,\N,\N,+1 Lap
1935,88,206,172,16,15,7,7,7,0,65,\N,\N,\N,\N,\N,\N,+2 Laps
1936,88,505,145,21,21,8,8,8,0,65,\N,\N,\N,\N,\N,\N,+2 Laps
1937,88,13,161,14,17,9,9,9,0,65,\N,\N,\N,\N,\N,\N,+2 Laps
1938,88,138,212,10,11,10,10,10,0,62,\N,\N,\N,\N,\N,\N,Electrical
1939,88,354,91,8,16,11,11,11,0,61,\N,\N,\N,\N,\N,\N,Collision
1940,88,837,18,12,14,12,12,12,0,61,\N,\N,\N,\N,\N,\N,Collision
1941,88,843,15,23,18,13,R,13,0,51,\N,\N,\N,\N,\N,\N,Spun off
1942,88,293,145,20,20,14,R,14,0,47,\N,\N,\N,\N,\N,\N,Throttle
1943,88,796,15,22,9,15,R,15,0,46,\N,\N,\N,\N,\N,\N,Engine
1944,88,383,91,7,8,16,R,16,0,29,\N,\N,\N,\N,\N,\N,Collision
1945,88,791,10,19,13,17,R,17,0,29,\N,\N,\N,\N,\N,\N,Spun off
1946,88,697,212,9,5,18,R,18,0,29,\N,\N,\N,\N,\N,\N,Collision
1947,88,674,172,17,19,19,R,19,0,27,\N,\N,\N,\N,\N,\N,Halfshaft
1948,88,274,93,5,10,20,R,20,0,2,\N,\N,\N,\N,\N,\N,Engine
1949,88,778,93,6,6,21,R,21,0,0,\N,\N,\N,\N,\N,\N,Collision
1950,89,183,135,2,3,1,1,1,10,78,1:49:28.213,6568213,\N,\N,\N,\N,Finished
1951,89,53,73,4,6,2,2,2,6,78,+15.889,6584102,\N,\N,\N,\N,Finished
1952,89,250,18,11,8,3,3,3,4,78,+18.522,6586735,\N,\N,\N,\N,Finished
1953,89,383,91,7,10,4,4,4,3,78,+1:05.924,6634137,\N,\N,\N,\N,Finished
1954,89,674,172,17,13,5,5,5,2,78,+1:20.775,6648988,\N,\N,\N,\N,Finished
1955,89,376,135,1,5,6,6,6,1,77,\N,\N,\N,\N,\N,\N,+1 Lap
1956,89,796,15,22,17,7,7,7,0,77,\N,\N,\N,\N,\N,\N,+1 Lap
1957,89,350,161,15,18,8,8,8,0,77,\N,\N,\N,\N,\N,\N,+1 Lap
1958,89,354,91,8,11,9,9,9,0,76,\N,\N,\N,\N,\N,\N,+2 Laps
1959,89,274,93,5,4,10,10,10,0,70,\N,\N,\N,\N,\N,\N,Spun off
1960,89,791,10,19,15,11,R,11,0,60,\N,\N,\N,\N,\N,\N,Spun off
1961,89,696,73,3,1,12,R,12,0,55,\N,\N,\N,\N,\N,\N,Suspension
1962,89,843,15,23,20,13,R,13,0,48,\N,\N,\N,\N,\N,\N,Spun off
1963,89,697,212,9,9,14,R,14,0,37,\N,\N,\N,\N,\N,\N,Spun off
1964,89,778,93,6,2,15,R,15,0,36,\N,\N,\N,\N,\N,\N,Gearbox
1965,89,206,172,16,19,16,R,16,0,30,\N,\N,\N,\N,\N,\N,Spun off
1966,89,13,161,14,7,17,R,17,0,29,\N,\N,\N,\N,\N,\N,Transmission
1967,89,505,145,21,22,18,R,18,0,22,\N,\N,\N,\N,\N,\N,Spun off
1968,89,293,145,20,21,19,R,19,0,21,\N,\N,\N,\N,\N,\N,Gearbox
1969,89,837,18,12,12,20,R,20,0,18,\N,\N,\N,\N,\N,\N,Spun off
1970,89,138,212,10,14,21,R,21,0,16,\N,\N,\N,\N,\N,\N,Engine
1971,89,867,10,18,16,22,W,22,0,0,\N,\N,\N,\N,\N,\N,Not restarted
1972,90,696,73,3,1,1,1,1,10,69,1:41:12.313,6072313,\N,\N,\N,\N,Finished
1973,90,53,73,4,3,2,2,2,6,69,+0.174,6072487,\N,\N,\N,\N,Finished
1974,90,250,18,11,10,3,3,3,4,69,+15.365,6087678,\N,\N,\N,\N,Finished
1975,90,376,135,1,4,4,4,4,3,69,+18.561,6090874,\N,\N,\N,\N,Finished
1976,90,791,10,19,13,5,5,5,2,69,+52.208,6124521,\N,\N,\N,\N,Finished
1977,90,778,93,6,7,6,6,6,1,69,+1:01.687,6134000,\N,\N,\N,\N,Finished
1978,90,183,135,2,2,7,7,7,0,69,+1:02.216,6134529,\N,\N,\N,\N,Finished
1979,90,843,15,23,8,8,8,8,0,69,+1:10.455,6142768,\N,\N,\N,\N,Finished
1980,90,837,18,12,14,9,9,9,0,69,+1:19.899,6152212,\N,\N,\N,\N,Finished
1981,90,206,172,16,19,10,10,10,0,69,+1:54.544,6186857,\N,\N,\N,\N,Finished
1982,90,138,212,10,18,11,11,11,0,68,\N,\N,\N,\N,\N,\N,+1 Lap
1983,90,505,145,21,22,12,12,12,0,68,\N,\N,\N,\N,\N,\N,+1 Lap
1984,90,383,91,7,16,13,13,13,0,66,\N,\N,\N,\N,\N,\N,+3 Laps
1985,90,697,212,9,12,14,14,14,0,64,\N,\N,\N,\N,\N,\N,Collision
1986,90,796,15,22,6,15,15,15,0,64,\N,\N,\N,\N,\N,\N,Collision
1987,90,293,145,20,20,16,16,16,0,64,\N,\N,\N,\N,\N,\N,Spun off
1988,90,867,10,18,9,17,R,17,0,48,\N,\N,\N,\N,\N,\N,Collision
1989,90,674,172,17,15,18,R,18,0,42,\N,\N,\N,\N,\N,\N,Electrical
1990,90,13,161,14,17,19,R,19,0,38,\N,\N,\N,\N,\N,\N,Electrical
1991,90,350,161,15,21,20,R,20,0,34,\N,\N,\N,\N,\N,\N,Engine
1992,90,274,93,5,5,21,R,21,0,32,\N,\N,\N,\N,\N,\N,Brakes
1993,90,354,91,8,11,22,R,22,0,14,\N,\N,\N,\N,\N,\N,Gearbox
1994,91,183,135,2,2,1,1,1,10,72,1:38:05.538,5885538,\N,\N,\N,\N,Finished
1995,91,376,135,1,4,2,2,2,6,72,+14.748,5900286,\N,\N,\N,\N,Finished
1996,91,53,73,4,3,3,3,3,4,72,+32.409,5917947,\N,\N,\N,\N,Finished
1997,91,796,15,22,7,4,4,4,3,72,+1:01.322,5946860,\N,\N,\N,\N,Finished
1998,91,697,212,9,5,5,5,5,2,72,+1:03.981,5949519,\N,\N,\N,\N,Finished
1999,91,778,93,6,9,6,6,6,1,72,+1:15.605,5961143,\N,\N,\N,\N,Finished
2000,91,274,93,5,8,7,7,7,0,71,\N,\N,\N,\N,\N,\N,+1 Lap
2001,91,138,212,10,10,8,8,8,0,71,\N,\N,\N,\N,\N,\N,+1 Lap
2002,91,250,18,11,14,9,9,9,0,71,\N,\N,\N,\N,\N,\N,+1 Lap
2003,91,674,172,17,12,10,10,10,0,71,\N,\N,\N,\N,\N,\N,+1 Lap
2004,91,206,172,16,15,11,11,11,0,71,\N,\N,\N,\N,\N,\N,+1 Lap
2005,91,350,161,15,16,12,12,12,0,71,\N,\N,\N,\N,\N,\N,+1 Lap
2006,91,383,91,7,6,13,13,13,0,70,\N,\N,\N,\N,\N,\N,+2 Laps
2007,91,13,161,14,18,14,14,14,0,70,\N,\N,\N,\N,\N,\N,+2 Laps
2008,91,293,145,20,21,15,15,15,0,70,\N,\N,\N,\N,\N,\N,+2 Laps
2009,91,696,73,3,1,16,R,16,0,58,\N,\N,\N,\N,\N,\N,Engine
2010,91,867,10,18,13,17,R,17,0,45,\N,\N,\N,\N,\N,\N,Transmission
2011,91,837,18,12,17,18,R,18,0,34,\N,\N,\N,\N,\N,\N,Spun off
2012,91,505,145,21,22,19,R,19,0,31,\N,\N,\N,\N,\N,\N,Spun off
2013,91,791,10,19,20,20,R,20,0,25,\N,\N,\N,\N,\N,\N,Transmission
2014,91,354,91,8,11,21,R,21,0,20,\N,\N,\N,\N,\N,\N,Gearbox
2015,91,843,15,23,19,22,R,22,0,16,\N,\N,\N,\N,\N,\N,Spun off
2016,92,376,135,1,1,1,1,1,10,71,1:28:15.818,5295818,\N,\N,\N,\N,Finished
2017,92,183,135,2,2,2,2,2,6,71,+12.535,5308353,\N,\N,\N,\N,Finished
2018,92,53,73,4,3,3,3,3,4,71,+30.795,5326613,\N,\N,\N,\N,Finished
2019,92,796,15,22,7,4,4,4,3,70,\N,\N,\N,\N,\N,\N,+1 Lap
2020,92,138,212,10,18,5,5,5,2,70,\N,\N,\N,\N,\N,\N,+1 Lap
2021,92,674,172,17,9,6,6,6,1,70,\N,\N,\N,\N,\N,\N,+1 Lap
2022,92,354,91,8,16,7,7,7,0,70,\N,\N,\N,\N,\N,\N,+1 Lap
2023,92,293,145,20,20,8,8,8,0,70,\N,\N,\N,\N,\N,\N,+1 Lap
2024,92,206,172,16,11,9,9,9,0,70,\N,\N,\N,\N,\N,\N,+1 Lap
2025,92,837,18,12,14,10,10,10,0,70,\N,\N,\N,\N,\N,\N,+1 Lap
2026,92,136,91,7,21,11,11,11,0,69,\N,\N,\N,\N,\N,\N,+2 Laps
2027,92,505,145,21,22,12,12,12,0,68,\N,\N,\N,\N,\N,\N,+3 Laps
2028,92,843,15,23,6,13,R,13,0,58,\N,\N,\N,\N,\N,\N,Engine
2029,92,697,212,9,19,14,R,14,0,52,\N,\N,\N,\N,\N,\N,Brakes
2030,92,350,161,15,13,15,R,15,0,41,\N,\N,\N,\N,\N,\N,Collision
2031,92,13,161,14,17,16,R,16,0,41,\N,\N,\N,\N,\N,\N,Collision
2032,92,867,10,18,12,17,R,17,0,32,\N,\N,\N,\N,\N,\N,Gearbox
2033,92,791,10,19,10,18,R,18,0,14,\N,\N,\N,\N,\N,\N,Engine
2034,92,274,93,5,15,19,R,19,0,4,\N,\N,\N,\N,\N,\N,Oil leak
2035,92,696,73,3,4,20,R,20,0,0,\N,\N,\N,\N,\N,\N,Collision
2036,92,778,93,6,5,21,R,21,0,0,\N,\N,\N,\N,\N,\N,Collision
2037,92,250,18,11,8,22,R,22,0,0,\N,\N,\N,\N,\N,\N,Collision
2038,93,53,73,4,18,1,1,1,10,45,1:25:34.418,5134418,\N,\N,\N,\N,Finished
2039,93,376,135,1,4,2,2,2,6,45,+7.452,5141870,\N,\N,\N,\N,Finished
2040,93,183,135,2,1,3,3,3,4,45,+21.168,5155586,\N,\N,\N,\N,Finished
2041,93,138,212,10,16,4,4,4,3,45,+22.685,5157103,\N,\N,\N,\N,Finished
2042,93,674,172,17,15,5,5,5,2,45,+27.112,5161530,\N,\N,\N,\N,Finished
2043,93,867,10,18,5,6,6,6,1,45,+29.080,5163498,\N,\N,\N,\N,Finished
2044,93,697,212,9,14,7,7,7,0,45,+30.898,5165316,\N,\N,\N,\N,Finished
2045,93,796,15,22,9,8,8,8,0,45,+47.537,5181955,\N,\N,\N,\N,Finished
2046,93,778,93,6,6,9,9,9,0,45,+50.901,5185319,\N,\N,\N,\N,Finished
2047,93,383,91,7,10,10,10,10,0,45,+1:19.664,5214082,\N,\N,\N,\N,Finished
2048,93,505,145,21,21,11,11,11,0,45,+1:29.504,5223922,\N,\N,\N,\N,Finished
2049,93,350,161,15,13,12,12,12,0,40,\N,\N,\N,\N,\N,\N,Alternator
2050,93,274,93,5,17,13,R,13,0,39,\N,\N,\N,\N,\N,\N,Gearbox
2051,93,791,10,19,11,14,R,14,0,39,\N,\N,\N,\N,\N,\N,Spun off
2052,93,843,15,23,12,15,R,15,0,37,\N,\N,\N,\N,\N,\N,Spun off
2053,93,293,145,20,22,16,R,16,0,33,\N,\N,\N,\N,\N,\N,Engine
2054,93,837,18,12,7,17,R,17,0,31,\N,\N,\N,\N,\N,\N,Electrical
2055,93,206,172,16,19,18,R,18,0,29,\N,\N,\N,\N,\N,\N,Collision
2056,93,13,161,14,20,19,R,19,0,29,\N,\N,\N,\N,\N,\N,Collision
2057,93,354,91,8,8,20,R,20,0,12,\N,\N,\N,\N,\N,\N,Gearbox
2058,93,696,73,3,2,21,R,21,0,0,\N,\N,\N,\N,\N,\N,Collision
2059,93,250,18,11,3,22,R,22,0,0,\N,\N,\N,\N,\N,\N,Collision
2060,94,376,135,1,3,1,1,1,10,77,1:45:33.869,6333869,\N,\N,\N,\N,Finished
2061,94,696,73,3,1,2,2,2,6,77,+7.917,6341786,\N,\N,\N,\N,Finished
2062,94,183,135,2,2,3,3,3,4,77,+8.455,6342324,\N,\N,\N,\N,Finished
2063,94,53,73,4,5,4,4,4,3,77,+44.157,6378026,\N,\N,\N,\N,Finished
2064,94,697,212,9,4,5,5,5,2,77,+50.437,6384306,\N,\N,\N,\N,Finished
2065,94,274,93,5,6,6,6,6,1,77,+1:08.099,6401968,\N,\N,\N,\N,Finished
2066,94,778,93,6,12,7,7,7,0,76,\N,\N,\N,\N,\N,\N,+1 Lap
2067,94,383,91,7,10,8,8,8,0,76,\N,\N,\N,\N,\N,\N,+1 Lap
2068,94,138,212,10,8,9,9,9,0,76,\N,\N,\N,\N,\N,\N,+1 Lap
2069,94,674,172,17,9,10,10,10,0,76,\N,\N,\N,\N,\N,\N,+1 Lap
2070,94,837,18,12,11,11,11,11,0,76,\N,\N,\N,\N,\N,\N,+1 Lap
2071,94,796,15,22,16,12,12,12,0,75,\N,\N,\N,\N,\N,\N,+2 Laps
2072,94,791,10,19,20,13,13,13,0,75,\N,\N,\N,\N,\N,\N,+2 Laps
2073,94,843,15,23,18,14,14,14,0,75,\N,\N,\N,\N,\N,\N,+2 Laps
2074,94,293,145,20,21,15,15,15,0,74,\N,\N,\N,\N,\N,\N,+3 Laps
2075,94,867,10,18,15,16,16,16,0,73,\N,\N,\N,\N,\N,\N,+4 Laps
2076,94,505,145,21,22,17,R,17,0,68,\N,\N,\N,\N,\N,\N,Engine
2077,94,354,91,8,17,18,R,18,0,67,\N,\N,\N,\N,\N,\N,Gearbox
2078,94,206,172,16,13,19,R,19,0,62,\N,\N,\N,\N,\N,\N,Transmission
2079,94,250,18,11,7,20,R,20,0,31,\N,\N,\N,\N,\N,\N,Brakes
2080,94,350,161,15,19,21,R,21,0,22,\N,\N,\N,\N,\N,\N,Electrical
2081,94,13,161,14,14,22,R,22,0,11,\N,\N,\N,\N,\N,\N,Suspension
2082,95,376,135,1,1,1,1,1,10,44,1:28:14.494,5294494,\N,\N,\N,\N,Finished
2083,95,696,73,3,4,2,2,2,6,44,+1.104,5295598,\N,\N,\N,\N,Finished
2084,95,697,212,9,6,3,3,3,4,44,+38.096,5332590,\N,\N,\N,\N,Finished
2085,95,183,135,2,5,4,4,4,3,44,+43.281,5337775,\N,\N,\N,\N,Finished
2086,95,138,212,10,3,5,5,5,2,44,+49.914,5344408,\N,\N,\N,\N,Finished
2087,95,274,93,5,8,6,6,6,1,44,+55.984,5350478,\N,\N,\N,\N,Finished
2088,95,796,15,22,7,7,7,7,0,44,+1:12.380,5366874,\N,\N,\N,\N,Finished
2089,95,354,91,8,9,8,8,8,0,44,+1:27.808,5382302,\N,\N,\N,\N,Finished
2090,95,674,172,17,18,9,9,9,0,44,+1:28.670,5383164,\N,\N,\N,\N,Finished
2091,95,383,91,7,12,10,10,10,0,44,+1:31.555,5386049,\N,\N,\N,\N,Finished
2092,95,206,172,16,15,11,11,11,0,44,+1:34.123,5388617,\N,\N,\N,\N,Finished
2093,95,843,15,23,13,12,12,12,0,43,\N,\N,\N,\N,\N,\N,+1 Lap
2094,95,837,18,12,19,13,13,13,0,43,\N,\N,\N,\N,\N,\N,+1 Lap
2095,95,293,145,20,21,14,14,14,0,43,\N,\N,\N,\N,\N,\N,+1 Lap
2096,95,791,10,19,20,15,15,15,0,43,\N,\N,\N,\N,\N,\N,+1 Lap
2097,95,867,10,18,16,16,16,16,0,42,\N,\N,\N,\N,\N,\N,+2 Laps
2098,95,505,145,21,22,17,17,17,0,42,\N,\N,\N,\N,\N,\N,+2 Laps
2099,95,53,73,4,10,18,R,18,0,32,\N,\N,\N,\N,\N,\N,Fuel pressure
2100,95,13,161,14,17,19,R,19,0,32,\N,\N,\N,\N,\N,\N,Fuel pressure
2101,95,350,161,15,14,20,R,20,0,12,\N,\N,\N,\N,\N,\N,Engine
2102,95,250,18,11,11,21,R,21,0,8,\N,\N,\N,\N,\N,\N,Electrical
2103,95,778,93,6,2,22,R,22,0,4,\N,\N,\N,\N,\N,\N,Collision
2104,96,696,73,3,1,1,1,1,10,53,1:27:31.638,5251638,\N,\N,\N,\N,Finished
2105,96,376,135,1,3,2,2,2,6,53,+3.810,5255448,\N,\N,\N,\N,Finished
2106,96,697,212,9,7,3,3,3,4,53,+52.432,5304070,\N,\N,\N,\N,Finished
2107,96,791,10,19,11,4,4,4,3,53,+59.938,5311576,\N,\N,\N,\N,Finished
2108,96,837,18,12,13,5,5,5,2,53,+1:07.426,5319064,\N,\N,\N,\N,Finished
2109,96,843,15,23,17,6,6,6,1,53,+1:09.293,5320931,\N,\N,\N,\N,Finished
2110,96,674,172,17,15,7,7,7,0,52,\N,\N,\N,\N,\N,\N,+1 Lap
2111,96,206,172,16,16,8,8,8,0,52,\N,\N,\N,\N,\N,\N,+1 Lap
2112,96,293,145,20,21,9,9,9,0,52,\N,\N,\N,\N,\N,\N,+1 Lap
2113,96,505,145,21,22,10,10,10,0,52,\N,\N,\N,\N,\N,\N,+1 Lap
2114,96,250,18,11,9,11,11,11,0,52,\N,\N,\N,\N,\N,\N,+1 Lap
2115,96,13,161,14,19,12,12,12,0,51,\N,\N,\N,\N,\N,\N,+2 Laps
2116,96,350,161,15,20,13,R,13,0,15,\N,\N,\N,\N,\N,\N,Spun off
2117,96,796,15,22,4,14,R,14,0,14,\N,\N,\N,\N,\N,\N,Electrical
2118,96,138,212,10,12,15,R,15,0,10,\N,\N,\N,\N,\N,\N,Spun off
2119,96,354,91,8,18,16,R,16,0,1,\N,\N,\N,\N,\N,\N,Collision
2120,96,53,73,4,2,17,R,17,0,0,\N,\N,\N,\N,\N,\N,Collision
2121,96,183,135,2,5,18,R,18,0,0,\N,\N,\N,\N,\N,\N,Collision
2122,96,778,93,6,6,19,R,19,0,0,\N,\N,\N,\N,\N,\N,Collision
2123,96,274,93,5,8,20,R,20,0,0,\N,\N,\N,\N,\N,\N,Collision
2124,96,867,10,18,10,21,R,21,0,0,\N,\N,\N,\N,\N,\N,Collision
2125,96,383,91,7,14,22,R,22,0,0,\N,\N,\N,\N,\N,\N,Spun off
2126,97,696,73,3,1,1,1,1,10,73,1:36:30.883,5790883,\N,\N,\N,\N,Finished
2127,97,53,73,4,4,2,2,2,6,73,+12.118,5803001,\N,\N,\N,\N,Finished
2128,97,274,93,5,7,3,3,3,4,73,+17.368,5808251,\N,\N,\N,\N,Finished
2129,97,796,15,22,8,4,4,4,3,73,+17.936,5808819,\N,\N,\N,\N,Finished
2130,97,183,135,2,2,5,5,5,2,73,+28.813,5819696,\N,\N,\N,\N,Finished
2131,97,843,15,23,12,6,6,6,1,73,+51.694,5842577,\N,\N,\N,\N,Finished
2132,97,383,91,7,17,7,7,7,0,73,+1:11.115,5861998,\N,\N,\N,\N,Finished
2133,97,206,172,16,9,8,8,8,0,72,\N,\N,\N,\N,\N,\N,+1 Lap
2134,97,350,161,15,16,9,9,9,0,72,\N,\N,\N,\N,\N,\N,+1 Lap
2135,97,837,18,12,11,10,10,10,0,72,\N,\N,\N,\N,\N,\N,+1 Lap
2136,97,354,91,8,19,11,11,11,0,72,\N,\N,\N,\N,\N,\N,+1 Lap
2137,97,293,145,20,22,12,12,12,0,72,\N,\N,\N,\N,\N,\N,+1 Lap
2138,97,13,161,14,20,13,R,13,0,64,\N,\N,\N,\N,\N,\N,Engine
2139,97,505,145,21,21,14,R,14,0,59,\N,\N,\N,\N,\N,\N,Engine
2140,97,697,212,9,10,15,R,15,0,58,\N,\N,\N,\N,\N,\N,Engine
2141,97,867,10,18,18,16,R,16,0,45,\N,\N,\N,\N,\N,\N,Gearbox
2142,97,250,18,11,15,17,R,17,0,44,\N,\N,\N,\N,\N,\N,Engine
2143,97,791,10,19,13,18,R,18,0,34,\N,\N,\N,\N,\N,\N,Brakes
2144,97,376,135,1,3,19,R,19,0,25,\N,\N,\N,\N,\N,\N,Engine
2145,97,674,172,17,14,20,R,20,0,18,\N,\N,\N,\N,\N,\N,Spun off
2146,97,138,212,10,6,21,R,21,0,14,\N,\N,\N,\N,\N,\N,Engine
2147,97,778,93,6,5,22,R,22,0,12,\N,\N,\N,\N,\N,\N,Collision
2148,98,696,73,3,1,1,1,1,10,53,1:29:53.435,5393435,\N,\N,\N,\N,Finished
2149,98,376,135,1,2,2,2,2,6,53,+1.837,5395272,\N,\N,\N,\N,Finished
2150,98,183,135,2,3,3,3,3,4,53,+1:09.914,5463349,\N,\N,\N,\N,Finished
2151,98,53,73,4,4,4,4,4,3,53,+1:19.191,5472626,\N,\N,\N,\N,Finished
2152,98,138,212,10,5,5,5,5,2,53,+1:25.694,5479129,\N,\N,\N,\N,Finished
2153,98,796,15,22,9,6,6,6,1,52,\N,\N,\N,\N,\N,\N,+1 Lap
2154,98,354,91,8,10,7,7,7,0,52,\N,\N,\N,\N,\N,\N,+1 Lap
2155,98,383,91,7,7,8,8,8,0,52,\N,\N,\N,\N,\N,\N,+1 Lap
2156,98,843,15,23,18,9,9,9,0,52,\N,\N,\N,\N,\N,\N,+1 Lap
2157,98,674,172,17,19,10,10,10,0,52,\N,\N,\N,\N,\N,\N,+1 Lap
2158,98,206,172,16,20,11,11,11,0,52,\N,\N,\N,\N,\N,\N,+1 Lap
2159,98,867,10,18,13,12,12,12,0,52,\N,\N,\N,\N,\N,\N,+1 Lap
2160,98,778,93,6,15,13,13,13,0,52,\N,\N,\N,\N,\N,\N,+1 Lap
2161,98,250,18,11,12,14,14,14,0,52,\N,\N,\N,\N,\N,\N,+1 Lap
2162,98,505,145,21,22,15,15,15,0,51,\N,\N,\N,\N,\N,\N,+2 Laps
2163,98,293,145,20,21,16,R,16,0,46,\N,\N,\N,\N,\N,\N,Engine
2164,98,697,212,9,6,17,R,17,0,41,\N,\N,\N,\N,\N,\N,Spun off
2165,98,350,161,15,16,18,R,18,0,41,\N,\N,\N,\N,\N,\N,Suspension
2166,98,837,18,12,11,19,R,19,0,37,\N,\N,\N,\N,\N,\N,Spun off
2167,98,274,93,5,8,20,R,20,0,29,\N,\N,\N,\N,\N,\N,Hydraulics
2168,98,13,161,14,17,21,R,21,0,19,\N,\N,\N,\N,\N,\N,Engine
2169,98,791,10,19,14,22,R,22,0,9,\N,\N,\N,\N,\N,\N,Electrical
2170,99,696,73,3,1,1,1,1,10,56,1:35:54.235,5754235,\N,\N,\N,\N,Finished
2171,99,183,135,2,3,2,2,2,6,56,+0.732,5754967,\N,\N,\N,\N,Finished
2172,99,53,73,4,4,3,3,3,4,56,+18.444,5772679,\N,\N,\N,\N,Finished
2173,99,376,135,1,2,4,4,4,3,56,+35.269,5789504,\N,\N,\N,\N,Finished
2174,99,796,15,22,6,5,5,5,2,56,+1:10.692,5824927,\N,\N,\N,\N,Finished
2175,99,383,91,7,7,6,6,6,1,56,+1:12.568,5826803,\N,\N,\N,\N,Finished
2176,99,837,18,12,5,7,7,7,0,56,+1:29.314,5843549,\N,\N,\N,\N,Finished
2177,99,674,172,17,17,8,8,8,0,55,\N,\N,\N,\N,\N,\N,+1 Lap
2178,99,250,18,11,13,9,9,9,0,55,\N,\N,\N,\N,\N,\N,+1 Lap
2179,99,791,10,19,15,10,10,10,0,55,\N,\N,\N,\N,\N,\N,+1 Lap
2180,99,13,161,14,18,11,11,11,0,55,\N,\N,\N,\N,\N,\N,+1 Lap
2181,99,778,93,6,9,12,12,12,0,55,\N,\N,\N,\N,\N,\N,+1 Lap
2182,99,505,145,21,22,13,13,13,0,50,\N,\N,\N,\N,\N,\N,Engine
2183,99,354,91,8,12,14,R,14,0,48,\N,\N,\N,\N,\N,\N,Suspension
2184,99,843,15,23,11,15,R,15,0,46,\N,\N,\N,\N,\N,\N,Engine
2185,99,697,212,9,8,16,R,16,0,43,\N,\N,\N,\N,\N,\N,Engine
2186,99,293,145,20,21,17,R,17,0,36,\N,\N,\N,\N,\N,\N,Wheel
2187,99,138,212,10,16,18,R,18,0,18,\N,\N,\N,\N,\N,\N,Engine
2188,99,274,93,5,10,19,R,19,0,7,\N,\N,\N,\N,\N,\N,Electrical
2189,99,867,10,18,14,20,R,20,0,0,\N,\N,\N,\N,\N,\N,Collision
2190,99,350,161,15,19,21,R,21,0,0,\N,\N,\N,\N,\N,\N,Collision
2191,99,206,172,16,20,22,R,22,0,0,\N,\N,\N,\N,\N,\N,Collision
2192,100,696,73,1,1,1,1,1,10,58,1:38:26.533,5906533,\N,\N,\N,\N,Finished
2193,100,183,135,4,6,2,2,2,6,58,+1.717,5908250,\N,\N,\N,\N,Finished
2194,100,53,73,2,2,3,3,3,4,58,+33.491,5940024,\N,\N,\N,\N,Finished
2195,100,350,172,16,10,4,4,4,3,58,+1:11.479,5978012,\N,\N,\N,\N,Finished
2196,100,274,93,11,4,5,5,5,2,58,+1:12.807,5979340,\N,\N,\N,\N,Finished
2197,100,669,172,17,13,6,6,6,1,58,+1:24.143,5990676,\N,\N,\N,\N,Finished
2198,100,577,15,9,9,7,7,7,0,58,+1:27.050,5993583,\N,\N,\N,\N,Finished
2199,100,136,91,19,21,8,8,8,0,57,\N,\N,\N,\N,\N,\N,+1 Lap
2200,100,13,161,22,14,9,9,9,0,57,\N,\N,\N,\N,\N,\N,+1 Lap
2201,100,791,10,14,15,10,10,10,0,57,\N,\N,\N,\N,\N,\N,+1 Lap
2202,100,383,91,18,12,11,11,11,0,57,\N,\N,\N,\N,\N,\N,+1 Lap
2203,100,17,145,21,19,12,12,12,0,56,\N,\N,\N,\N,\N,\N,+2 Laps
2204,100,250,18,7,17,13,13,13,0,55,\N,\N,\N,\N,\N,\N,+3 Laps
2205,100,138,18,8,16,14,R,14,0,52,\N,\N,\N,\N,\N,\N,Electrical
2206,100,570,212,6,11,15,R,15,0,40,\N,\N,\N,\N,\N,\N,Engine
2207,100,778,93,12,7,16,R,16,0,38,\N,\N,\N,\N,\N,\N,Engine
2208,100,376,135,3,3,17,R,17,0,25,\N,\N,\N,\N,\N,\N,Suspension
2209,100,697,212,5,5,18,R,18,0,4,\N,\N,\N,\N,\N,\N,Collision
2210,100,796,15,10,8,19,R,19,0,4,\N,\N,\N,\N,\N,\N,Collision
2211,100,493,145,20,22,20,R,20,0,3,\N,\N,\N,\N,\N,\N,Battery
2212,100,75,10,15,18,21,R,21,0,2,\N,\N,\N,\N,\N,\N,Spun off
2213,100,505,161,23,20,22,R,22,0,0,\N,\N,\N,\N,\N,\N,Brakes
2214,101,696,73,1,1,1,1,1,10,55,1:47:34.801,6454801,\N,\N,\N,\N,Finished
2215,101,53,73,2,2,2,2,2,6,55,+23.660,6478461,\N,\N,\N,\N,Finished
2216,101,183,135,4,8,3,3,3,4,55,+28.555,6483356,\N,\N,\N,\N,Finished
2217,101,274,93,11,9,4,4,4,3,55,+46.543,6501344,\N,\N,\N,\N,Finished
2218,101,697,212,5,3,5,5,5,2,55,+48.233,6503034,\N,\N,\N,\N,Finished
2219,101,376,135,3,4,6,6,6,1,55,+48.606,6503407,\N,\N,\N,\N,Finished
2220,101,791,10,14,18,7,7,7,0,55,+1:21.560,6536361,\N,\N,\N,\N,Finished
2221,101,778,93,12,5,8,8,8,0,54,\N,\N,\N,\N,\N,\N,+1 Lap
2222,101,13,161,22,13,9,9,9,0,54,\N,\N,\N,\N,\N,\N,+1 Lap
2223,101,136,91,19,15,10,10,10,0,54,\N,\N,\N,\N,\N,\N,+1 Lap
2224,101,138,18,8,17,11,11,11,0,53,\N,\N,\N,\N,\N,\N,+2 Laps
2225,101,505,161,23,19,12,12,12,0,53,\N,\N,\N,\N,\N,\N,+2 Laps
2226,101,17,145,21,21,13,13,13,0,52,\N,\N,\N,\N,\N,\N,+3 Laps
2227,101,493,145,20,20,14,14,14,0,51,\N,\N,\N,\N,\N,\N,+4 Laps
2228,101,250,18,7,16,15,R,15,0,31,\N,\N,\N,\N,\N,\N,Fuel pressure
2229,101,796,15,10,7,16,R,16,0,3,\N,\N,\N,\N,\N,\N,Spun off
2230,101,350,172,16,11,17,R,17,0,3,\N,\N,\N,\N,\N,\N,Spun off
2231,101,75,10,15,22,18,R,18,0,3,\N,\N,\N,\N,\N,\N,Spun off
2232,101,570,212,6,6,19,R,19,0,3,\N,\N,\N,\N,\N,\N,Spun off
2233,101,383,91,18,12,20,R,20,0,3,\N,\N,\N,\N,\N,\N,Water leak
2234,101,577,15,9,10,21,R,21,0,1,\N,\N,\N,\N,\N,\N,Oil leak
2235,101,669,172,17,14,22,R,22,0,0,\N,\N,\N,\N,\N,\N,Driveshaft
2236,102,183,135,4,5,1,1,1,10,71,1:39:00.834,5940834,\N,\N,\N,\N,Finished
2237,102,696,73,1,1,2,2,2,6,71,+16.164,5956998,\N,\N,\N,\N,Finished
2238,102,350,172,16,9,3,3,3,4,70,\N,\N,\N,\N,\N,\N,+1 Lap
2239,102,577,15,9,11,4,4,4,3,70,\N,\N,\N,\N,\N,\N,+1 Lap
2240,102,778,93,12,7,5,5,5,2,70,\N,\N,\N,\N,\N,\N,+1 Lap
2241,102,250,18,7,18,6,6,6,1,70,\N,\N,\N,\N,\N,\N,+1 Lap
2242,102,796,15,10,12,7,7,7,0,70,\N,\N,\N,\N,\N,\N,+1 Lap
2243,102,13,161,22,15,8,8,8,0,70,\N,\N,\N,\N,\N,\N,+1 Lap
2244,102,493,145,20,22,9,9,9,0,68,\N,\N,\N,\N,\N,\N,+3 Laps
2245,102,138,18,8,20,10,10,10,0,64,\N,\N,\N,\N,\N,\N,+7 Laps
2246,102,274,93,11,8,11,11,11,0,63,\N,\N,\N,\N,\N,\N,Electrical
2247,102,669,172,17,10,12,R,12,0,55,\N,\N,\N,\N,\N,\N,Spun off
2248,102,697,212,5,2,13,R,13,0,54,\N,\N,\N,\N,\N,\N,Spun off
2249,102,505,161,23,21,14,R,14,0,54,\N,\N,\N,\N,\N,\N,Clutch
2250,102,383,91,18,13,15,R,15,0,52,\N,\N,\N,\N,\N,\N,Spun off
2251,102,570,212,6,4,16,R,16,0,38,\N,\N,\N,\N,\N,\N,Collision
2252,102,791,10,14,17,17,R,17,0,37,\N,\N,\N,\N,\N,\N,Collision
2253,102,136,91,19,14,18,R,18,0,30,\N,\N,\N,\N,\N,\N,Engine
2254,102,17,145,21,19,19,R,19,0,25,\N,\N,\N,\N,\N,\N,Electrical
2255,102,75,10,15,16,20,R,20,0,15,\N,\N,\N,\N,\N,\N,Hydraulics
2256,102,53,73,2,6,21,R,21,0,2,\N,\N,\N,\N,\N,\N,Collision
2257,102,376,135,3,3,22,R,22,0,0,\N,\N,\N,\N,\N,\N,Stalled
2258,103,697,212,5,3,1,1,1,10,62,1:30:44.817,5444817,\N,\N,\N,\N,Finished
2259,103,183,135,4,1,2,2,2,6,62,+4.352,5449169,\N,\N,\N,\N,Finished
2260,103,53,73,2,6,3,3,3,4,62,+34.766,5479583,\N,\N,\N,\N,Finished
2261,103,376,135,3,2,4,4,4,3,62,+36.315,5481132,\N,\N,\N,\N,Finished
2262,103,778,93,12,5,5,5,5,2,62,+1:25.558,5530375,\N,\N,\N,\N,Finished
2263,103,274,93,11,9,6,6,6,1,61,\N,\N,\N,\N,\N,\N,+1 Lap
2264,103,350,172,16,12,7,7,7,0,61,\N,\N,\N,\N,\N,\N,+1 Lap
2265,103,577,15,9,8,8,8,8,0,61,\N,\N,\N,\N,\N,\N,+1 Lap
2266,103,13,161,22,14,9,9,9,0,61,\N,\N,\N,\N,\N,\N,+1 Lap
2267,103,75,10,15,16,10,10,10,0,60,\N,\N,\N,\N,\N,\N,+2 Laps
2268,103,136,91,19,15,11,11,11,0,60,\N,\N,\N,\N,\N,\N,+2 Laps
2269,103,138,18,8,21,12,12,12,0,60,\N,\N,\N,\N,\N,\N,+2 Laps
2270,103,493,145,20,22,13,R,13,0,50,\N,\N,\N,\N,\N,\N,Engine
2271,103,570,212,6,7,14,R,14,0,48,\N,\N,\N,\N,\N,\N,Clutch
2272,103,383,91,18,13,15,R,15,0,42,\N,\N,\N,\N,\N,\N,Engine
2273,103,250,18,7,19,16,R,16,0,31,\N,\N,\N,\N,\N,\N,Engine
2274,103,796,15,10,11,17,R,17,0,30,\N,\N,\N,\N,\N,\N,Engine
2275,103,505,161,23,20,18,R,18,0,28,\N,\N,\N,\N,\N,\N,Engine
2276,103,696,73,1,4,19,R,19,0,24,\N,\N,\N,\N,\N,\N,Suspension
2277,103,669,172,17,10,20,R,20,0,17,\N,\N,\N,\N,\N,\N,Steering
2278,103,791,10,14,17,21,R,21,0,6,\N,\N,\N,\N,\N,\N,Exhaust
2279,103,17,145,21,18,22,R,22,0,5,\N,\N,\N,\N,\N,\N,Brakes
2280,104,696,73,1,1,1,1,1,10,65,1:31:03.305,5463305,\N,\N,\N,\N,Finished
2281,104,570,212,6,12,2,2,2,6,65,+40.738,5504043,\N,\N,\N,\N,Finished
2282,104,796,15,10,7,3,3,3,4,65,+49.626,5512931,\N,\N,\N,\N,Finished
2283,104,778,93,12,6,4,4,4,3,65,+51.253,5514558,\N,\N,\N,\N,Finished
2284,104,183,135,4,3,5,5,5,2,65,+51.616,5514921,\N,\N,\N,\N,Finished
2285,104,350,172,16,10,6,6,6,1,65,+1:01.893,5525198,\N,\N,\N,\N,Finished
2286,104,577,15,9,11,7,7,7,0,65,+1:04.977,5528282,\N,\N,\N,\N,Finished
2287,104,669,172,17,9,8,8,8,0,65,+1:19.808,5543113,\N,\N,\N,\N,Finished
2288,104,376,135,3,2,9,9,9,0,64,\N,\N,\N,\N,\N,\N,Clutch
2289,104,13,161,22,15,10,10,10,0,64,\N,\N,\N,\N,\N,\N,+1 Lap
2290,104,136,161,23,14,11,11,11,0,64,\N,\N,\N,\N,\N,\N,+1 Lap
2291,104,791,10,14,17,12,12,12,0,63,\N,\N,\N,\N,\N,\N,+2 Laps
2292,104,17,145,21,18,13,13,13,0,63,\N,\N,\N,\N,\N,\N,+2 Laps
2293,104,250,18,7,19,14,14,14,0,63,\N,\N,\N,\N,\N,\N,+2 Laps
2294,104,138,18,8,21,15,15,15,0,62,\N,\N,\N,\N,\N,\N,+3 Laps
2295,104,493,145,20,22,16,16,16,0,62,\N,\N,\N,\N,\N,\N,+3 Laps
2296,104,53,73,2,4,17,R,17,0,49,\N,\N,\N,\N,\N,\N,Suspension
2297,104,383,91,18,13,18,R,18,0,48,\N,\N,\N,\N,\N,\N,Engine
2298,104,697,212,5,5,19,R,19,0,20,\N,\N,\N,\N,\N,\N,Brakes
2299,104,75,10,15,16,20,R,20,0,8,\N,\N,\N,\N,\N,\N,Fuel pressure
2300,104,867,91,19,20,21,R,21,0,5,\N,\N,\N,\N,\N,\N,Collision
2301,104,274,93,11,8,22,R,22,0,5,\N,\N,\N,\N,\N,\N,Collision
2302,105,183,135,4,7,1,1,1,10,71,1:27:45.927,5265927,\N,\N,\N,\N,Finished
2303,105,696,73,1,1,2,2,2,6,71,+2.190,5268117,\N,\N,\N,\N,Finished
2304,105,53,73,2,4,3,3,3,4,71,+2.527,5268454,\N,\N,\N,\N,Finished
2305,105,669,172,17,9,4,4,4,3,71,+41.593,5307520,\N,\N,\N,\N,Finished
2306,105,577,15,9,10,5,5,5,2,71,+53.775,5319702,\N,\N,\N,\N,Finished
2307,105,791,10,14,16,6,6,6,1,70,\N,\N,\N,\N,\N,\N,+1 Lap
2308,105,383,91,18,13,7,7,7,0,70,\N,\N,\N,\N,\N,\N,+1 Lap
2309,105,796,15,10,12,8,8,8,0,70,\N,\N,\N,\N,\N,\N,+1 Lap
2310,105,350,172,16,6,9,9,9,0,69,\N,\N,\N,\N,\N,\N,+2 Laps
2311,105,13,161,22,20,10,10,10,0,69,\N,\N,\N,\N,\N,\N,+2 Laps
2312,105,136,161,23,17,11,11,11,0,69,\N,\N,\N,\N,\N,\N,+2 Laps
2313,105,138,18,8,21,12,R,12,0,60,\N,\N,\N,\N,\N,\N,Engine
2314,105,867,91,19,14,13,R,13,0,48,\N,\N,\N,\N,\N,\N,Transmission
2315,105,570,212,6,2,14,R,14,0,41,\N,\N,\N,\N,\N,\N,Hydraulics
2316,105,17,145,21,18,15,R,15,0,38,\N,\N,\N,\N,\N,\N,Gearbox
2317,105,493,145,20,22,16,R,16,0,25,\N,\N,\N,\N,\N,\N,Gearbox
2318,105,75,10,15,15,17,R,17,0,17,\N,\N,\N,\N,\N,\N,Hydraulics
2319,105,778,93,12,5,18,D,18,0,14,\N,\N,\N,\N,\N,\N,Disqualified
2320,105,697,212,5,3,19,R,19,0,10,\N,\N,\N,\N,\N,\N,Brakes
2321,105,250,18,7,19,20,R,20,0,3,\N,\N,\N,\N,\N,\N,Engine
2322,105,376,135,3,8,21,R,21,0,1,\N,\N,\N,\N,\N,\N,Transmission
2323,105,274,93,11,11,22,R,22,0,0,\N,\N,\N,\N,\N,\N,Gearbox
2324,106,696,73,1,2,1,1,1,10,78,1:47:22.561,6442561,\N,\N,\N,\N,Finished
2325,106,53,73,2,4,2,2,2,6,78,+0.431,6442992,\N,\N,\N,\N,Finished
2326,106,383,91,18,6,3,3,3,4,78,+30.698,6473259,\N,\N,\N,\N,Finished
2327,106,796,15,10,9,4,4,4,3,78,+32.454,6475015,\N,\N,\N,\N,Finished
2328,106,183,135,4,1,5,5,5,2,77,\N,\N,\N,\N,\N,\N,+1 Lap
2329,106,13,161,22,11,6,6,6,1,77,\N,\N,\N,\N,\N,\N,+1 Lap
2330,106,138,18,8,17,7,7,7,0,77,\N,\N,\N,\N,\N,\N,+1 Lap
2331,106,791,10,14,19,8,8,8,0,77,\N,\N,\N,\N,\N,\N,+1 Lap
2332,106,75,10,15,20,9,9,9,0,76,\N,\N,\N,\N,\N,\N,+2 Laps
2333,106,669,172,17,15,10,10,10,0,73,\N,\N,\N,\N,\N,\N,+5 Laps
2334,106,697,212,5,5,11,R,11,0,57,\N,\N,\N,\N,\N,\N,Electrical
2335,106,493,145,20,22,12,R,12,0,56,\N,\N,\N,\N,\N,\N,Transmission
2336,106,17,145,21,18,13,R,13,0,54,\N,\N,\N,\N,\N,\N,Gearbox
2337,106,274,93,11,13,14,R,14,0,49,\N,\N,\N,\N,\N,\N,Accident
2338,106,250,18,7,10,15,R,15,0,43,\N,\N,\N,\N,\N,\N,Gearbox
2339,106,778,93,12,8,16,R,16,0,30,\N,\N,\N,\N,\N,\N,Hydraulics
2340,106,136,161,23,21,17,R,17,0,24,\N,\N,\N,\N,\N,\N,Gearbox
2341,106,867,91,19,14,18,R,18,0,18,\N,\N,\N,\N,\N,\N,Hydraulics
2342,106,376,135,3,3,19,R,19,0,15,\N,\N,\N,\N,\N,\N,Steering
2343,106,577,15,9,12,20,R,20,0,13,\N,\N,\N,\N,\N,\N,Steering
2344,106,570,212,6,7,21,R,21,0,2,\N,\N,\N,\N,\N,\N,Spun off
2345,106,350,172,16,16,22,R,22,0,0,\N,\N,\N,\N,\N,\N,Collision
2346,107,697,212,5,2,1,1,1,10,69,1:34:31.522,5671522,\N,\N,\N,\N,Finished
2347,107,696,73,1,1,2,2,2,6,69,+20.235,5691757,\N,\N,\N,\N,Finished
2348,107,376,135,3,8,3,3,3,4,69,+40.672,5712194,\N,\N,\N,\N,Finished
2349,107,669,172,17,7,4,4,4,3,69,+1:08.116,5739638,\N,\N,\N,\N,Finished
2350,107,13,161,22,16,5,5,5,2,69,+1:10.435,5741957,\N,\N,\N,\N,Finished
2351,107,867,91,19,14,6,6,6,1,68,\N,\N,\N,\N,\N,\N,+1 Lap
2352,107,843,93,11,12,7,7,7,0,68,\N,\N,\N,\N,\N,\N,+1 Lap
2353,107,136,161,23,19,8,8,8,0,68,\N,\N,\N,\N,\N,\N,+1 Lap
2354,107,493,145,20,21,9,9,9,0,66,\N,\N,\N,\N,\N,\N,+3 Laps
2355,107,791,10,14,13,10,10,10,0,65,\N,\N,\N,\N,\N,\N,Brakes
2356,107,778,93,12,4,11,11,11,0,63,\N,\N,\N,\N,\N,\N,Brakes
2357,107,183,135,4,3,12,R,12,0,54,\N,\N,\N,\N,\N,\N,Engine
2358,107,577,15,9,6,13,R,13,0,38,\N,\N,\N,\N,\N,\N,Brakes
2359,107,796,15,10,9,14,R,14,0,34,\N,\N,\N,\N,\N,\N,Halfshaft
2360,107,75,10,15,17,15,R,15,0,24,\N,\N,\N,\N,\N,\N,Engine
2361,107,570,212,6,10,16,R,16,0,19,\N,\N,\N,\N,\N,\N,Accident
2362,107,53,73,2,5,17,R,17,0,19,\N,\N,\N,\N,\N,\N,Spun off
2363,107,138,18,8,20,18,R,18,0,17,\N,\N,\N,\N,\N,\N,Oil leak
2364,107,17,145,21,22,19,R,19,0,7,\N,\N,\N,\N,\N,\N,Transmission
2365,107,350,172,16,11,20,R,20,0,1,\N,\N,\N,\N,\N,\N,Collision
2366,107,383,91,18,15,21,R,21,0,1,\N,\N,\N,\N,\N,\N,Collision
2367,107,250,18,7,18,22,R,22,0,0,\N,\N,\N,\N,\N,\N,Collision
2368,108,696,73,1,1,1,1,1,10,67,1:29:42.724,5382724,\N,\N,\N,\N,Finished
2369,108,570,212,6,3,2,2,2,6,67,+4.127,5386851,\N,\N,\N,\N,Finished
2370,108,183,135,4,5,3,3,3,4,67,+24.993,5407717,\N,\N,\N,\N,Finished
2371,108,697,212,5,2,4,4,4,3,67,+33.345,5416069,\N,\N,\N,\N,Finished
2372,108,53,73,2,4,5,5,5,2,67,+45.495,5428219,\N,\N,\N,\N,Finished
2373,108,376,135,3,6,6,6,6,1,67,+1:04.868,5447592,\N,\N,\N,\N,Finished
2374,108,383,91,18,12,7,7,7,0,67,+1:06.198,5448922,\N,\N,\N,\N,Finished
2375,108,867,91,19,16,8,8,8,0,66,\N,\N,\N,\N,\N,\N,+1 Lap
2376,108,796,15,10,11,9,9,9,0,66,\N,\N,\N,\N,\N,\N,+1 Lap
2377,108,669,172,17,9,10,10,10,0,66,\N,\N,\N,\N,\N,\N,+1 Lap
2378,108,250,18,7,15,11,11,11,0,66,\N,\N,\N,\N,\N,\N,+1 Lap
2379,108,136,161,23,17,12,12,12,0,65,\N,\N,\N,\N,\N,\N,+2 Laps
2380,108,138,18,8,20,13,13,13,0,65,\N,\N,\N,\N,\N,\N,+2 Laps
2381,108,17,145,21,21,14,14,14,0,65,\N,\N,\N,\N,\N,\N,+2 Laps
2382,108,13,161,22,14,15,15,15,0,64,\N,\N,\N,\N,\N,\N,Spun off
2383,108,791,10,14,19,16,R,16,0,58,\N,\N,\N,\N,\N,\N,Engine
2384,108,350,172,16,10,17,R,17,0,54,\N,\N,\N,\N,\N,\N,Driveshaft
2385,108,274,93,11,8,18,R,18,0,48,\N,\N,\N,\N,\N,\N,Spun off
2386,108,778,93,12,7,19,R,19,0,44,\N,\N,\N,\N,\N,\N,Transmission
2387,108,75,10,15,18,20,R,20,0,29,\N,\N,\N,\N,\N,\N,Gearbox
2388,108,577,15,9,13,21,R,21,0,23,\N,\N,\N,\N,\N,\N,Electrical
2389,108,493,145,20,22,22,R,22,0,7,\N,\N,\N,\N,\N,\N,Electrical
2390,109,696,73,1,2,1,1,1,10,72,1:33:35.636,5615636,\N,\N,\N,\N,Finished
2391,109,697,212,5,1,2,2,2,6,72,+10.399,5626035,\N,\N,\N,\N,Finished
2392,109,53,73,2,8,3,3,3,4,72,+16.381,5632017,\N,\N,\N,\N,Finished
2393,109,183,135,4,3,4,4,4,3,72,+17.106,5632742,\N,\N,\N,\N,Finished
2394,109,778,93,12,5,5,5,5,2,72,+1:08.285,5683921,\N,\N,\N,\N,Finished
2395,109,350,172,16,9,6,6,6,1,71,\N,\N,\N,\N,\N,\N,+1 Lap
2396,109,669,172,17,13,7,7,7,0,71,\N,\N,\N,\N,\N,\N,+1 Lap
2397,109,274,93,11,7,8,8,8,0,71,\N,\N,\N,\N,\N,\N,+1 Lap
2398,109,577,15,9,11,9,9,9,0,71,\N,\N,\N,\N,\N,\N,+1 Lap
2399,109,136,161,23,15,10,10,10,0,71,\N,\N,\N,\N,\N,\N,+1 Lap
2400,109,250,18,7,16,11,11,11,0,71,\N,\N,\N,\N,\N,\N,+1 Lap
2401,109,13,161,22,19,12,12,12,0,70,\N,\N,\N,\N,\N,\N,+2 Laps
2402,109,791,10,14,18,13,13,13,0,70,\N,\N,\N,\N,\N,\N,+2 Laps
2403,109,867,91,19,14,14,14,14,0,70,\N,\N,\N,\N,\N,\N,+2 Laps
2404,109,493,145,20,22,15,15,15,0,69,\N,\N,\N,\N,\N,\N,+3 Laps
2405,109,138,18,8,17,16,16,16,0,68,\N,\N,\N,\N,\N,\N,Fuel pressure
2406,109,17,145,21,21,17,17,17,0,65,\N,\N,\N,\N,\N,\N,Engine
2407,109,383,91,18,12,18,R,18,0,54,\N,\N,\N,\N,\N,\N,Engine
2408,109,570,212,6,6,19,R,19,0,52,\N,\N,\N,\N,\N,\N,Engine
2409,109,75,10,15,20,20,R,20,0,17,\N,\N,\N,\N,\N,\N,Engine
2410,109,796,15,10,10,21,R,21,0,5,\N,\N,\N,\N,\N,\N,Engine
2411,109,376,135,3,4,22,W,22,0,0,\N,\N,\N,\N,\N,\N,Gearbox
2412,110,376,135,3,2,1,1,1,10,60,1:25:33.770,5133770,\N,\N,\N,\N,Finished
2413,110,696,73,1,1,2,2,2,6,60,+33.646,5167416,\N,\N,\N,\N,Finished
2414,110,53,73,2,6,3,3,3,4,60,+59.281,5193051,\N,\N,\N,\N,Finished
2415,110,570,212,6,8,4,4,4,3,60,+1:08.772,5202542,\N,\N,\N,\N,Finished
2416,110,669,172,17,7,5,5,5,2,59,\N,\N,\N,\N,\N,\N,+1 Lap
2417,110,350,172,16,9,6,6,6,1,59,\N,\N,\N,\N,\N,\N,+1 Lap
2418,110,274,93,11,5,7,7,7,0,59,\N,\N,\N,\N,\N,\N,+1 Lap
2419,110,796,15,10,12,8,8,8,0,59,\N,\N,\N,\N,\N,\N,+1 Lap
2420,110,383,91,18,15,9,9,9,0,59,\N,\N,\N,\N,\N,\N,+1 Lap
2421,110,791,10,14,17,10,10,10,0,58,\N,\N,\N,\N,\N,\N,+2 Laps
2422,110,13,161,22,14,11,11,11,0,58,\N,\N,\N,\N,\N,\N,+2 Laps
2423,110,867,91,19,13,12,12,12,0,58,\N,\N,\N,\N,\N,\N,+2 Laps
2424,110,250,18,7,19,13,13,13,0,58,\N,\N,\N,\N,\N,\N,+2 Laps
2425,110,75,10,15,20,14,14,14,0,58,\N,\N,\N,\N,\N,\N,+2 Laps
2426,110,138,18,8,18,15,15,15,0,58,\N,\N,\N,\N,\N,\N,+2 Laps
2427,110,17,145,21,21,16,16,16,0,57,\N,\N,\N,\N,\N,\N,+3 Laps
2428,110,697,212,5,10,17,R,17,0,36,\N,\N,\N,\N,\N,\N,Engine
2429,110,136,161,23,16,18,R,18,0,6,\N,\N,\N,\N,\N,\N,Engine
2430,110,183,135,4,3,19,R,19,0,2,\N,\N,\N,\N,\N,\N,Suspension
2431,110,778,93,12,4,20,R,20,0,0,\N,\N,\N,\N,\N,\N,Collision
2432,110,577,15,9,11,21,R,21,0,0,\N,\N,\N,\N,\N,\N,Collision
2433,111,697,212,5,2,1,1,1,10,45,1:18:17.873,4697873,\N,\N,\N,\N,Finished
2434,111,53,73,2,6,2,2,2,6,45,+46.117,4743990,\N,\N,\N,\N,Finished
2435,111,796,15,10,12,3,3,3,4,45,+1:02.806,4760679,\N,\N,\N,\N,Finished
2436,111,250,18,7,17,4,4,4,3,45,+1:03.477,4761350,\N,\N,\N,\N,Finished
2437,111,138,18,8,18,5,5,5,2,45,+1:05.454,4763327,\N,\N,\N,\N,Finished
2438,111,13,161,22,14,6,6,6,1,45,+1:05.950,4763823,\N,\N,\N,\N,Finished
2439,111,577,15,9,13,7,7,7,0,45,+1:17.527,4775400,\N,\N,\N,\N,Finished
2440,111,75,10,15,19,8,8,8,0,44,\N,\N,\N,\N,\N,\N,+1 Lap
2441,111,791,10,14,20,9,9,9,0,44,\N,\N,\N,\N,\N,\N,+1 Lap
2442,111,17,145,21,21,10,10,10,0,44,\N,\N,\N,\N,\N,\N,+1 Lap
2443,111,778,93,12,10,11,R,11,0,34,\N,\N,\N,\N,\N,\N,Hydraulics
2444,111,183,135,4,5,12,R,12,0,27,\N,\N,\N,\N,\N,\N,Engine
2445,111,493,145,20,22,13,R,13,0,26,\N,\N,\N,\N,\N,\N,Gearbox
2446,111,570,212,6,1,14,R,14,0,24,\N,\N,\N,\N,\N,\N,Engine
2447,111,696,73,1,4,15,R,15,0,23,\N,\N,\N,\N,\N,\N,Fuel pressure
2448,111,136,161,23,16,16,R,16,0,23,\N,\N,\N,\N,\N,\N,Spun off
2449,111,669,172,17,8,17,R,17,0,16,\N,\N,\N,\N,\N,\N,Halfshaft
2450,111,383,91,18,11,18,R,18,0,16,\N,\N,\N,\N,\N,\N,Fuel pressure
2451,111,376,135,3,3,19,R,19,0,13,\N,\N,\N,\N,\N,\N,Engine
2452,111,843,93,11,15,20,R,20,0,7,\N,\N,\N,\N,\N,\N,Collision
2453,111,350,172,16,7,21,R,21,0,0,\N,\N,\N,\N,\N,\N,Collision
2454,111,867,91,19,9,22,R,22,0,0,\N,\N,\N,\N,\N,\N,Collision
2455,112,696,73,1,1,1,1,1,10,77,1:41:49.675,6109675,\N,\N,\N,\N,Finished
2456,112,53,73,2,3,2,2,2,6,77,+3.363,6113038,\N,\N,\N,\N,Finished
2457,112,183,135,4,2,3,3,3,4,77,+3.940,6113615,\N,\N,\N,\N,Finished
2458,112,697,212,5,4,4,4,4,3,77,+49.687,6159362,\N,\N,\N,\N,Finished
2459,112,376,135,3,6,5,5,5,2,77,+1:10.293,6179968,\N,\N,\N,\N,Finished
2460,112,350,172,16,7,6,6,6,1,76,\N,\N,\N,\N,\N,\N,+1 Lap
2461,112,669,172,17,9,7,7,7,0,76,\N,\N,\N,\N,\N,\N,+1 Lap
2462,112,570,212,6,8,8,8,8,0,76,\N,\N,\N,\N,\N,\N,+1 Lap
2463,112,796,15,10,10,9,9,9,0,75,\N,\N,\N,\N,\N,\N,+2 Laps
2464,112,13,93,12,12,10,10,10,0,75,\N,\N,\N,\N,\N,\N,+2 Laps
2465,112,867,91,19,13,11,11,11,0,75,\N,\N,\N,\N,\N,\N,+2 Laps
2466,112,791,10,14,21,12,12,12,0,74,\N,\N,\N,\N,\N,\N,+3 Laps
2467,112,250,18,7,15,13,R,13,0,67,\N,\N,\N,\N,\N,\N,Engine
2468,112,274,161,22,16,14,R,14,0,63,\N,\N,\N,\N,\N,\N,Spun off
2469,112,493,145,20,22,15,R,15,0,63,\N,\N,\N,\N,\N,\N,Oil pressure
2470,112,577,15,9,11,16,R,16,0,58,\N,\N,\N,\N,\N,\N,Electrical
2471,112,778,93,11,5,17,R,17,0,53,\N,\N,\N,\N,\N,\N,Hydraulics
2472,112,17,145,21,18,18,R,18,0,37,\N,\N,\N,\N,\N,\N,Brakes
2473,112,138,18,8,17,19,R,19,0,34,\N,\N,\N,\N,\N,\N,Spun off
2474,112,75,10,15,20,20,R,20,0,11,\N,\N,\N,\N,\N,\N,Spun off
2475,112,136,161,23,19,21,R,21,0,8,\N,\N,\N,\N,\N,\N,Spun off
2476,112,383,91,18,14,22,R,22,0,0,\N,\N,\N,\N,\N,\N,Spun off
2477,113,696,73,1,3,1,1,1,10,36,1:08:05.002,4085002,\N,\N,\N,\N,Finished
2478,113,183,135,4,9,2,2,2,6,36,+10.098,4095100,\N,\N,\N,\N,Finished
2479,113,250,18,7,8,3,3,3,4,36,+27.742,4112743,\N,\N,\N,\N,Finished
2480,113,376,135,3,7,4,4,4,3,36,+36.087,4121089,\N,\N,\N,\N,Finished
2481,113,53,73,2,5,5,5,5,2,36,+54.521,4139523,\N,\N,\N,\N,Finished
2482,113,13,93,12,13,6,6,6,1,36,+59.684,4144685,\N,\N,\N,\N,Finished
2483,113,697,212,5,2,7,7,7,0,36,+59.986,4144988,\N,\N,\N,\N,Finished
2484,113,796,15,10,6,8,8,8,0,36,+1:04.970,4149971,\N,\N,\N,\N,Finished
2485,113,274,161,22,4,9,9,9,0,35,\N,\N,\N,\N,\N,\N,+1 Lap
2486,113,791,10,14,19,10,10,10,0,35,\N,\N,\N,\N,\N,\N,+1 Lap
2487,113,577,15,9,11,11,11,11,0,35,\N,\N,\N,\N,\N,\N,+1 Lap
2488,113,75,10,15,21,12,12,12,0,35,\N,\N,\N,\N,\N,\N,+1 Lap
2489,113,493,145,20,22,13,13,13,0,31,\N,\N,\N,\N,\N,\N,+5 Laps
2490,113,778,93,11,16,14,R,14,0,31,\N,\N,\N,\N,\N,\N,Engine
2491,113,138,18,8,15,15,R,15,0,17,\N,\N,\N,\N,\N,\N,Spun off
2492,113,570,212,6,1,16,R,16,0,1,\N,\N,\N,\N,\N,\N,Engine
2493,113,867,91,19,10,17,R,17,0,1,\N,\N,\N,\N,\N,\N,Collision
2494,113,350,172,16,14,18,R,18,0,0,\N,\N,\N,\N,\N,\N,Collision
2495,113,669,172,17,12,19,R,19,0,0,\N,\N,\N,\N,\N,\N,Transmission
2496,113,383,91,18,17,20,R,20,0,0,\N,\N,\N,\N,\N,\N,Collision
2497,113,136,161,23,18,21,R,21,0,0,\N,\N,\N,\N,\N,\N,Collision
2498,113,17,145,21,20,22,R,22,0,0,\N,\N,\N,\N,\N,\N,Gearbox
2499,114,570,212,6,1,1,1,1,10,53,1:16:58.493,4618493,\N,\N,\N,\N,Finished
2500,114,53,73,2,2,2,2,2,6,53,+5.175,4623668,\N,\N,\N,\N,Finished
2501,114,697,212,5,4,3,3,3,4,53,+17.335,4635828,\N,\N,\N,\N,Finished
2502,114,696,73,1,3,4,4,4,3,53,+24.991,4643484,\N,\N,\N,\N,Finished
2503,114,867,91,19,10,5,5,5,2,53,+1:14.984,4693477,\N,\N,\N,\N,Finished
2504,114,796,15,10,15,6,6,6,1,53,+1:22.469,4700962,\N,\N,\N,\N,Finished
2505,114,669,172,17,9,7,7,7,0,53,+1:23.107,4701600,\N,\N,\N,\N,Finished
2506,114,13,93,12,16,8,8,8,0,52,\N,\N,\N,\N,\N,\N,+1 Lap
2507,114,577,15,9,17,9,9,9,0,52,\N,\N,\N,\N,\N,\N,+1 Lap
2508,114,250,18,7,14,10,10,10,0,52,\N,\N,\N,\N,\N,\N,+1 Lap
2509,114,350,172,16,8,11,11,11,0,52,\N,\N,\N,\N,\N,\N,+1 Lap
2510,114,232,161,23,20,12,12,12,0,52,\N,\N,\N,\N,\N,\N,+1 Lap
2511,114,17,145,21,21,13,13,13,0,51,\N,\N,\N,\N,\N,\N,+2 Laps
2512,114,75,10,15,18,14,R,14,0,46,\N,\N,\N,\N,\N,\N,Crankshaft
2513,114,839,145,20,22,15,R,15,0,44,\N,\N,\N,\N,\N,\N,Spun off
2514,114,274,161,22,12,16,R,16,0,28,\N,\N,\N,\N,\N,\N,Gearbox
2515,114,791,10,14,19,17,R,17,0,25,\N,\N,\N,\N,\N,\N,Fuel pressure
2516,114,376,135,3,7,18,R,18,0,19,\N,\N,\N,\N,\N,\N,Gearbox
2517,114,383,91,18,13,19,R,19,0,14,\N,\N,\N,\N,\N,\N,Engine
2518,114,183,135,4,6,20,R,20,0,6,\N,\N,\N,\N,\N,\N,Engine
2519,114,138,18,8,11,21,R,21,0,4,\N,\N,\N,\N,\N,\N,Engine
2520,114,778,93,11,5,22,R,22,0,0,\N,\N,\N,\N,\N,\N,Collision
2521,115,376,135,3,4,1,1,1,10,73,1:32:42.840,5562840,\N,\N,\N,\N,Finished
2522,115,696,73,1,1,2,2,2,6,73,+11.046,5573886,\N,\N,\N,\N,Finished
2523,115,183,135,4,7,3,3,3,4,73,+12.043,5574883,\N,\N,\N,\N,Finished
2524,115,778,93,11,8,4,4,4,3,73,+57.423,5620263,\N,\N,\N,\N,Finished
2525,115,383,91,18,14,5,5,5,2,73,+1:12.434,5635274,\N,\N,\N,\N,Finished
2526,115,350,172,16,6,6,6,6,1,73,+1:12.996,5635836,\N,\N,\N,\N,Finished
2527,115,13,93,12,9,7,7,7,0,72,\N,\N,\N,\N,\N,\N,+1 Lap
2528,115,250,18,7,12,8,8,8,0,72,\N,\N,\N,\N,\N,\N,+1 Lap
2529,115,138,18,8,10,9,9,9,0,72,\N,\N,\N,\N,\N,\N,+1 Lap
2530,115,274,161,22,15,10,10,10,0,72,\N,\N,\N,\N,\N,\N,+1 Lap
2531,115,577,15,9,13,11,11,11,0,72,\N,\N,\N,\N,\N,\N,+1 Lap
2532,115,867,91,19,16,12,12,12,0,72,\N,\N,\N,\N,\N,\N,+1 Lap
2533,115,75,10,15,19,13,13,13,0,72,\N,\N,\N,\N,\N,\N,+1 Lap
2534,115,232,161,23,21,14,14,14,0,72,\N,\N,\N,\N,\N,\N,+1 Lap
2535,115,53,73,2,5,15,15,15,0,71,\N,\N,\N,\N,\N,\N,Engine
2536,115,796,15,10,18,16,R,16,0,45,\N,\N,\N,\N,\N,\N,Suspension
2537,115,791,10,14,20,17,R,17,0,44,\N,\N,\N,\N,\N,\N,Engine
2538,115,570,212,6,3,18,R,18,0,38,\N,\N,\N,\N,\N,\N,Hydraulics
2539,115,839,145,20,22,19,R,19,0,38,\N,\N,\N,\N,\N,\N,Gearbox
2540,115,697,212,5,2,20,R,20,0,36,\N,\N,\N,\N,\N,\N,Spun off
2541,115,17,145,21,17,21,R,21,0,36,\N,\N,\N,\N,\N,\N,Driveshaft
2542,115,669,172,17,11,22,R,22,0,2,\N,\N,\N,\N,\N,\N,Driveshaft
2543,116,696,73,1,1,1,1,1,10,53,1:27:33.298,5253298,\N,\N,\N,\N,Finished
2544,116,570,212,6,2,2,2,2,6,53,+3.154,5256452,\N,\N,\N,\N,Finished
2545,116,183,135,4,7,3,3,3,4,53,+23.262,5276560,\N,\N,\N,\N,Finished
2546,116,376,135,3,5,4,4,4,3,53,+35.539,5288837,\N,\N,\N,\N,Finished
2547,116,53,73,2,4,5,5,5,2,53,+36.544,5289842,\N,\N,\N,\N,Finished
2548,116,697,212,5,3,6,6,6,1,53,+37.122,5290420,\N,\N,\N,\N,Finished
2549,116,138,18,8,9,7,7,7,0,53,+1:37.102,5350400,\N,\N,\N,\N,Finished
2550,116,778,93,11,8,8,8,8,0,52,\N,\N,\N,\N,\N,\N,+1 Lap
2551,116,350,172,16,10,9,9,9,0,52,\N,\N,\N,\N,\N,\N,+1 Lap
2552,116,796,15,10,14,10,10,10,0,52,\N,\N,\N,\N,\N,\N,+1 Lap
2553,116,17,145,21,18,11,11,11,0,52,\N,\N,\N,\N,\N,\N,+1 Lap
2554,116,274,161,22,15,12,12,12,0,52,\N,\N,\N,\N,\N,\N,+1 Lap
2555,116,577,15,9,17,13,13,13,0,51,\N,\N,\N,\N,\N,\N,+2 Laps
2556,116,75,10,15,20,14,14,14,0,51,\N,\N,\N,\N,\N,\N,+2 Laps
2557,116,791,10,14,21,15,15,15,0,51,\N,\N,\N,\N,\N,\N,+2 Laps
2558,116,839,145,20,22,16,16,16,0,50,\N,\N,\N,\N,\N,\N,+3 Laps
2559,116,250,18,7,6,17,17,17,0,47,\N,\N,\N,\N,\N,\N,Gearbox
2560,116,867,91,19,16,18,R,18,0,45,\N,\N,\N,\N,\N,\N,Oil leak
2561,116,232,161,23,19,19,R,19,0,42,\N,\N,\N,\N,\N,\N,Brakes
2562,116,383,91,18,13,20,R,20,0,24,\N,\N,\N,\N,\N,\N,Fuel rig
2563,116,669,172,17,12,21,R,21,0,5,\N,\N,\N,\N,\N,\N,Collision
2564,116,13,93,12,11,22,R,22,0,5,\N,\N,\N,\N,\N,\N,Collision
2565,117,696,73,1,2,1,1,1,10,58,1:35:36.792,5736792,\N,\N,\N,\N,Finished
2566,117,570,212,6,6,2,2,2,6,58,+18.628,5755420,\N,\N,\N,\N,Finished
2567,117,669,135,4,5,3,3,3,4,58,+25.067,5761859,\N,\N,\N,\N,Finished
2568,117,383,91,16,19,4,4,4,3,57,\N,\N,\N,\N,\N,\N,+1 Lap
2569,117,811,145,23,18,5,5,5,2,56,\N,\N,\N,\N,\N,\N,+2 Laps
2570,117,674,201,24,14,6,6,6,1,56,\N,\N,\N,\N,\N,\N,+2 Laps
2571,117,839,145,22,21,7,7,7,0,55,\N,\N,\N,\N,\N,\N,+3 Laps
2572,117,867,91,17,20,8,8,8,0,53,\N,\N,\N,\N,\N,\N,+5 Laps
2573,117,183,135,3,4,9,R,9,0,33,\N,\N,\N,\N,\N,\N,Gearbox
2574,117,796,15,11,13,10,R,10,0,27,\N,\N,\N,\N,\N,\N,Broken wing
2575,117,274,10,20,15,11,D,11,0,16,\N,\N,\N,\N,\N,\N,Disqualified
2576,117,75,10,21,17,12,D,12,0,15,\N,\N,\N,\N,\N,\N,Disqualified
2577,117,679,93,10,22,13,R,13,0,12,\N,\N,\N,\N,\N,\N,Electrical
2578,117,778,170,14,7,14,R,14,0,8,\N,\N,\N,\N,\N,\N,Spun off
2579,117,53,73,2,1,15,R,15,0,0,\N,\N,\N,\N,\N,\N,Collision
2580,117,697,212,5,3,16,R,16,0,0,\N,\N,\N,\N,\N,\N,Collision
2581,117,250,93,9,8,17,R,17,0,0,\N,\N,\N,\N,\N,\N,Collision
2582,117,500,172,8,9,18,R,18,0,0,\N,\N,\N,\N,\N,\N,Collision
2583,117,350,172,7,10,19,R,19,0,0,\N,\N,\N,\N,\N,\N,Collision
2584,117,138,170,15,11,20,R,20,0,0,\N,\N,\N,\N,\N,\N,Collision
2585,117,577,15,12,12,21,R,21,0,0,\N,\N,\N,\N,\N,\N,Collision
2586,117,513,201,25,16,22,R,22,0,0,\N,\N,\N,\N,\N,\N,Collision
2587,118,697,212,5,4,1,1,1,10,56,1:34:12.912,5652912,\N,\N,\N,\N,Finished
2588,118,570,212,6,2,2,2,2,6,56,+39.700,5692612,\N,\N,\N,\N,Finished
2589,118,696,73,1,1,3,3,3,4,56,+1:01.795,5714707,\N,\N,\N,\N,Finished
2590,118,138,170,15,8,4,4,4,3,56,+1:09.767,5722679,\N,\N,\N,\N,Finished
2591,118,350,172,7,7,5,5,5,2,55,\N,\N,\N,\N,\N,\N,+1 Lap
2592,118,500,172,8,14,6,6,6,1,55,\N,\N,\N,\N,\N,\N,+1 Lap
2593,118,513,201,25,19,7,7,7,0,55,\N,\N,\N,\N,\N,\N,+1 Lap
2594,118,796,15,11,13,8,8,8,0,55,\N,\N,\N,\N,\N,\N,+1 Lap
2595,118,679,93,10,15,9,9,9,0,54,\N,\N,\N,\N,\N,\N,+2 Laps
2596,118,867,91,17,17,10,10,10,0,54,\N,\N,\N,\N,\N,\N,+2 Laps
2597,118,274,10,20,11,11,11,11,0,54,\N,\N,\N,\N,\N,\N,+2 Laps
2598,118,674,201,24,10,12,12,12,0,53,\N,\N,\N,\N,\N,\N,+3 Laps
2599,118,250,93,9,9,13,13,13,0,53,\N,\N,\N,\N,\N,\N,+3 Laps
2600,118,53,73,2,3,14,R,14,0,39,\N,\N,\N,\N,\N,\N,Engine
2601,118,811,145,23,21,15,R,15,0,34,\N,\N,\N,\N,\N,\N,Electrical
2602,118,383,91,16,20,16,R,16,0,30,\N,\N,\N,\N,\N,\N,Hydraulics
2603,118,839,145,22,22,17,R,17,0,29,\N,\N,\N,\N,\N,\N,Gearbox
2604,118,669,135,4,5,18,R,18,0,24,\N,\N,\N,\N,\N,\N,Engine
2605,118,75,10,21,16,19,R,19,0,20,\N,\N,\N,\N,\N,\N,Fuel
2606,118,183,135,3,6,20,R,20,0,15,\N,\N,\N,\N,\N,\N,Engine
2607,118,577,15,12,18,21,R,21,0,9,\N,\N,\N,\N,\N,\N,Clutch
2608,118,778,170,14,12,22,R,22,0,9,\N,\N,\N,\N,\N,\N,Overheating
2609,119,696,73,1,2,1,1,1,10,71,1:31:43.662,5503662,\N,\N,\N,\N,Finished
2610,119,697,212,5,3,2,2,2,6,71,+0.588,5504250,\N,\N,\N,\N,Finished
2611,119,183,135,3,4,3,3,3,4,71,+59.109,5562771,\N,\N,\N,\N,Finished
2612,119,138,170,15,7,4,4,4,3,71,+1:06.883,5570545,\N,\N,\N,\N,Finished
2613,119,570,212,6,1,5,5,5,2,71,+1:07.563,5571225,\N,\N,\N,\N,Finished
2614,119,674,201,24,10,6,6,6,1,70,\N,\N,\N,\N,\N,\N,+1 Lap
2615,119,383,91,16,13,7,7,7,0,70,\N,\N,\N,\N,\N,\N,+1 Lap
2616,119,867,91,17,11,8,8,8,0,70,\N,\N,\N,\N,\N,\N,+1 Lap
2617,119,679,93,10,19,9,9,9,0,69,\N,\N,\N,\N,\N,\N,+2 Laps
2618,119,796,15,11,15,10,10,10,0,68,\N,\N,\N,\N,\N,\N,Engine
2619,119,811,145,23,20,11,11,11,0,68,\N,\N,\N,\N,\N,\N,+3 Laps
2620,119,669,135,4,5,12,12,12,0,67,\N,\N,\N,\N,\N,\N,Wheel rim
2621,119,839,145,22,22,13,13,13,0,67,\N,\N,\N,\N,\N,\N,+4 Laps
2622,119,350,172,7,9,14,R,14,0,61,\N,\N,\N,\N,\N,\N,Brakes
2623,119,778,170,14,6,15,R,15,0,60,\N,\N,\N,\N,\N,\N,Engine
2624,119,500,172,8,12,16,R,16,0,41,\N,\N,\N,\N,\N,\N,Collision
2625,119,513,201,25,16,17,R,17,0,40,\N,\N,\N,\N,\N,\N,Spun off
2626,119,577,15,12,17,18,R,18,0,25,\N,\N,\N,\N,\N,\N,Gearbox
2627,119,274,10,20,18,19,R,19,0,25,\N,\N,\N,\N,\N,\N,Suspension
2628,119,75,10,21,21,20,R,20,0,19,\N,\N,\N,\N,\N,\N,Suspension
2629,119,53,73,2,8,21,R,21,0,16,\N,\N,\N,\N,\N,\N,Hydraulics
2630,119,250,93,9,14,22,R,22,0,6,\N,\N,\N,\N,\N,\N,Engine
2631,120,696,73,1,1,1,1,1,10,62,1:29:10.789,5350789,\N,\N,\N,\N,Finished
2632,120,53,73,2,2,2,2,2,6,62,+17.907,5368696,\N,\N,\N,\N,Finished
2633,120,697,212,5,3,3,3,3,4,62,+19.755,5370544,\N,\N,\N,\N,Finished
2634,120,570,212,6,4,4,4,4,3,62,+44.725,5395514,\N,\N,\N,\N,Finished
2635,120,138,170,15,9,5,5,5,2,62,+1:23.395,5434184,\N,\N,\N,\N,Finished
2636,120,183,135,3,6,6,6,6,1,61,\N,\N,\N,\N,\N,\N,+1 Lap
2637,120,796,15,11,10,7,7,7,0,61,\N,\N,\N,\N,\N,\N,+1 Lap
2638,120,500,172,8,11,8,8,8,0,61,\N,\N,\N,\N,\N,\N,+1 Lap
2639,120,778,170,14,8,9,9,9,0,61,\N,\N,\N,\N,\N,\N,+1 Lap
2640,120,350,172,7,7,10,10,10,0,61,\N,\N,\N,\N,\N,\N,+1 Lap
2641,120,811,145,23,19,11,11,11,0,60,\N,\N,\N,\N,\N,\N,+2 Laps
2642,120,75,10,21,20,12,R,12,0,50,\N,\N,\N,\N,\N,\N,Power loss
2643,120,383,91,16,18,13,R,13,0,45,\N,\N,\N,\N,\N,\N,Driveshaft
2644,120,669,135,4,5,14,R,14,0,44,\N,\N,\N,\N,\N,\N,Exhaust
2645,120,577,15,12,12,15,R,15,0,44,\N,\N,\N,\N,\N,\N,Throttle
2646,120,867,91,17,22,16,R,16,0,30,\N,\N,\N,\N,\N,\N,Driveshaft
2647,120,674,201,24,16,17,R,17,0,26,\N,\N,\N,\N,\N,\N,Gearbox
2648,120,274,10,20,13,18,R,18,0,25,\N,\N,\N,\N,\N,\N,Power loss
2649,120,250,93,9,15,19,R,19,0,19,\N,\N,\N,\N,\N,\N,Hydraulics
2650,120,679,93,10,14,20,R,20,0,5,\N,\N,\N,\N,\N,\N,Gearbox
2651,120,513,201,25,17,21,R,21,0,0,\N,\N,\N,\N,\N,\N,Electrical
2652,121,696,73,1,1,1,1,1,10,65,1:30:29.981,5429981,\N,\N,\N,\N,Finished
2653,121,570,212,6,4,2,2,2,6,65,+35.630,5465611,\N,\N,\N,\N,Finished
2654,121,183,135,3,7,3,3,3,4,65,+42.623,5472604,\N,\N,\N,\N,Finished
2655,121,350,172,7,8,4,4,4,3,65,+1:06.697,5496678,\N,\N,\N,\N,Finished
2656,121,500,172,8,11,5,5,5,2,65,+1:18.973,5508954,\N,\N,\N,\N,Finished
2657,121,274,10,20,10,6,6,6,1,65,+1:20.430,5510411,\N,\N,\N,\N,Finished
2658,121,796,15,11,15,7,7,7,0,64,\N,\N,\N,\N,\N,\N,+1 Lap
2659,121,513,201,25,19,8,8,8,0,64,\N,\N,\N,\N,\N,\N,+1 Lap
2660,121,674,201,24,17,9,9,9,0,64,\N,\N,\N,\N,\N,\N,+1 Lap
2661,121,778,170,14,9,10,10,10,0,63,\N,\N,\N,\N,\N,\N,Engine
2662,121,697,212,5,3,11,11,11,0,63,\N,\N,\N,\N,\N,\N,Engine
2663,121,138,170,15,6,12,12,12,0,60,\N,\N,\N,\N,\N,\N,Hydraulics
2664,121,577,15,12,13,13,R,13,0,43,\N,\N,\N,\N,\N,\N,Exhaust
2665,121,383,91,16,22,14,R,14,0,41,\N,\N,\N,\N,\N,\N,Hydraulics
2666,121,75,10,21,14,15,R,15,0,40,\N,\N,\N,\N,\N,\N,Hydraulics
2667,121,679,93,10,18,16,R,16,0,10,\N,\N,\N,\N,\N,\N,Spun off
2668,121,250,93,9,12,17,R,17,0,5,\N,\N,\N,\N,\N,\N,Hydraulics
2669,121,669,135,4,5,18,R,18,0,4,\N,\N,\N,\N,\N,\N,Rear wing
2670,121,867,91,17,16,19,R,19,0,2,\N,\N,\N,\N,\N,\N,Spun off
2671,121,53,73,2,2,20,W,20,0,0,\N,\N,\N,\N,\N,\N,Gearbox
2672,121,811,145,22,20,21,W,21,0,0,\N,\N,\N,\N,\N,\N,Safety
2673,121,839,145,23,21,22,W,22,0,0,\N,\N,\N,\N,\N,\N,Safety
2674,122,696,73,1,3,1,1,1,10,71,1:33:51.562,5631562,\N,\N,\N,\N,Finished
2675,122,53,73,2,1,2,2,2,6,71,+0.182,5631744,\N,\N,\N,\N,Finished
2676,122,570,212,6,4,3,3,3,4,71,+17.730,5649292,\N,\N,\N,\N,Finished
2677,122,697,212,5,2,4,4,4,3,71,+18.448,5650010,\N,\N,\N,\N,Finished
2678,122,250,93,9,15,5,5,5,2,71,+49.965,5681527,\N,\N,\N,\N,Finished
2679,122,183,135,3,8,6,6,6,1,71,+50.672,5682234,\N,\N,\N,\N,Finished
2680,122,138,170,15,13,7,7,7,0,71,+51.229,5682791,\N,\N,\N,\N,Finished
2681,122,674,201,24,10,8,8,8,0,71,+1:09.425,5700987,\N,\N,\N,\N,Finished
2682,122,513,201,25,14,9,9,9,0,71,+1:09.718,5701280,\N,\N,\N,\N,Finished
2683,122,796,15,11,17,10,10,10,0,70,\N,\N,\N,\N,\N,\N,+1 Lap
2684,122,274,10,20,11,11,11,11,0,69,\N,\N,\N,\N,\N,\N,+2 Laps
2685,122,811,145,23,21,12,12,12,0,69,\N,\N,\N,\N,\N,\N,+2 Laps
2686,122,778,170,14,16,13,R,13,0,44,\N,\N,\N,\N,\N,\N,Fuel pressure
2687,122,839,145,22,22,14,R,14,0,42,\N,\N,\N,\N,\N,\N,Engine
2688,122,383,91,16,20,15,R,15,0,38,\N,\N,\N,\N,\N,\N,Hydraulics
2689,122,350,172,7,5,16,R,16,0,27,\N,\N,\N,\N,\N,\N,Collision
2690,122,679,93,10,18,17,R,17,0,26,\N,\N,\N,\N,\N,\N,Collision
2691,122,577,15,12,9,18,R,18,0,22,\N,\N,\N,\N,\N,\N,Engine
2692,122,500,172,8,7,19,R,19,0,7,\N,\N,\N,\N,\N,\N,Suspension
2693,122,669,135,4,6,20,R,20,0,5,\N,\N,\N,\N,\N,\N,Engine
2694,122,75,10,21,12,21,R,21,0,2,\N,\N,\N,\N,\N,\N,Collision
2695,122,867,91,17,19,22,R,22,0,0,\N,\N,\N,\N,\N,\N,Throttle
2696,123,183,135,3,2,1,1,1,10,78,1:45:39.055,6339055,\N,\N,\N,\N,Finished
2697,123,696,73,1,3,2,2,2,6,78,+1.050,6340105,\N,\N,\N,\N,Finished
2698,123,697,212,5,4,3,3,3,4,78,+1:07.450,6406505,\N,\N,\N,\N,Finished
2699,123,778,170,14,7,4,4,4,3,77,\N,\N,\N,\N,\N,\N,+1 Lap
2700,123,250,93,9,11,5,5,5,2,77,\N,\N,\N,\N,\N,\N,+1 Lap
2701,123,274,10,20,12,6,6,6,1,77,\N,\N,\N,\N,\N,\N,+1 Lap
2702,123,53,73,2,5,7,7,7,0,77,\N,\N,\N,\N,\N,\N,+1 Lap
2703,123,350,172,7,15,8,8,8,0,76,\N,\N,\N,\N,\N,\N,+2 Laps
2704,123,383,91,16,19,9,9,9,0,76,\N,\N,\N,\N,\N,\N,+2 Laps
2705,123,867,91,17,17,10,10,10,0,76,\N,\N,\N,\N,\N,\N,+2 Laps
2706,123,811,145,23,20,11,11,11,0,76,\N,\N,\N,\N,\N,\N,+2 Laps
2707,123,75,10,21,21,12,12,12,0,76,\N,\N,\N,\N,\N,\N,+2 Laps
2708,123,674,201,24,9,13,R,13,0,69,\N,\N,\N,\N,\N,\N,Brakes
2709,123,500,172,8,13,14,R,14,0,63,\N,\N,\N,\N,\N,\N,Accident
2710,123,577,15,12,18,15,R,15,0,51,\N,\N,\N,\N,\N,\N,Collision
2711,123,138,170,15,8,16,R,16,0,51,\N,\N,\N,\N,\N,\N,Collision
2712,123,570,212,6,1,17,R,17,0,46,\N,\N,\N,\N,\N,\N,Engine
2713,123,796,15,11,14,18,R,18,0,44,\N,\N,\N,\N,\N,\N,Mechanical
2714,123,669,135,4,6,19,R,19,0,41,\N,\N,\N,\N,\N,\N,Collision
2715,123,839,145,22,22,20,R,20,0,29,\N,\N,\N,\N,\N,\N,Accident
2716,123,679,93,10,16,21,R,21,0,22,\N,\N,\N,\N,\N,\N,Spun off
2717,123,513,201,25,10,22,R,22,0,15,\N,\N,\N,\N,\N,\N,Accident
2718,124,696,73,1,2,1,1,1,10,70,1:33:36.111,5616111,\N,\N,\N,\N,Finished
2719,124,183,135,3,8,2,2,2,6,70,+1.132,5617243,\N,\N,\N,\N,Finished
2720,124,53,73,2,3,3,3,3,4,70,+7.082,5623193,\N,\N,\N,\N,Finished
2721,124,669,135,4,5,4,4,4,3,70,+37.563,5653674,\N,\N,\N,\N,Finished
2722,124,250,93,9,6,5,5,5,2,70,+42.812,5658923,\N,\N,\N,\N,Finished
2723,124,778,170,14,10,6,6,6,1,70,+48.947,5665058,\N,\N,\N,\N,Finished
2724,124,697,212,5,4,7,7,7,0,70,\N,\N,\N,\N,\N,\N,Engine
2725,124,577,15,12,11,8,8,8,0,69,\N,\N,\N,\N,\N,\N,+1 Lap
2726,124,500,172,8,12,9,9,9,0,69,\N,\N,\N,\N,\N,\N,+1 Lap
2727,124,679,93,10,15,10,10,10,0,69,\N,\N,\N,\N,\N,\N,+1 Lap
2728,124,811,145,23,21,11,11,11,0,69,\N,\N,\N,\N,\N,\N,+1 Lap
2729,124,350,172,7,7,12,12,12,0,69,\N,\N,\N,\N,\N,\N,+1 Lap
2730,124,274,10,20,19,13,13,13,0,69,\N,\N,\N,\N,\N,\N,+1 Lap
2731,124,839,145,22,22,14,14,14,0,68,\N,\N,\N,\N,\N,\N,+2 Laps
2732,124,138,170,15,13,15,15,15,0,65,\N,\N,\N,\N,\N,\N,Gearbox
2733,124,570,212,6,1,16,R,16,0,56,\N,\N,\N,\N,\N,\N,Engine
2734,124,513,201,25,20,17,R,17,0,45,\N,\N,\N,\N,\N,\N,Spun off
2735,124,383,91,16,14,18,R,18,0,41,\N,\N,\N,\N,\N,\N,Overheating
2736,124,674,201,24,18,19,R,19,0,41,\N,\N,\N,\N,\N,\N,Brakes
2737,124,867,91,17,16,20,R,20,0,29,\N,\N,\N,\N,\N,\N,Gearbox
2738,124,75,10,21,17,21,R,21,0,16,\N,\N,\N,\N,\N,\N,Suspension
2739,124,796,15,11,9,22,R,22,0,8,\N,\N,\N,\N,\N,\N,Oil pressure
2740,125,53,73,2,4,1,1,1,10,60,1:35:07.426,5707426,\N,\N,\N,\N,Finished
2741,125,696,73,1,3,2,2,2,6,60,+0.294,5707720,\N,\N,\N,\N,Finished
2742,125,669,135,4,6,3,3,3,4,60,+46.435,5753861,\N,\N,\N,\N,Finished
2743,125,697,212,5,2,4,4,4,3,60,+1:06.963,5774389,\N,\N,\N,\N,Finished
2744,125,138,170,15,8,5,5,5,2,60,+1:16.944,5784370,\N,\N,\N,\N,Finished
2745,125,500,172,8,11,6,6,6,1,59,\N,\N,\N,\N,\N,\N,+1 Lap
2746,125,350,172,7,9,7,7,7,0,59,\N,\N,\N,\N,\N,\N,+1 Lap
2747,125,778,170,14,7,8,8,8,0,59,\N,\N,\N,\N,\N,\N,+1 Lap
2748,125,577,15,12,12,9,9,9,0,59,\N,\N,\N,\N,\N,\N,+1 Lap
2749,125,867,91,17,16,10,10,10,0,59,\N,\N,\N,\N,\N,\N,+1 Lap
2750,125,75,10,21,21,11,11,11,0,59,\N,\N,\N,\N,\N,\N,+1 Lap
2751,125,796,15,11,19,12,12,12,0,59,\N,\N,\N,\N,\N,\N,+1 Lap
2752,125,274,10,20,15,13,13,13,0,59,\N,\N,\N,\N,\N,\N,+1 Lap
2753,125,513,201,25,13,14,14,14,0,59,\N,\N,\N,\N,\N,\N,+1 Lap
2754,125,811,145,23,20,15,15,15,0,58,\N,\N,\N,\N,\N,\N,+2 Laps
2755,125,679,93,10,14,16,16,16,0,58,\N,\N,\N,\N,\N,\N,+2 Laps
2756,125,674,201,24,10,17,R,17,0,51,\N,\N,\N,\N,\N,\N,Gearbox
2757,125,839,145,22,22,18,R,18,0,48,\N,\N,\N,\N,\N,\N,Hydraulics
2758,125,383,91,16,17,19,R,19,0,41,\N,\N,\N,\N,\N,\N,Hydraulics
2759,125,570,212,6,1,20,R,20,0,27,\N,\N,\N,\N,\N,\N,Collision
2760,125,183,135,3,5,21,R,21,0,27,\N,\N,\N,\N,\N,\N,Collision
2761,125,250,93,9,18,22,R,22,0,26,\N,\N,\N,\N,\N,\N,Accident
2762,126,696,73,1,3,1,1,1,10,60,1:31:45.015,5505015,\N,\N,\N,\N,Finished
2763,126,53,73,2,2,2,2,2,6,60,+14.578,5519593,\N,\N,\N,\N,Finished
2764,126,570,212,6,1,3,3,3,4,60,+31.661,5536676,\N,\N,\N,\N,Finished
2765,126,796,15,11,9,4,4,4,3,59,\N,\N,\N,\N,\N,\N,+1 Lap
2766,126,577,15,12,13,5,5,5,2,59,\N,\N,\N,\N,\N,\N,+1 Lap
2767,126,350,172,7,10,6,6,6,1,59,\N,\N,\N,\N,\N,\N,+1 Lap
2768,126,250,93,9,17,7,7,7,0,59,\N,\N,\N,\N,\N,\N,+1 Lap
2769,126,697,212,5,4,8,8,8,0,59,\N,\N,\N,\N,\N,\N,+1 Lap
2770,126,500,172,8,11,9,9,9,0,59,\N,\N,\N,\N,\N,\N,+1 Lap
2771,126,183,135,3,6,10,10,10,0,58,\N,\N,\N,\N,\N,\N,+2 Laps
2772,126,867,91,17,21,11,11,11,0,58,\N,\N,\N,\N,\N,\N,+2 Laps
2773,126,138,170,15,12,12,12,12,0,54,\N,\N,\N,\N,\N,\N,Wheel
2774,126,679,93,10,14,13,R,13,0,50,\N,\N,\N,\N,\N,\N,Engine
2775,126,669,135,4,5,14,R,14,0,44,\N,\N,\N,\N,\N,\N,Engine
2776,126,778,170,14,7,15,R,15,0,29,\N,\N,\N,\N,\N,\N,Electronics
2777,126,75,10,21,18,16,R,16,0,28,\N,\N,\N,\N,\N,\N,Driveshaft
2778,126,383,91,16,19,17,R,17,0,23,\N,\N,\N,\N,\N,\N,Spun off
2779,126,274,10,20,16,18,R,18,0,20,\N,\N,\N,\N,\N,\N,Engine
2780,126,674,201,24,8,19,R,19,0,15,\N,\N,\N,\N,\N,\N,Drivetrain
2781,126,811,145,23,20,20,R,20,0,9,\N,\N,\N,\N,\N,\N,Clutch
2782,126,513,201,25,15,21,R,21,0,0,\N,\N,\N,\N,\N,\N,Clutch
2783,127,696,73,1,2,1,1,1,10,72,1:32:09.837,5529837,\N,\N,\N,\N,Finished
2784,127,669,135,4,4,2,2,2,6,72,+1.104,5530941,\N,\N,\N,\N,Finished
2785,127,183,135,3,6,3,3,3,4,72,+31.975,5561812,\N,\N,\N,\N,Finished
2786,127,570,212,6,1,4,4,4,3,72,+40.675,5570512,\N,\N,\N,\N,Finished
2787,127,697,212,5,5,5,5,5,2,72,+41.772,5571609,\N,\N,\N,\N,Finished
2788,127,138,170,15,7,6,6,6,1,71,\N,\N,\N,\N,\N,\N,+1 Lap
2789,127,350,172,7,10,7,7,7,0,71,\N,\N,\N,\N,\N,\N,+1 Lap
2790,127,811,145,23,18,8,8,8,0,71,\N,\N,\N,\N,\N,\N,+1 Lap
2791,127,867,91,17,15,9,9,9,0,70,\N,\N,\N,\N,\N,\N,+2 Laps
2792,127,839,145,22,19,10,10,10,0,68,\N,\N,\N,\N,\N,\N,+4 Laps
2793,127,513,201,25,17,11,11,11,0,65,\N,\N,\N,\N,\N,\N,Engine
2794,127,383,91,16,9,12,R,12,0,52,\N,\N,\N,\N,\N,\N,Rear wing
2795,127,778,170,14,8,13,R,13,0,49,\N,\N,\N,\N,\N,\N,Engine
2796,127,500,172,8,12,14,R,14,0,48,\N,\N,\N,\N,\N,\N,Mechanical
2797,127,674,201,24,16,15,R,15,0,48,\N,\N,\N,\N,\N,\N,Engine
2798,127,796,15,11,13,16,R,16,0,35,\N,\N,\N,\N,\N,\N,Engine
2799,127,577,15,12,11,17,R,17,0,29,\N,\N,\N,\N,\N,\N,Accident
2800,127,679,93,10,14,18,R,18,0,23,\N,\N,\N,\N,\N,\N,Spun off
2801,127,53,73,2,3,19,W,19,0,0,\N,\N,\N,\N,\N,\N,Ignition
2802,127,250,93,9,0,22,R,22,0,0,\N,\N,\N,\N,\N,\N,Injury
2803,128,696,73,1,1,1,1,1,10,67,1:27:52.078,5272078,\N,\N,\N,\N,Finished
2804,128,570,212,6,4,2,2,2,6,67,+10.503,5282581,\N,\N,\N,\N,Finished
2805,128,697,212,5,2,3,3,3,4,67,+14.466,5286544,\N,\N,\N,\N,Finished
2806,128,53,73,2,3,4,4,4,3,67,+23.195,5295273,\N,\N,\N,\N,Finished
2807,128,183,135,3,9,5,5,5,2,66,\N,\N,\N,\N,\N,\N,+1 Lap
2808,128,350,172,7,10,6,6,6,1,66,\N,\N,\N,\N,\N,\N,+1 Lap
2809,128,500,172,8,14,7,7,7,0,66,\N,\N,\N,\N,\N,\N,+1 Lap
2810,128,679,93,10,12,8,8,8,0,66,\N,\N,\N,\N,\N,\N,+1 Lap
2811,128,674,201,24,19,9,9,9,0,66,\N,\N,\N,\N,\N,\N,+1 Lap
2812,128,250,93,9,6,10,R,10,0,59,\N,\N,\N,\N,\N,\N,Engine
2813,128,669,135,4,5,11,R,11,0,59,\N,\N,\N,\N,\N,\N,Spun off
2814,128,383,91,16,16,12,R,12,0,57,\N,\N,\N,\N,\N,\N,Brakes
2815,128,75,10,21,18,13,R,13,0,48,\N,\N,\N,\N,\N,\N,Engine
2816,128,577,15,12,7,14,R,14,0,39,\N,\N,\N,\N,\N,\N,Engine
2817,128,778,170,14,8,15,R,15,0,36,\N,\N,\N,\N,\N,\N,Spun off
2818,128,796,15,11,11,16,R,16,0,27,\N,\N,\N,\N,\N,\N,Gearbox
2819,128,138,170,15,13,17,R,17,0,24,\N,\N,\N,\N,\N,\N,Engine
2820,128,513,201,25,17,18,R,18,0,23,\N,\N,\N,\N,\N,\N,Engine
2821,128,811,145,23,21,19,R,19,0,23,\N,\N,\N,\N,\N,\N,Hydraulics
2822,128,274,10,20,15,20,R,20,0,18,\N,\N,\N,\N,\N,\N,Hydraulics
2823,128,867,91,17,20,21,R,21,0,0,\N,\N,\N,\N,\N,\N,Transmission
2824,129,53,73,2,1,1,1,1,10,77,1:41:49.001,6109001,\N,\N,\N,\N,Finished
2825,129,696,73,1,2,2,2,2,6,77,+0.434,6109435,\N,\N,\N,\N,Finished
2826,129,697,212,5,3,3,3,3,4,77,+13.356,6122357,\N,\N,\N,\N,Finished
2827,129,669,135,4,11,4,4,4,3,77,+29.479,6138480,\N,\N,\N,\N,Finished
2828,129,183,135,3,10,5,5,5,2,77,+37.800,6146801,\N,\N,\N,\N,Finished
2829,129,250,93,9,5,6,6,6,1,77,+1:08.804,6177805,\N,\N,\N,\N,Finished
2830,129,500,172,8,7,7,7,7,0,77,+1:13.612,6182613,\N,\N,\N,\N,Finished
2831,129,778,170,14,6,8,8,8,0,76,\N,\N,\N,\N,\N,\N,+1 Lap
2832,129,350,172,7,8,9,9,9,0,76,\N,\N,\N,\N,\N,\N,+1 Lap
2833,129,679,93,10,14,10,10,10,0,76,\N,\N,\N,\N,\N,\N,+1 Lap
2834,129,570,212,6,4,11,11,11,0,76,\N,\N,\N,\N,\N,\N,+1 Lap
2835,129,577,15,12,12,12,12,12,0,76,\N,\N,\N,\N,\N,\N,+1 Lap
2836,129,867,91,17,15,13,13,13,0,75,\N,\N,\N,\N,\N,\N,+2 Laps
2837,129,513,201,25,18,14,14,14,0,75,\N,\N,\N,\N,\N,\N,+2 Laps
2838,129,674,201,24,17,15,15,15,0,75,\N,\N,\N,\N,\N,\N,+2 Laps
2839,129,811,145,23,19,16,16,16,0,75,\N,\N,\N,\N,\N,\N,+2 Laps
2840,129,201,145,22,20,17,R,17,0,58,\N,\N,\N,\N,\N,\N,Spun off
2841,129,138,170,15,9,18,R,18,0,30,\N,\N,\N,\N,\N,\N,Spun off
2842,129,383,91,16,16,19,R,19,0,23,\N,\N,\N,\N,\N,\N,Engine
2843,129,796,15,11,13,20,R,20,0,20,\N,\N,\N,\N,\N,\N,Transmission
2844,130,696,73,1,1,1,1,1,10,44,1:21:20.634,4880634,\N,\N,\N,\N,Finished
2845,130,53,73,2,3,2,2,2,6,44,+1.977,4882611,\N,\N,\N,\N,Finished
2846,130,570,212,6,5,3,3,3,4,44,+18.445,4899079,\N,\N,\N,\N,Finished
2847,130,183,135,3,6,4,4,4,3,44,+19.357,4899991,\N,\N,\N,\N,Finished
2848,130,697,212,5,4,5,5,5,2,44,+56.440,4937074,\N,\N,\N,\N,Finished
2849,130,383,91,16,8,6,6,6,1,44,+1:17.370,4958004,\N,\N,\N,\N,Finished
2850,130,674,201,24,9,7,7,7,0,44,+1:17.809,4958443,\N,\N,\N,\N,Finished
2851,130,796,15,11,12,8,8,8,0,44,+1:19.855,4960489,\N,\N,\N,\N,Finished
2852,130,513,201,25,13,9,9,9,0,43,\N,\N,\N,\N,\N,\N,+1 Lap
2853,130,350,172,7,18,10,10,10,0,43,\N,\N,\N,\N,\N,\N,+1 Lap
2854,130,679,93,10,16,11,11,11,0,43,\N,\N,\N,\N,\N,\N,+1 Lap
2855,130,577,15,12,15,12,12,12,0,39,\N,\N,\N,\N,\N,\N,Engine
2856,130,250,93,9,14,13,R,13,0,38,\N,\N,\N,\N,\N,\N,Engine
2857,130,867,91,17,11,14,R,14,0,37,\N,\N,\N,\N,\N,\N,Suspension
2858,130,500,172,8,17,15,R,15,0,37,\N,\N,\N,\N,\N,\N,Engine
2859,130,669,135,4,2,16,R,16,0,35,\N,\N,\N,\N,\N,\N,Engine
2860,130,778,170,14,7,17,R,17,0,35,\N,\N,\N,\N,\N,\N,Engine
2861,130,201,145,22,20,18,R,18,0,17,\N,\N,\N,\N,\N,\N,Spun off
2862,130,138,170,15,10,19,R,19,0,10,\N,\N,\N,\N,\N,\N,Engine
2863,130,811,145,23,19,20,R,20,0,4,\N,\N,\N,\N,\N,\N,Gearbox
2864,131,53,73,2,4,1,1,1,10,53,1:16:19.982,4579982,\N,\N,\N,\N,Finished
2865,131,696,73,1,2,2,2,2,6,53,+0.255,4580237,\N,\N,\N,\N,Finished
2866,131,383,91,16,5,3,3,3,4,53,+52.579,4632561,\N,\N,\N,\N,Finished
2867,131,778,170,14,11,4,4,4,3,53,+58.219,4638201,\N,\N,\N,\N,Finished
2868,131,138,170,15,17,5,5,5,2,53,+1:07.770,4647752,\N,\N,\N,\N,Finished
2869,131,577,15,12,16,6,6,6,1,53,+1:08.491,4648473,\N,\N,\N,\N,Finished
2870,131,183,135,3,7,7,7,7,0,53,+1:09.047,4649029,\N,\N,\N,\N,Finished
2871,131,250,93,9,12,8,8,8,0,53,+1:10.891,4650873,\N,\N,\N,\N,Finished
2872,131,796,15,11,9,9,9,9,0,53,+1:21.068,4661050,\N,\N,\N,\N,Finished
2873,131,350,172,7,15,10,10,10,0,53,+1:22.046,4662028,\N,\N,\N,\N,Finished
2874,131,674,201,24,10,11,11,11,0,52,\N,\N,\N,\N,\N,\N,+1 Lap
2875,131,679,93,10,18,12,12,12,0,52,\N,\N,\N,\N,\N,\N,+1 Lap
2876,131,839,145,22,20,13,13,13,0,47,\N,\N,\N,\N,\N,\N,+6 Laps
2877,131,570,212,6,1,14,R,14,0,33,\N,\N,\N,\N,\N,\N,Chassis
2878,131,669,135,4,6,15,R,15,0,29,\N,\N,\N,\N,\N,\N,Engine
2879,131,811,145,23,19,16,R,16,0,20,\N,\N,\N,\N,\N,\N,Engine
2880,131,500,172,8,14,17,R,17,0,16,\N,\N,\N,\N,\N,\N,Collision
2881,131,867,91,17,8,18,R,18,0,15,\N,\N,\N,\N,\N,\N,Collision
2882,131,513,201,25,13,19,R,19,0,12,\N,\N,\N,\N,\N,\N,Suspension
2883,131,697,212,5,3,20,R,20,0,4,\N,\N,\N,\N,\N,\N,Engine
2884,132,53,73,2,2,1,1,1,10,73,1:31,5468000,\N,\N,\N,\N,Finished
2885,132,696,73,1,1,2,2,2,6,73,+0.011,5468011,\N,\N,\N,\N,Finished
2886,132,183,135,3,3,3,3,3,4,73,+7.799,5475799,\N,\N,\N,\N,Finished
2887,132,570,212,6,4,4,4,4,3,73,+9.911,5477911,\N,\N,\N,\N,Finished
2888,132,778,170,14,8,5,5,5,2,73,+56.847,5524847,\N,\N,\N,\N,Finished
2889,132,796,15,11,7,6,6,6,1,73,+58.211,5526211,\N,\N,\N,\N,Finished
2890,132,250,93,9,9,7,7,7,0,72,\N,\N,\N,\N,\N,\N,+1 Lap
2891,132,138,170,15,14,8,8,8,0,72,\N,\N,\N,\N,\N,\N,+1 Lap
2892,132,350,172,7,10,9,9,9,0,72,\N,\N,\N,\N,\N,\N,+1 Lap
2893,132,383,91,16,13,10,10,10,0,72,\N,\N,\N,\N,\N,\N,+1 Lap
2894,132,679,93,10,15,11,11,11,0,72,\N,\N,\N,\N,\N,\N,+1 Lap
2895,132,577,15,12,12,12,12,12,0,72,\N,\N,\N,\N,\N,\N,+1 Lap
2896,132,274,172,8,11,13,13,13,0,71,\N,\N,\N,\N,\N,\N,+2 Laps
2897,132,674,201,24,19,14,14,14,0,71,\N,\N,\N,\N,\N,\N,+2 Laps
2898,132,513,201,25,16,15,15,15,0,71,\N,\N,\N,\N,\N,\N,+2 Laps
2899,132,697,212,5,5,16,16,16,0,71,\N,\N,\N,\N,\N,\N,+2 Laps
2900,132,669,135,4,6,17,R,17,0,50,\N,\N,\N,\N,\N,\N,Engine
2901,132,839,145,22,20,18,R,18,0,46,\N,\N,\N,\N,\N,\N,Engine
2902,132,811,145,23,18,19,R,19,0,38,\N,\N,\N,\N,\N,\N,Steering
2903,132,867,91,17,17,20,R,20,0,27,\N,\N,\N,\N,\N,\N,Transmission
2904,133,696,73,1,1,1,1,1,10,53,1:26:59.698,5219698,\N,\N,\N,\N,Finished
2905,133,53,73,2,2,2,2,2,6,53,+0.506,5220204,\N,\N,\N,\N,Finished
2906,133,669,135,4,4,3,3,3,4,53,+23.292,5242990,\N,\N,\N,\N,Finished
2907,133,570,212,6,6,4,4,4,3,53,+36.275,5255973,\N,\N,\N,\N,Finished
2908,133,679,93,10,7,5,5,5,2,53,+1:22.694,5302392,\N,\N,\N,\N,Finished
2909,133,138,170,15,10,6,6,6,1,52,\N,\N,\N,\N,\N,\N,+1 Lap
2910,133,350,172,7,12,7,7,7,0,52,\N,\N,\N,\N,\N,\N,+1 Lap
2911,133,674,201,24,13,8,8,8,0,52,\N,\N,\N,\N,\N,\N,+1 Lap
2912,133,383,91,16,14,9,9,9,0,52,\N,\N,\N,\N,\N,\N,+1 Lap
2913,133,811,145,23,19,10,10,10,0,51,\N,\N,\N,\N,\N,\N,+2 Laps
2914,133,697,212,5,5,11,11,11,0,48,\N,\N,\N,\N,\N,\N,Engine
2915,133,867,91,17,17,12,R,12,0,39,\N,\N,\N,\N,\N,\N,Transmission
2916,133,250,93,9,8,13,R,13,0,37,\N,\N,\N,\N,\N,\N,Engine
2917,133,778,170,14,11,14,R,14,0,32,\N,\N,\N,\N,\N,\N,Mechanical
2918,133,796,15,11,9,15,R,15,0,27,\N,\N,\N,\N,\N,\N,Engine
2919,133,839,145,22,20,16,R,16,0,14,\N,\N,\N,\N,\N,\N,Spun off
2920,133,577,15,12,16,17,R,17,0,8,\N,\N,\N,\N,\N,\N,Mechanical
2921,133,183,135,3,3,18,R,18,0,7,\N,\N,\N,\N,\N,\N,Throttle
2922,133,500,172,8,15,19,R,19,0,3,\N,\N,\N,\N,\N,\N,Accident
2923,133,513,201,25,18,20,W,20,0,0,\N,\N,\N,\N,\N,\N,Injured
2924,134,183,135,5,11,1,1,1,10,58,1:34:42.100,5682100,\N,\N,\N,\N,Finished
2925,134,570,212,3,3,2,2,2,8,58,+8.675,5690775,\N,\N,\N,\N,Finished
2926,134,669,135,6,15,3,3,3,6,58,+9.192,5691292,\N,\N,\N,\N,Finished
2927,134,696,73,1,1,4,4,4,5,58,+9.482,5691582,\N,\N,\N,\N,Finished
2928,134,778,170,7,12,5,5,5,4,58,+38.801,5720901,\N,\N,\N,\N,Finished
2929,134,274,172,10,4,6,6,6,3,58,+43.928,5726028,\N,\N,\N,\N,Finished
2930,134,17,170,8,10,7,7,7,2,58,+45.074,5727174,\N,\N,\N,\N,Finished
2931,134,697,212,4,9,8,8,8,1,58,+45.745,5727845,\N,\N,\N,\N,Finished
2932,134,796,15,16,6,9,9,9,0,58,+1:05.536,5747636,\N,\N,\N,\N,Finished
2933,134,138,15,17,8,10,10,10,0,58,+1:05.974,5748074,\N,\N,\N,\N,Finished
2934,134,791,145,19,20,11,11,11,0,57,\N,\N,\N,\N,\N,\N,+1 Lap
2935,134,250,93,11,13,12,R,12,0,52,\N,\N,\N,\N,\N,\N,Gearbox
2936,134,608,91,15,18,13,R,13,0,52,\N,\N,\N,\N,\N,\N,Suspension
2937,134,577,201,20,5,14,R,14,0,31,\N,\N,\N,\N,\N,\N,Fuel pressure
2938,134,350,172,9,7,15,R,15,0,20,\N,\N,\N,\N,\N,\N,Suspension
2939,134,831,145,18,19,16,R,16,0,16,\N,\N,\N,\N,\N,\N,Radiator
2940,134,811,91,14,14,17,R,17,0,15,\N,\N,\N,\N,\N,\N,Suspension
2941,134,848,201,21,16,18,R,18,0,7,\N,\N,\N,\N,\N,\N,Spun off
2942,134,247,93,12,17,19,R,19,0,6,\N,\N,\N,\N,\N,\N,Accident
2943,134,53,73,2,2,20,R,20,0,5,\N,\N,\N,\N,\N,\N,Accident
2944,135,669,135,6,7,1,1,1,10,56,1:32:22.195,5542195,\N,\N,\N,\N,Finished
2945,135,53,73,2,5,2,2,2,8,56,+39.286,5581481,\N,\N,\N,\N,Finished
2946,135,17,170,8,1,3,3,3,6,56,+1:04.007,5606202,\N,\N,\N,\N,Finished
2947,135,697,212,4,17,4,4,4,5,56,+1:28.026,5630221,\N,\N,\N,\N,Finished
2948,135,778,170,7,2,5,5,5,4,55,\N,\N,\N,\N,\N,\N,+1 Lap
2949,135,696,73,1,3,6,6,6,3,55,\N,\N,\N,\N,\N,\N,+1 Lap
2950,135,138,15,17,9,7,7,7,2,55,\N,\N,\N,\N,\N,\N,+1 Lap
2951,135,350,172,9,6,8,8,8,1,55,\N,\N,\N,\N,\N,\N,+1 Lap
2952,135,274,172,10,13,9,9,9,0,55,\N,\N,\N,\N,\N,\N,+1 Lap
2953,135,247,93,12,20,10,10,10,0,55,\N,\N,\N,\N,\N,\N,+1 Lap
2954,135,848,201,21,11,11,11,11,0,55,\N,\N,\N,\N,\N,\N,+1 Lap
2955,135,570,212,3,8,12,12,12,0,53,\N,\N,\N,\N,\N,\N,+3 Laps
2956,135,791,145,19,18,13,13,13,0,52,\N,\N,\N,\N,\N,\N,+4 Laps
2957,135,608,91,15,15,14,R,14,0,42,\N,\N,\N,\N,\N,\N,Spun off
2958,135,831,145,18,19,15,R,15,0,41,\N,\N,\N,\N,\N,\N,Mechanical
2959,135,811,91,14,16,16,R,16,0,35,\N,\N,\N,\N,\N,\N,Engine
2960,135,577,201,20,10,17,R,17,0,12,\N,\N,\N,\N,\N,\N,Fuel pressure
2961,135,183,135,5,4,18,R,18,0,2,\N,\N,\N,\N,\N,\N,Electrical
2962,135,250,93,11,14,19,R,19,0,0,\N,\N,\N,\N,\N,\N,Electrical
2963,135,796,15,16,12,20,R,20,0,0,\N,\N,\N,\N,\N,\N,Electrical
2964,136,250,93,11,8,1,1,1,10,54,1:31:18.200,5478200,\N,\N,\N,\N,Finished
2965,136,669,135,6,4,2,2,2,8,54,+0.945,5479145,\N,\N,\N,\N,Finished
2966,136,17,170,8,10,3,3,3,6,54,+6.348,5484548,\N,\N,\N,\N,Finished
2967,136,183,135,5,2,4,4,4,5,54,+8.096,5486296,\N,\N,\N,\N,Finished
2968,136,274,172,10,14,5,5,5,4,54,+8.642,5486842,\N,\N,\N,\N,Finished
2969,136,796,15,16,13,6,6,6,3,54,+16.054,5494254,\N,\N,\N,\N,Finished
2970,136,697,212,4,6,7,7,7,2,54,+38.526,5516726,\N,\N,\N,\N,Finished
2971,136,778,170,7,5,8,8,8,1,54,+45.927,5524127,\N,\N,\N,\N,Finished
2972,136,811,91,14,3,9,9,9,0,53,\N,\N,\N,\N,\N,\N,Accident
2973,136,848,201,21,18,10,10,10,0,53,\N,\N,\N,\N,\N,\N,+1 Lap
2974,136,53,73,2,1,11,R,11,0,47,\N,\N,\N,\N,\N,\N,Fuel system
2975,136,138,15,17,11,12,R,12,0,33,\N,\N,\N,\N,\N,\N,Accident
2976,136,791,145,19,19,13,R,13,0,31,\N,\N,\N,\N,\N,\N,Spun off
2977,136,696,73,1,7,14,R,14,0,27,\N,\N,\N,\N,\N,\N,Accident
2978,136,570,212,3,9,15,R,15,0,25,\N,\N,\N,\N,\N,\N,Accident
2979,136,608,91,15,17,16,R,16,0,25,\N,\N,\N,\N,\N,\N,Accident
2980,136,577,201,20,15,17,R,17,0,18,\N,\N,\N,\N,\N,\N,Collision
2981,136,247,93,12,16,18,R,18,0,18,\N,\N,\N,\N,\N,\N,Suspension
2982,136,831,145,18,20,19,R,19,0,16,\N,\N,\N,\N,\N,\N,Spun off
2983,136,350,172,9,12,20,R,20,0,8,\N,\N,\N,\N,\N,\N,Engine
2984,137,696,73,1,1,1,1,1,10,62,1:28:12.058,5292058,\N,\N,\N,\N,Finished
2985,137,669,135,6,6,2,2,2,8,62,+1.882,5293940,\N,\N,\N,\N,Finished
2986,137,53,73,2,3,3,3,3,6,62,+2.291,5294349,\N,\N,\N,\N,Finished
2987,137,697,212,4,2,4,4,4,5,62,+8.803,5300861,\N,\N,\N,\N,Finished
2988,137,183,135,5,12,5,5,5,4,62,+9.411,5301469,\N,\N,\N,\N,Finished
2989,137,17,170,8,8,6,6,6,3,62,+43.689,5335747,\N,\N,\N,\N,Finished
2990,137,570,212,3,4,7,7,7,2,62,+45.271,5337329,\N,\N,\N,\N,Finished
2991,137,138,15,17,9,8,8,8,1,61,\N,\N,\N,\N,\N,\N,+1 Lap
2992,137,577,201,20,10,9,9,9,0,61,\N,\N,\N,\N,\N,\N,+1 Lap
2993,137,350,172,9,11,10,10,10,0,61,\N,\N,\N,\N,\N,\N,+1 Lap
2994,137,274,172,10,14,11,11,11,0,61,\N,\N,\N,\N,\N,\N,+1 Lap
2995,137,848,201,21,13,12,12,12,0,61,\N,\N,\N,\N,\N,\N,+1 Lap
2996,137,778,170,7,16,13,13,13,0,61,\N,\N,\N,\N,\N,\N,+1 Lap
2997,137,608,91,15,15,14,14,14,0,60,\N,\N,\N,\N,\N,\N,+2 Laps
2998,137,250,93,11,17,15,15,15,0,57,\N,\N,\N,\N,\N,\N,+5 Laps
2999,137,811,91,14,5,16,R,16,0,54,\N,\N,\N,\N,\N,\N,Driveshaft
3000,137,247,93,12,19,17,R,17,0,51,\N,\N,\N,\N,\N,\N,Oil line
3001,137,791,145,19,20,18,R,18,0,38,\N,\N,\N,\N,\N,\N,Electrical
3002,137,831,145,18,18,19,R,19,0,23,\N,\N,\N,\N,\N,\N,Fuel rig
3003,137,796,15,16,7,20,R,20,0,19,\N,\N,\N,\N,\N,\N,Engine
3004,138,696,73,1,1,1,1,1,10,65,1:33:46.933,5626933,\N,\N,\N,\N,Finished
3005,138,17,170,8,3,2,2,2,8,65,+5.700,5632633,\N,\N,\N,\N,Finished
3006,138,53,73,2,2,3,3,3,6,65,+18.000,5644933,\N,\N,\N,\N,Finished
3007,138,570,212,3,9,4,4,4,5,65,+1:02.000,5688933,\N,\N,\N,\N,Finished
3008,138,697,212,4,7,5,5,5,4,64,\N,\N,\N,\N,\N,\N,+1 Lap
3009,138,848,201,21,13,6,6,6,3,64,\N,\N,\N,\N,\N,\N,+1 Lap
3010,138,811,91,14,12,7,7,7,2,64,\N,\N,\N,\N,\N,\N,+1 Lap
3011,138,247,93,12,15,8,8,8,1,63,\N,\N,\N,\N,\N,\N,+2 Laps
3012,138,138,15,17,5,9,9,9,0,63,\N,\N,\N,\N,\N,\N,+2 Laps
3013,138,350,172,9,14,10,10,10,0,63,\N,\N,\N,\N,\N,\N,+2 Laps
3014,138,831,145,18,18,11,11,11,0,63,\N,\N,\N,\N,\N,\N,+2 Laps
3015,138,791,145,19,19,12,12,12,0,62,\N,\N,\N,\N,\N,\N,+3 Laps
3016,138,250,93,11,17,13,R,13,0,43,\N,\N,\N,\N,\N,\N,Engine
3017,138,577,201,20,6,14,R,14,0,41,\N,\N,\N,\N,\N,\N,Gearbox
3018,138,274,172,10,10,15,R,15,0,38,\N,\N,\N,\N,\N,\N,Suspension
3019,138,183,135,5,8,16,R,16,0,17,\N,\N,\N,\N,\N,\N,Collision
3020,138,796,15,16,11,17,R,17,0,12,\N,\N,\N,\N,\N,\N,Electrical
3021,138,778,170,7,4,18,R,18,0,0,\N,\N,\N,\N,\N,\N,Collision
3022,138,608,91,15,16,19,R,19,0,0,\N,\N,\N,\N,\N,\N,Launch control
3023,138,669,135,6,20,20,R,20,0,0,\N,\N,\N,\N,\N,\N,Collision
3024,139,696,73,1,1,1,1,1,10,69,1:24:04.888,5044888,\N,\N,\N,\N,Finished
3025,139,669,135,6,2,2,2,2,8,69,+3.362,5048250,\N,\N,\N,\N,Finished
3026,139,53,73,2,5,3,3,3,6,69,+3.951,5048839,\N,\N,\N,\N,Finished
3027,139,138,15,17,7,4,4,4,5,69,+42.243,5087131,\N,\N,\N,\N,Finished
3028,139,183,135,5,14,5,5,5,4,69,+59.740,5104628,\N,\N,\N,\N,Finished
3029,139,697,212,4,10,6,6,6,3,68,\N,\N,\N,\N,\N,\N,+1 Lap
3030,139,811,91,14,17,7,7,7,2,68,\N,\N,\N,\N,\N,\N,+1 Lap
3031,139,778,170,7,6,8,8,8,1,68,\N,\N,\N,\N,\N,\N,+1 Lap
3032,139,608,91,15,8,9,9,9,0,68,\N,\N,\N,\N,\N,\N,+1 Lap
3033,139,848,201,21,13,10,10,10,0,68,\N,\N,\N,\N,\N,\N,+1 Lap
3034,139,247,93,12,16,11,11,11,0,68,\N,\N,\N,\N,\N,\N,+1 Lap
3035,139,796,15,16,12,12,12,12,0,68,\N,\N,\N,\N,\N,\N,+1 Lap
3036,139,831,145,18,18,13,13,13,0,67,\N,\N,\N,\N,\N,\N,+2 Laps
3037,139,250,93,11,9,14,R,14,0,60,\N,\N,\N,\N,\N,\N,Fuel system
3038,139,350,172,9,4,15,R,15,0,46,\N,\N,\N,\N,\N,\N,Engine
3039,139,17,170,8,19,16,R,16,0,44,\N,\N,\N,\N,\N,\N,Engine
3040,139,570,212,3,3,17,R,17,0,32,\N,\N,\N,\N,\N,\N,Engine
3041,139,577,201,20,11,18,R,18,0,6,\N,\N,\N,\N,\N,\N,Suspension
3042,139,791,145,19,20,19,R,19,0,0,\N,\N,\N,\N,\N,\N,Clutch
3043,139,274,172,10,15,20,W,20,0,0,\N,\N,\N,\N,\N,\N,Clutch
3044,140,570,212,3,3,1,1,1,10,78,1:42:19.010,6139010,\N,\N,\N,\N,Finished
3045,140,669,135,6,2,2,2,2,8,78,+0.602,6139612,\N,\N,\N,\N,Finished
3046,140,696,73,1,5,3,3,3,6,78,+1.720,6140730,\N,\N,\N,\N,Finished
3047,140,697,212,4,1,4,4,4,5,78,+28.518,6167528,\N,\N,\N,\N,Finished
3048,140,17,170,8,8,5,5,5,4,78,+36.251,6175261,\N,\N,\N,\N,Finished
3049,140,778,170,7,4,6,6,6,3,78,+40.972,6179982,\N,\N,\N,\N,Finished
3050,140,183,135,5,6,7,7,7,2,78,+41.227,6180237,\N,\N,\N,\N,Finished
3051,140,53,73,2,7,8,8,8,1,78,+53.266,6192276,\N,\N,\N,\N,Finished
3052,140,848,201,21,10,9,9,9,0,77,\N,\N,\N,\N,\N,\N,+1 Lap
3053,140,250,93,11,12,10,10,10,0,77,\N,\N,\N,\N,\N,\N,+1 Lap
3054,140,350,172,9,14,11,11,11,0,76,\N,\N,\N,\N,\N,\N,+2 Laps
3055,140,247,93,12,16,12,12,12,0,76,\N,\N,\N,\N,\N,\N,+2 Laps
3056,140,577,201,20,17,13,13,13,0,74,\N,\N,\N,\N,\N,\N,+4 Laps
3057,140,796,15,16,11,14,R,14,0,63,\N,\N,\N,\N,\N,\N,Engine
3058,140,831,145,18,19,15,R,15,0,29,\N,\N,\N,\N,\N,\N,Fuel system
3059,140,791,145,19,18,16,R,16,0,28,\N,\N,\N,\N,\N,\N,Fuel system
3060,140,811,91,14,9,17,R,17,0,16,\N,\N,\N,\N,\N,\N,Hydraulics
3061,140,608,91,15,13,18,R,18,0,10,\N,\N,\N,\N,\N,\N,Electrical
3062,140,274,172,10,15,19,R,19,0,0,\N,\N,\N,\N,\N,\N,Accident
3063,140,138,15,17,20,20,W,20,0,0,\N,\N,\N,\N,\N,\N,Injured
3064,141,696,73,1,3,1,1,1,10,70,1:31:13.591,5473591,\N,\N,\N,\N,Finished
3065,141,697,212,4,1,2,2,2,8,70,+0.784,5474375,\N,\N,\N,\N,Finished
3066,141,570,212,3,2,3,3,3,6,70,+1.355,5474946,\N,\N,\N,\N,Finished
3067,141,17,170,8,4,4,4,4,5,70,+4.481,5478072,\N,\N,\N,\N,Finished
3068,141,53,73,2,5,5,5,5,4,70,+1:04.261,5537852,\N,\N,\N,\N,Finished
3069,141,669,135,6,20,6,6,6,3,70,+1:10.502,5544093,\N,\N,\N,\N,Finished
3070,141,811,91,14,6,7,7,7,2,69,\N,\N,\N,\N,\N,\N,+1 Lap
3071,141,577,201,20,7,8,8,8,1,69,\N,\N,\N,\N,\N,\N,+1 Lap
3072,141,791,145,19,15,9,9,9,0,68,\N,\N,\N,\N,\N,\N,+2 Laps
3073,141,608,91,15,13,10,10,10,0,64,\N,\N,\N,\N,\N,\N,+4 Laps
3074,141,848,201,21,9,11,11,11,0,64,\N,\N,\N,\N,\N,\N,+6 Laps
3075,141,831,145,18,18,12,R,12,0,60,\N,\N,\N,\N,\N,\N,Gearbox
3076,141,138,15,17,17,13,R,13,0,51,\N,\N,\N,\N,\N,\N,Gearbox
3077,141,183,135,5,11,14,R,14,0,47,\N,\N,\N,\N,\N,\N,Gearbox
3078,141,350,172,9,12,15,R,15,0,47,\N,\N,\N,\N,\N,\N,Engine
3079,141,778,170,7,8,16,R,16,0,22,\N,\N,\N,\N,\N,\N,Accident
3080,141,250,93,11,16,17,R,17,0,20,\N,\N,\N,\N,\N,\N,Gearbox
3081,141,247,93,12,19,18,R,18,0,20,\N,\N,\N,\N,\N,\N,Engine
3082,141,796,15,16,14,19,R,19,0,14,\N,\N,\N,\N,\N,\N,Brakes
3083,141,274,172,10,10,20,R,20,0,6,\N,\N,\N,\N,\N,\N,Electronics
3084,142,697,212,4,3,1,1,1,10,60,1:34:43.622,5683622,\N,\N,\N,\N,Finished
3085,142,570,212,3,4,2,2,2,8,60,+16.821,5700443,\N,\N,\N,\N,Finished
3086,142,53,73,2,5,3,3,3,6,60,+39.673,5723295,\N,\N,\N,\N,Finished
3087,142,17,170,8,8,4,4,4,5,60,+1:05.731,5749353,\N,\N,\N,\N,Finished
3088,142,696,73,1,2,5,5,5,4,60,+1:06.162,5749784,\N,\N,\N,\N,Finished
3089,142,811,91,14,11,6,6,6,3,59,\N,\N,\N,\N,\N,\N,+1 Lap
3090,142,138,15,17,12,7,7,7,2,59,\N,\N,\N,\N,\N,\N,+1 Lap
3091,142,350,172,9,20,8,8,8,1,59,\N,\N,\N,\N,\N,\N,+1 Lap
3092,142,274,172,10,15,9,9,9,0,59,\N,\N,\N,\N,\N,\N,+1 Lap
3093,142,608,91,15,16,10,10,10,0,59,\N,\N,\N,\N,\N,\N,+1 Lap
3094,142,247,93,12,14,11,11,11,0,58,\N,\N,\N,\N,\N,\N,+2 Laps
3095,142,250,93,11,13,12,12,12,0,58,\N,\N,\N,\N,\N,\N,+2 Laps
3096,142,831,145,18,19,13,13,13,0,58,\N,\N,\N,\N,\N,\N,+2 Laps
3097,142,791,145,19,18,14,14,14,0,57,\N,\N,\N,\N,\N,\N,+3 Laps
3098,142,183,135,5,9,15,15,15,0,56,\N,\N,\N,\N,\N,\N,+4 Laps
3099,142,848,201,21,10,16,R,16,0,53,\N,\N,\N,\N,\N,\N,Engine
3100,142,796,15,16,17,17,R,17,0,51,\N,\N,\N,\N,\N,\N,Gearbox
3101,142,778,170,7,6,18,R,18,0,37,\N,\N,\N,\N,\N,\N,Fuel pressure
3102,142,577,201,20,7,19,R,19,0,37,\N,\N,\N,\N,\N,\N,Spun off
3103,142,669,135,6,1,20,R,20,0,25,\N,\N,\N,\N,\N,\N,Engine
3104,143,697,212,4,1,1,1,1,10,70,1:30:49.213,5449213,\N,\N,\N,\N,Finished
3105,143,570,212,3,2,2,2,2,8,70,+13.813,5463026,\N,\N,\N,\N,Finished
3106,143,696,73,1,3,3,3,3,6,70,+19.568,5468781,\N,\N,\N,\N,Finished
3107,143,669,135,6,4,4,4,4,5,70,+38.047,5487260,\N,\N,\N,\N,Finished
3108,143,183,135,5,5,5,5,5,4,70,+40.289,5489502,\N,\N,\N,\N,Finished
3109,143,811,91,14,9,6,6,6,3,70,+1:06.380,5515593,\N,\N,\N,\N,Finished
3110,143,53,73,2,8,7,7,7,2,69,\N,\N,\N,\N,\N,\N,+1 Lap
3111,143,577,201,20,10,8,8,8,1,69,\N,\N,\N,\N,\N,\N,+1 Lap
3112,143,796,15,16,12,9,9,9,0,69,\N,\N,\N,\N,\N,\N,+1 Lap
3113,143,608,91,15,11,10,10,10,0,69,\N,\N,\N,\N,\N,\N,+1 Lap
3114,143,848,201,21,13,11,11,11,0,69,\N,\N,\N,\N,\N,\N,+1 Lap
3115,143,274,172,10,16,12,12,12,0,68,\N,\N,\N,\N,\N,\N,+2 Laps
3116,143,350,172,9,15,13,13,13,0,68,\N,\N,\N,\N,\N,\N,+2 Laps
3117,143,831,145,18,20,14,14,14,0,67,\N,\N,\N,\N,\N,\N,+3 Laps
3118,143,247,93,12,18,15,15,15,0,67,\N,\N,\N,\N,\N,\N,+3 Laps
3119,143,791,145,19,19,16,16,16,0,66,\N,\N,\N,\N,\N,\N,+4 Laps
3120,143,778,170,7,6,17,R,17,0,45,\N,\N,\N,\N,\N,\N,Engine
3121,143,17,170,8,7,18,R,18,0,43,\N,\N,\N,\N,\N,\N,Engine
3122,143,250,93,11,17,19,R,19,0,42,\N,\N,\N,\N,\N,\N,Engine
3123,143,138,15,17,14,20,R,20,0,23,\N,\N,\N,\N,\N,\N,Fuel
3124,144,53,73,2,1,1,1,1,10,60,1:28:37.554,5317554,\N,\N,\N,\N,Finished
3125,144,570,212,3,7,2,2,2,8,60,+5.462,5323016,\N,\N,\N,\N,Finished
3126,144,669,135,6,3,3,3,3,6,60,+10.656,5328210,\N,\N,\N,\N,Finished
3127,144,696,73,1,5,4,4,4,5,60,+25.648,5343202,\N,\N,\N,\N,Finished
3128,144,183,135,5,12,5,5,5,4,60,+36.827,5354381,\N,\N,\N,\N,Finished
3129,144,778,170,7,2,6,6,6,3,60,+43.067,5360621,\N,\N,\N,\N,Finished
3130,144,848,201,21,6,7,7,7,2,60,+45.085,5362639,\N,\N,\N,\N,Finished
3131,144,138,15,17,20,8,8,8,1,60,+45.478,5363032,\N,\N,\N,\N,Finished
3132,144,697,212,4,4,9,9,9,0,60,+58.032,5375586,\N,\N,\N,\N,Finished
3133,144,796,15,16,9,10,10,10,0,60,+1:03.569,5381123,\N,\N,\N,\N,Finished
3134,144,577,201,20,13,11,11,11,0,60,+1:05.207,5382761,\N,\N,\N,\N,Finished
3135,144,274,172,10,14,12,12,12,0,60,+1:05.564,5383118,\N,\N,\N,\N,Finished
3136,144,247,93,12,17,13,13,13,0,59,\N,\N,\N,\N,\N,\N,+1 Lap
3137,144,811,91,14,11,14,14,14,0,59,\N,\N,\N,\N,\N,\N,+1 Lap
3138,144,791,145,19,19,15,15,15,0,58,\N,\N,\N,\N,\N,\N,+2 Laps
3139,144,831,145,18,18,16,16,16,0,58,\N,\N,\N,\N,\N,\N,+2 Laps
3140,144,350,172,9,16,17,17,17,0,58,\N,\N,\N,\N,\N,\N,+2 Laps
3141,144,17,170,8,8,18,R,18,0,52,\N,\N,\N,\N,\N,\N,Gearbox
3142,144,250,93,11,15,19,R,19,0,44,\N,\N,\N,\N,\N,\N,Suspension
3143,144,608,91,15,10,20,R,20,0,32,\N,\N,\N,\N,\N,\N,Engine
3144,145,570,212,3,1,1,1,1,10,67,1:28:48.769,5328769,\N,\N,\N,\N,Finished
3145,145,183,135,5,10,2,2,2,8,67,+1:05.459,5394228,\N,\N,\N,\N,Finished
3146,145,778,170,7,4,3,3,3,6,67,+1:09.060,5397829,\N,\N,\N,\N,Finished
3147,145,17,170,8,8,4,4,4,5,67,+1:09.344,5398113,\N,\N,\N,\N,Finished
3148,145,577,201,20,7,5,5,5,4,66,\N,\N,\N,\N,\N,\N,+1 Lap
3149,145,848,201,21,9,6,6,6,3,66,\N,\N,\N,\N,\N,\N,+1 Lap
3150,145,696,73,1,6,7,7,7,2,66,\N,\N,\N,\N,\N,\N,+1 Lap
3151,145,138,15,17,17,8,8,8,1,66,\N,\N,\N,\N,\N,\N,+1 Lap
3152,145,796,15,16,13,9,9,9,0,65,\N,\N,\N,\N,\N,\N,+2 Laps
3153,145,350,172,9,15,10,10,10,0,65,\N,\N,\N,\N,\N,\N,+2 Laps
3154,145,811,91,14,11,11,11,11,0,64,\N,\N,\N,\N,\N,\N,Accident
3155,145,411,145,18,20,12,12,12,0,62,\N,\N,\N,\N,\N,\N,+5 Laps
3156,145,250,93,11,13,13,13,13,0,60,\N,\N,\N,\N,\N,\N,Engine
3157,145,791,145,19,19,14,R,14,0,23,\N,\N,\N,\N,\N,\N,Hydraulics
3158,145,831,91,15,16,15,R,15,0,6,\N,\N,\N,\N,\N,\N,Gearbox
3159,145,697,212,4,2,16,R,16,0,1,\N,\N,\N,\N,\N,\N,Accident
3160,145,274,172,10,14,17,R,17,0,1,\N,\N,\N,\N,\N,\N,Accident
3161,145,53,73,2,3,18,R,18,0,0,\N,\N,\N,\N,\N,\N,Accident
3162,145,669,135,6,5,19,R,19,0,0,\N,\N,\N,\N,\N,\N,Accident
3163,145,247,93,12,18,20,R,20,0,0,\N,\N,\N,\N,\N,\N,Accident
3164,146,17,170,8,1,1,1,1,10,70,1:39:01.460,5941460,\N,\N,\N,\N,Finished
3165,146,669,135,6,7,2,2,2,8,70,+16.768,5958228,\N,\N,\N,\N,Finished
3166,146,570,212,3,4,3,3,3,6,70,+34.537,5975997,\N,\N,\N,\N,Finished
3167,146,697,212,4,2,4,4,4,5,70,+35.620,5977080,\N,\N,\N,\N,Finished
3168,146,183,135,5,9,5,5,5,4,70,+56.535,5997995,\N,\N,\N,\N,Finished
3169,146,811,91,14,3,6,6,6,3,70,+1:12.643,6014103,\N,\N,\N,\N,Finished
3170,146,778,170,7,6,7,7,7,2,69,\N,\N,\N,\N,\N,\N,+1 Lap
3171,146,696,73,1,8,8,8,8,1,69,\N,\N,\N,\N,\N,\N,+1 Lap
3172,146,350,172,9,11,9,9,9,0,69,\N,\N,\N,\N,\N,\N,+1 Lap
3173,146,138,15,17,14,10,10,10,0,69,\N,\N,\N,\N,\N,\N,+1 Lap
3174,146,848,201,21,15,11,11,11,0,68,\N,\N,\N,\N,\N,\N,+2 Laps
3175,146,791,145,19,18,12,12,12,0,67,\N,\N,\N,\N,\N,\N,+3 Laps
3176,146,411,145,18,20,13,13,13,0,66,\N,\N,\N,\N,\N,\N,+4 Laps
3177,146,274,172,10,17,14,R,14,0,47,\N,\N,\N,\N,\N,\N,Out of fuel
3178,146,831,91,15,12,15,R,15,0,42,\N,\N,\N,\N,\N,\N,Engine
3179,146,58,93,12,19,16,R,16,0,34,\N,\N,\N,\N,\N,\N,Engine
3180,146,577,201,20,10,17,R,17,0,33,\N,\N,\N,\N,\N,\N,Gearbox
3181,146,250,93,11,13,18,R,18,0,28,\N,\N,\N,\N,\N,\N,Engine
3182,146,53,73,2,5,19,R,19,0,19,\N,\N,\N,\N,\N,\N,Suspension
3183,146,796,15,16,16,20,R,20,0,14,\N,\N,\N,\N,\N,\N,Hydraulics
3184,147,696,73,1,1,1,1,1,10,53,1:14:19.838,4459838,\N,\N,\N,\N,Finished
3185,147,570,212,3,2,2,2,2,8,53,+5.294,4465132,\N,\N,\N,\N,Finished
3186,147,53,73,2,3,3,3,3,6,53,+11.835,4471673,\N,\N,\N,\N,Finished
3187,147,669,135,6,4,4,4,4,5,53,+12.834,4472672,\N,\N,\N,\N,Finished
3188,147,293,212,4,5,5,5,5,4,53,+27.891,4487729,\N,\N,\N,\N,Finished
3189,147,796,15,16,10,6,6,6,3,52,\N,\N,\N,\N,\N,\N,+1 Lap
3190,147,811,91,14,11,7,7,7,2,52,\N,\N,\N,\N,\N,\N,+1 Lap
3191,147,17,170,8,20,8,8,8,1,52,\N,\N,\N,\N,\N,\N,+1 Lap
3192,147,350,172,9,16,9,9,9,0,52,\N,\N,\N,\N,\N,\N,+1 Lap
3193,147,250,93,11,13,10,10,10,0,52,\N,\N,\N,\N,\N,\N,+1 Lap
3194,147,58,93,12,18,11,11,11,0,51,\N,\N,\N,\N,\N,\N,+2 Laps
3195,147,411,145,18,19,12,12,12,0,51,\N,\N,\N,\N,\N,\N,+2 Laps
3196,147,274,172,10,14,13,13,13,0,50,\N,\N,\N,\N,\N,\N,+3 Laps
3197,147,183,135,5,8,14,R,14,0,45,\N,\N,\N,\N,\N,\N,Fuel pressure
3198,147,577,201,20,9,15,R,15,0,35,\N,\N,\N,\N,\N,\N,Brakes
3199,147,791,145,19,17,16,R,16,0,27,\N,\N,\N,\N,\N,\N,Oil leak
3200,147,138,15,17,7,17,R,17,0,24,\N,\N,\N,\N,\N,\N,Gearbox
3201,147,848,201,21,12,18,R,18,0,3,\N,\N,\N,\N,\N,\N,Tyre
3202,147,831,91,15,15,19,R,19,0,2,\N,\N,\N,\N,\N,\N,Gearbox
3203,147,778,170,7,6,20,R,20,0,0,\N,\N,\N,\N,\N,\N,Hydraulics
3204,148,696,73,1,7,1,1,1,10,73,1:33:35.997,5615997,\N,\N,\N,\N,Finished
3205,148,669,135,6,1,2,2,2,8,73,+18.258,5634255,\N,\N,\N,\N,Finished
3206,148,274,172,10,15,3,3,3,6,73,+37.964,5653961,\N,\N,\N,\N,Finished
3207,148,778,170,7,10,4,4,4,5,73,+48.329,5664326,\N,\N,\N,\N,Finished
3208,148,350,172,9,13,5,5,5,4,73,+56.403,5672400,\N,\N,\N,\N,Finished
3209,148,570,212,3,4,6,6,6,3,72,\N,\N,\N,\N,\N,\N,+1 Lap
3210,148,250,93,11,17,7,7,7,2,72,\N,\N,\N,\N,\N,\N,+1 Lap
3211,148,831,91,15,16,8,8,8,1,71,\N,\N,\N,\N,\N,\N,+2 Laps
3212,148,848,201,21,9,9,9,9,0,71,\N,\N,\N,\N,\N,\N,+2 Laps
3213,148,791,145,19,19,10,10,10,0,69,\N,\N,\N,\N,\N,\N,+4 Laps
3214,148,411,145,18,20,11,11,11,0,69,\N,\N,\N,\N,\N,\N,+4 Laps
3215,148,796,15,16,12,12,R,12,0,63,\N,\N,\N,\N,\N,\N,Engine
3216,148,247,93,12,18,13,R,13,0,48,\N,\N,\N,\N,\N,\N,Spun off
3217,148,183,135,5,8,14,R,14,0,45,\N,\N,\N,\N,\N,\N,Gearbox
3218,148,17,170,8,6,15,R,15,0,44,\N,\N,\N,\N,\N,\N,Engine
3219,148,138,15,17,11,16,R,16,0,41,\N,\N,\N,\N,\N,\N,Engine
3220,148,577,201,20,3,17,R,17,0,27,\N,\N,\N,\N,\N,\N,Accident
3221,148,811,91,14,14,18,R,18,0,21,\N,\N,\N,\N,\N,\N,Accident
3222,148,697,212,4,5,19,R,19,0,21,\N,\N,\N,\N,\N,\N,Accident
3223,148,53,73,2,2,20,R,20,0,2,\N,\N,\N,\N,\N,\N,Collision
3224,149,53,73,2,1,1,1,1,10,53,1:25:11.743,5111743,\N,\N,\N,\N,Finished
3225,149,669,135,6,8,2,2,2,8,53,+11.085,5122828,\N,\N,\N,\N,Finished
3226,149,183,135,5,7,3,3,3,6,53,+11.614,5123357,\N,\N,\N,\N,Finished
3227,149,138,15,17,9,4,4,4,5,53,+33.106,5144849,\N,\N,\N,\N,Finished
3228,149,778,170,7,20,5,5,5,4,53,+34.269,5146012,\N,\N,\N,\N,Finished
3229,149,679,15,16,13,6,6,6,3,53,+51.692,5163435,\N,\N,\N,\N,Finished
3230,149,848,201,21,3,7,7,7,2,53,+56.794,5168537,\N,\N,\N,\N,Finished
3231,149,696,73,1,14,8,8,8,1,53,+59.487,5171230,\N,\N,\N,\N,Finished
3232,149,350,172,9,11,9,9,9,0,53,+1:00.159,5171902,\N,\N,\N,\N,Finished
3233,149,577,201,20,4,10,10,10,0,53,+1:01.844,5173587,\N,\N,\N,\N,Finished
3234,149,811,91,14,6,11,11,11,0,53,+1:11.005,5182748,\N,\N,\N,\N,Finished
3235,149,697,212,4,19,12,12,12,0,52,\N,\N,\N,\N,\N,\N,+1 Lap
3236,149,831,91,15,10,13,13,13,0,52,\N,\N,\N,\N,\N,\N,+1 Lap
3237,149,247,93,12,15,14,14,14,0,51,\N,\N,\N,\N,\N,\N,+2 Laps
3238,149,791,145,19,17,15,15,15,0,51,\N,\N,\N,\N,\N,\N,+2 Laps
3239,149,411,145,18,18,16,16,16,0,50,\N,\N,\N,\N,\N,\N,+3 Laps
3240,149,250,93,11,16,17,R,17,0,33,\N,\N,\N,\N,\N,\N,Out of fuel
3241,149,17,170,8,5,18,R,18,0,17,\N,\N,\N,\N,\N,\N,Engine
3242,149,274,172,10,12,19,R,19,0,9,\N,\N,\N,\N,\N,\N,Engine
3243,149,570,212,3,2,20,R,20,0,9,\N,\N,\N,\N,\N,\N,Hydraulics
3244,150,696,73,1,1,1,1,1,10,58,1:24:15.757,5055757,29,1,1:24.125,226.933,Finished
3245,150,53,73,2,2,2,2,2,8,58,+13.605,5069362,8,2,1:24.179,226.788,Finished
3246,150,17,170,8,5,3,3,3,6,58,+34.673,5090430,10,3,1:25.088,224.365,Finished
3247,150,697,212,4,8,4,4,4,5,58,+1:00.423,5116180,11,5,1:25.824,222.441,Finished
3248,150,570,212,3,3,5,5,5,4,58,+1:08.536,5124293,42,4,1:25.286,223.844,Finished
3249,150,138,15,9,4,6,6,6,3,58,+1:10.598,5126355,24,7,1:25.982,222.032,Finished
3250,150,778,170,7,9,7,7,7,2,57,\N,\N,9,9,1:26.275,221.278,+1 Lap
3251,150,183,135,5,12,8,8,8,1,57,\N,\N,13,11,1:26.328,221.142,+1 Lap
3252,150,679,15,10,7,9,9,9,0,57,\N,\N,43,8,1:26.077,221.787,+1 Lap
3253,150,250,172,11,14,10,10,10,0,57,\N,\N,39,10,1:26.282,221.260,+1 Lap
3254,150,415,91,15,19,11,11,11,0,56,\N,\N,6,16,1:27.840,217.336,+2 Laps
3255,150,848,201,16,13,12,12,12,0,56,\N,\N,41,15,1:27.820,217.385,+2 Laps
3256,150,577,201,17,18,13,13,13,0,56,\N,\N,35,14,1:27.807,217.417,+2 Laps
3257,150,578,93,19,16,14,14,14,0,55,\N,\N,15,18,1:28.523,215.659,+3 Laps
3258,150,500,172,12,11,15,R,15,0,44,\N,\N,11,12,1:26.846,219.823,Engine
3259,150,350,93,18,15,16,R,16,0,43,\N,\N,27,13,1:27.503,218.173,Transmission
3260,150,128,145,20,20,17,R,17,0,43,\N,\N,10,19,1:30.161,211.741,Not classified
3261,150,811,91,14,6,18,R,18,0,29,\N,\N,15,6,1:25.952,222.110,Transmission
3262,150,58,145,21,17,19,R,19,0,13,\N,\N,8,20,1:30.621,210.666,Electrical
3263,150,669,135,6,10,20,R,20,0,9,\N,\N,7,17,1:27.936,217.098,Engine
3264,151,696,73,1,1,1,1,1,10,56,1:31:07.490,5467490,6,2,1:34.819,210.451,Finished
3265,151,570,212,3,4,2,2,2,8,56,+5.022,5472512,28,1,1:34.223,211.782,Finished
3266,151,138,15,9,6,3,3,3,6,56,+11.568,5479058,28,3,1:34.967,210.123,Finished
3267,151,53,73,2,3,4,4,4,5,56,+13.615,5481105,7,6,1:35.350,209.279,Finished
3268,151,778,170,7,8,5,5,5,4,56,+37.360,5504850,12,4,1:35.039,209.964,Finished
3269,151,183,135,5,9,6,6,6,3,56,+53.098,5520588,26,9,1:35.852,208.183,Finished
3270,151,17,170,8,19,7,7,7,2,56,+1:07.877,5535367,7,10,1:35.888,208.105,Finished
3271,151,500,172,12,11,8,8,8,1,55,\N,\N,7,13,1:36.570,206.635,+1 Lap
3272,151,848,201,16,10,9,9,9,0,55,\N,\N,22,12,1:36.544,206.691,+1 Lap
3273,151,415,91,15,13,10,10,10,0,55,\N,\N,12,16,1:37.031,205.653,+1 Lap
3274,151,250,172,11,12,11,11,11,0,55,\N,\N,54,14,1:36.675,206.411,+1 Lap
3275,151,577,201,17,14,12,12,12,0,55,\N,\N,23,11,1:35.951,207.968,+1 Lap
3276,151,578,93,19,18,13,13,13,0,54,\N,\N,41,18,1:39.527,200.496,+2 Laps
3277,151,128,145,20,16,14,14,14,0,53,\N,\N,11,19,1:39.911,199.725,+3 Laps
3278,151,679,15,10,20,15,15,15,0,52,\N,\N,13,8,1:35.679,208.559,+4 Laps
3279,151,58,145,21,17,16,16,16,0,52,\N,\N,12,20,1:40.123,199.302,+4 Laps
3280,151,669,135,6,5,17,R,17,0,40,\N,\N,12,5,1:35.156,209.706,Transmission
3281,151,350,93,18,15,18,R,18,0,34,\N,\N,15,17,1:37.433,204.805,Transmission
3282,151,697,212,4,7,19,R,19,0,27,\N,\N,10,7,1:35.607,208.716,Engine
3283,151,811,91,14,2,20,R,20,0,23,\N,\N,9,15,1:36.922,205.885,Spun off
3284,152,696,73,1,1,1,1,1,10,57,1:28:34.875,5314875,7,1,1:30.252,216.074,Finished
3285,152,53,73,2,2,2,2,2,8,57,+1.367,5316242,29,4,1:30.876,214.591,Finished
3286,152,138,15,9,6,3,3,3,6,57,+26.687,5341562,24,5,1:30.960,214.393,Finished
3287,152,778,170,7,7,4,4,4,5,57,+32.214,5347089,24,8,1:31.421,213.312,Finished
3288,152,679,15,10,5,5,5,5,4,57,+52.460,5367335,55,7,1:31.101,214.061,Finished
3289,152,17,170,8,16,6,6,6,3,57,+53.156,5368031,39,2,1:30.654,215.116,Finished
3290,152,697,212,4,4,7,7,7,2,57,+58.155,5373030,56,3,1:30.781,214.815,Finished
3291,152,811,91,14,14,8,8,8,1,56,\N,\N,19,10,1:32.277,211.333,+1 Lap
3292,152,577,201,17,8,9,9,9,0,56,\N,\N,22,13,1:32.401,211.049,+1 Lap
3293,152,848,201,16,9,10,10,10,0,56,\N,\N,23,11,1:32.319,211.237,+1 Lap
3294,152,250,172,11,11,11,11,11,0,56,\N,\N,40,12,1:32.329,211.214,+1 Lap
3295,152,500,172,12,13,12,12,12,0,56,\N,\N,44,15,1:32.690,210.391,+1 Lap
3296,152,570,212,3,3,13,13,13,0,56,\N,\N,28,6,1:30.977,214.353,+1 Lap
3297,152,415,91,15,12,14,14,14,0,56,\N,\N,38,14,1:32.533,210.748,+1 Lap
3298,152,350,93,18,18,15,15,15,0,56,\N,\N,56,16,1:33.284,209.051,+1 Lap
3299,152,578,93,19,15,16,16,16,0,55,\N,\N,9,18,1:34.032,207.388,+2 Laps
3300,152,128,145,20,17,17,17,17,0,52,\N,\N,40,20,1:35.130,204.995,+5 Laps
3301,152,183,135,5,10,18,R,18,0,50,\N,\N,19,9,1:31.861,212.290,Pneumatics
3302,152,58,145,21,20,19,R,19,0,44,\N,\N,24,19,1:34.555,206.241,Engine
3303,152,669,135,6,19,20,R,20,0,7,\N,\N,7,17,1:33.527,208.508,Engine
3304,153,696,73,1,2,1,1,1,10,62,1:26:19.670,5179670,10,1,1:20.411,220.850,Finished
3305,153,138,15,9,1,2,2,2,8,62,+9.702,5189372,28,2,1:21.201,218.701,Finished
3306,153,570,212,3,3,3,3,3,6,62,+21.617,5201287,27,6,1:21.870,216.914,Finished
3307,153,17,170,8,6,4,4,4,5,62,+23.654,5203324,59,3,1:21.650,217.499,Finished
3308,153,778,170,7,9,5,5,5,4,62,+36.216,5215886,11,4,1:21.666,217.456,Finished
3309,153,53,73,2,4,6,6,6,3,62,+36.683,5216353,31,7,1:21.873,216.906,Finished
3310,153,697,212,4,5,7,7,7,2,62,+55.730,5235400,30,5,1:21.689,217.395,Finished
3311,153,669,135,6,20,8,8,8,1,61,\N,\N,39,9,1:22.500,215.258,+1 Lap
3312,153,250,172,11,18,9,9,9,0,61,\N,\N,60,10,1:22.654,214.857,+1 Lap
3313,153,500,172,12,12,10,10,10,0,61,\N,\N,36,12,1:22.895,214.232,+1 Lap
3314,153,577,201,17,13,11,11,11,0,61,\N,\N,59,11,1:22.861,214.320,+1 Lap
3315,153,183,135,5,11,12,12,12,0,61,\N,\N,42,14,1:22.951,214.087,+1 Lap
3316,153,811,91,14,8,13,13,13,0,61,\N,\N,55,13,1:22.931,214.139,+1 Lap
3317,153,415,91,15,14,14,14,14,0,60,\N,\N,27,17,1:23.647,212.306,+2 Laps
3318,153,58,145,21,19,15,15,15,0,58,\N,\N,58,19,1:26.075,206.317,+4 Laps
3319,153,679,15,10,7,16,16,16,0,56,\N,\N,44,8,1:21.929,216.758,Engine
3320,153,350,93,18,16,17,R,17,0,48,\N,\N,44,16,1:23.381,212.983,Driveshaft
3321,153,848,201,16,10,18,R,18,0,32,\N,\N,25,15,1:23.108,213.683,Accident
3322,153,128,145,20,17,19,R,19,0,22,\N,\N,11,20,1:26.857,204.460,Brakes
3323,153,578,93,19,15,20,R,20,0,6,\N,\N,6,18,1:25.457,207.809,Hydraulics
3324,154,696,73,1,1,1,1,1,10,66,1:27:32.841,5252841,12,1,1:17.450,215.070,Finished
3325,154,53,73,2,5,2,2,2,8,66,+13.290,5266131,16,5,1:17.887,213.863,Finished
3326,154,778,170,7,4,3,3,3,6,66,+32.294,5285135,12,6,1:18.178,213.067,Finished
3327,154,17,170,8,8,4,4,4,5,66,+32.952,5285793,27,3,1:17.556,214.776,Finished
3328,154,679,15,10,3,5,5,5,4,66,+42.327,5295168,47,4,1:17.678,214.439,Finished
3329,154,697,212,4,6,6,6,6,3,66,+1:13.804,5326645,27,8,1:18.548,212.063,Finished
3330,154,250,172,11,12,7,7,7,2,66,+1:17.108,5329949,37,13,1:19.062,210.685,Finished
3331,154,138,15,9,14,8,8,8,1,65,\N,\N,46,2,1:17.495,214.945,+1 Lap
3332,154,500,172,12,17,9,9,9,0,65,\N,\N,43,10,1:18.819,211.334,+1 Lap
3333,154,183,135,5,10,10,10,10,0,65,\N,\N,38,16,1:19.175,210.384,+1 Lap
3334,154,669,135,6,13,11,11,11,0,65,\N,\N,48,11,1:18.842,211.273,+1 Lap
3335,154,811,91,14,9,12,12,12,0,65,\N,\N,11,9,1:18.617,211.877,+1 Lap
3336,154,848,201,16,11,13,13,13,0,65,\N,\N,29,14,1:19.112,210.552,+1 Lap
3337,154,578,93,19,19,14,R,14,0,51,\N,\N,27,18,1:19.896,208.486,Steering
3338,154,570,212,3,2,15,R,15,0,46,\N,\N,28,7,1:18.262,212.838,Brakes
3339,154,415,91,15,16,16,R,16,0,43,\N,\N,18,15,1:19.142,210.472,Throttle
3340,154,577,201,17,7,17,R,17,0,33,\N,\N,10,17,1:19.199,210.320,Hydraulics
3341,154,350,93,18,15,18,R,18,0,33,\N,\N,25,12,1:18.971,210.928,Hydraulics
3342,154,128,145,20,18,19,R,19,0,31,\N,\N,3,19,1:22.323,202.339,Spun off
3343,154,58,145,21,20,20,R,20,0,17,\N,\N,8,20,1:23.390,199.750,Spun off
3344,155,778,170,7,1,1,1,1,10,77,1:45:46.601,6346601,22,2,1:14.870,160.598,Finished
3345,155,138,15,9,2,2,2,2,8,77,+0.497,6347098,40,3,1:15.220,159.851,Finished
3346,155,53,73,2,6,3,3,3,6,77,+1:15.766,6422367,16,6,1:15.763,158.705,Finished
3347,155,570,212,3,9,4,4,4,5,76,\N,\N,41,5,1:15.395,159.480,+1 Lap
3348,155,500,172,12,16,5,5,5,4,76,\N,\N,23,10,1:17.151,155.850,+1 Lap
3349,155,848,201,16,15,6,6,6,3,76,\N,\N,22,8,1:16.232,157.729,+1 Lap
3350,155,350,93,18,17,7,7,7,2,75,\N,\N,35,13,1:18.262,153.637,+2 Laps
3351,155,577,201,17,13,8,8,8,1,74,\N,\N,57,9,1:16.494,157.188,+3 Laps
3352,155,58,145,21,19,9,9,9,0,71,\N,\N,2,19,1:21.886,146.838,+6 Laps
3353,155,697,212,4,12,10,10,10,0,69,\N,\N,18,12,1:17.588,154.972,Gearbox
3354,155,696,73,1,4,11,R,11,0,45,\N,\N,23,1,1:14.439,161.528,Collision
3355,155,17,170,8,3,12,R,12,0,41,\N,\N,23,4,1:15.226,159.838,Accident
3356,155,669,135,6,5,13,R,13,0,27,\N,\N,15,7,1:16.203,157.789,Pneumatics
3357,155,128,145,20,20,14,R,14,0,15,\N,\N,10,18,1:21.592,147.367,Gearbox
3358,155,578,93,19,18,15,R,15,0,12,\N,\N,10,14,1:19.415,151.407,Transmission
3359,155,811,91,14,11,16,R,16,0,11,\N,\N,11,11,1:17.466,155.216,Gearbox
3360,155,679,15,10,7,17,R,17,0,2,\N,\N,2,17,1:21.368,147.773,Engine
3361,155,183,135,5,8,18,R,18,0,2,\N,\N,2,15,1:20.560,149.255,Collision
3362,155,250,172,11,10,19,R,19,0,2,\N,\N,2,16,1:20.804,148.804,Collision
3363,155,415,91,15,14,20,R,20,0,0,\N,\N,\N,\N,\N,\N,Accident
3364,156,696,73,1,1,1,1,1,10,60,1:32:35.101,5555101,7,1,1:29.468,207.144,Finished
3365,156,53,73,2,7,2,2,2,8,60,+17.989,5573090,14,3,1:30.101,205.689,Finished
3366,156,138,15,9,5,3,3,3,6,60,+22.533,5577634,13,4,1:30.457,204.879,Finished
3367,156,778,170,7,3,4,4,4,5,60,+53.673,5608774,30,6,1:31.131,203.364,Finished
3368,156,17,170,8,6,5,5,5,4,60,+1:00.987,5616088,29,5,1:31.065,203.511,Finished
3369,156,250,172,11,19,6,6,6,3,60,+1:13.448,5628549,23,7,1:31.413,202.737,Finished
3370,156,811,91,14,14,7,7,7,2,60,+1:16.206,5631307,37,10,1:31.893,201.678,Finished
3371,156,570,212,3,8,8,8,8,1,59,\N,\N,43,8,1:31.424,202.712,+1 Lap
3372,156,500,172,12,16,9,9,9,0,59,\N,\N,37,14,1:32.729,199.859,+1 Lap
3373,156,350,93,18,13,10,10,10,0,59,\N,\N,55,11,1:32.121,201.178,+1 Lap
3374,156,577,201,17,10,11,11,11,0,59,\N,\N,12,13,1:32.506,200.341,+1 Lap
3375,156,415,91,15,12,12,12,12,0,59,\N,\N,14,16,1:32.804,199.698,+1 Lap
3376,156,578,93,19,15,13,13,13,0,58,\N,\N,27,15,1:32.772,199.767,+2 Laps
3377,156,128,145,20,20,14,14,14,0,57,\N,\N,7,18,1:35.555,193.949,+3 Laps
3378,156,58,145,21,17,15,15,15,0,57,\N,\N,46,17,1:34.666,195.770,+3 Laps
3379,156,679,15,10,2,16,R,16,0,47,\N,\N,11,2,1:30.004,205.910,Engine
3380,156,183,135,5,18,17,R,17,0,25,\N,\N,14,12,1:32.337,200.708,Engine
3381,156,669,135,6,4,18,R,18,0,9,\N,\N,2,9,1:31.670,202.168,Engine
3382,156,697,212,4,9,19,R,19,0,0,\N,\N,\N,\N,\N,\N,Collision
3383,156,848,201,16,11,20,R,20,0,0,\N,\N,\N,\N,\N,\N,Collision
3384,157,696,73,1,6,1,1,1,10,70,1:28:24.803,5304803,18,2,1:13.630,213.222,Finished
3385,157,53,73,2,7,2,2,2,8,70,+5.108,5309911,68,1,1:13.622,213.246,Finished
3386,157,138,15,9,2,3,3,3,6,70,+20.409,5325212,68,5,1:14.246,211.453,Finished
3387,157,250,172,11,11,4,4,4,5,69,\N,\N,47,9,1:15.078,209.110,+1 Lap
3388,157,669,135,6,8,5,5,5,4,69,\N,\N,44,7,1:14.752,210.022,+1 Lap
3389,157,183,135,5,9,6,6,6,3,69,\N,\N,55,10,1:15.478,208.002,+1 Lap
3390,157,304,93,19,16,7,7,7,2,68,\N,\N,42,16,1:16.300,205.761,+2 Laps
3391,157,350,93,18,15,8,8,8,1,68,\N,\N,18,14,1:15.890,206.873,+2 Laps
3392,157,415,91,15,10,9,9,9,0,67,\N,\N,45,13,1:15.731,207.307,+3 Laps
3393,157,58,145,21,18,10,10,10,0,66,\N,\N,64,18,1:17.516,202.533,+4 Laps
3394,157,500,172,12,17,11,R,11,0,62,\N,\N,25,11,1:15.560,207.776,Accident
3395,157,679,15,10,20,12,R,12,0,48,\N,\N,25,8,1:15.076,209.116,Engine
3396,157,17,170,8,5,13,R,13,0,44,\N,\N,41,4,1:14.179,211.644,Driveshaft
3397,157,128,145,20,19,14,R,14,0,30,\N,\N,25,19,1:18.025,201.212,Gearbox
3398,157,811,91,14,14,15,R,15,0,6,\N,\N,6,17,1:16.739,204.584,Suspension
3399,157,778,170,7,3,16,R,16,0,0,\N,\N,\N,\N,\N,\N,Transmission
3400,157,697,212,4,1,17,D,17,0,70,\N,\N,70,3,1:14.040,212.042,Disqualified
3401,157,570,212,3,4,18,D,18,0,70,\N,\N,69,6,1:14.295,211.314,Disqualified
3402,157,848,201,16,12,19,D,19,0,69,\N,\N,39,12,1:15.652,207.523,Disqualified
3403,157,577,201,17,13,20,D,20,0,69,\N,\N,23,15,1:16.045,206.451,Disqualified
3404,158,696,73,1,2,1,1,1,10,73,1:40:29.914,6029914,8,2,1:10.412,214.327,Finished
3405,158,53,73,2,1,2,2,2,8,73,+2.950,6032864,7,1,1:10.399,214.366,Finished
3406,158,679,15,10,3,3,3,3,6,73,+22.036,6051950,47,3,1:10.727,213.372,Finished
3407,158,778,170,7,20,4,4,4,5,73,+34.544,6064458,45,6,1:11.187,211.993,Finished
3408,158,577,201,17,8,5,5,5,4,73,+37.534,6067448,46,4,1:10.933,212.752,Finished
3409,158,669,135,6,7,6,6,6,3,72,\N,\N,59,8,1:11.248,211.812,+1 Lap
3410,158,183,135,5,12,7,7,7,2,72,\N,\N,44,13,1:12.155,209.149,+1 Lap
3411,158,58,145,21,19,8,8,8,1,70,\N,\N,39,16,1:14.097,203.668,+3 Laps
3412,158,250,172,11,14,9,9,9,0,65,\N,\N,44,11,1:12.129,209.225,+8 Laps
3413,158,811,91,14,10,10,R,10,0,60,\N,\N,46,12,1:12.140,209.193,Engine
3414,158,570,212,3,5,11,D,11,0,57,\N,\N,37,9,1:11.255,211.791,Disqualified
3415,158,350,93,18,16,12,R,12,0,40,\N,\N,37,15,1:13.095,206.460,Engine
3416,158,138,15,9,4,13,R,13,0,26,\N,\N,22,5,1:11.025,212.477,Gearbox
3417,158,848,201,16,11,14,R,14,0,17,\N,\N,8,14,1:12.872,207.091,Gearbox
3418,158,697,212,4,6,15,R,15,0,9,\N,\N,8,10,1:11.982,209.652,Tyre
3419,158,17,170,8,9,16,R,16,0,8,\N,\N,8,7,1:11.236,211.847,Tyre
3420,158,415,91,15,13,17,R,17,0,0,\N,\N,\N,\N,\N,\N,Collision
3421,158,500,172,12,15,18,R,18,0,0,\N,\N,\N,\N,\N,\N,Collision
3422,158,578,93,19,17,19,R,19,0,0,\N,\N,\N,\N,\N,\N,Collision
3423,158,128,145,20,18,20,R,20,0,0,\N,\N,\N,\N,\N,\N,Collision
3424,159,696,73,1,2,1,1,1,10,70,1:30:18.133,5418133,32,1,1:15.377,210.669,Finished
3425,159,17,170,8,1,2,2,2,8,70,+8.329,5426462,34,2,1:15.551,210.183,Finished
3426,159,53,73,2,10,3,3,3,6,70,+31.622,5449755,50,6,1:16.035,208.845,Finished
3427,159,778,170,7,5,4,4,4,5,70,+32.082,5450215,15,9,1:16.248,208.262,Finished
3428,159,138,15,9,4,5,5,5,4,70,+32.482,5450615,50,5,1:15.971,209.021,Finished
3429,159,183,135,5,3,6,6,6,3,70,+35.520,5453653,11,10,1:16.303,208.112,Finished
3430,159,669,135,6,9,7,7,7,2,70,+36.230,5454363,30,3,1:15.791,209.518,Finished
3431,159,570,212,3,6,8,8,8,1,70,+43.419,5461552,48,8,1:16.140,208.557,Finished
3432,159,811,91,14,12,9,9,9,0,70,+52.394,5470527,53,4,1:15.956,209.063,Finished
3433,159,293,212,4,8,10,10,10,0,70,+58.166,5476299,56,7,1:16.070,208.749,Finished
3434,159,415,91,15,13,11,11,11,0,69,\N,\N,37,13,1:16.852,206.625,+1 Lap
3435,159,250,172,11,15,12,12,12,0,69,\N,\N,22,11,1:16.699,207.037,+1 Lap
3436,159,500,172,12,16,13,13,13,0,69,\N,\N,23,16,1:17.388,205.194,+1 Lap
3437,159,848,201,16,11,14,14,14,0,69,\N,\N,49,14,1:16.937,206.397,+1 Lap
3438,159,577,201,17,14,15,15,15,0,68,\N,\N,53,15,1:17.069,206.043,+2 Laps
3439,159,350,93,18,17,16,16,16,0,68,\N,\N,26,18,1:18.627,201.961,+2 Laps
3440,159,578,93,19,18,17,17,17,0,67,\N,\N,15,17,1:17.641,204.525,+3 Laps
3441,159,128,145,20,19,18,18,18,0,66,\N,\N,52,19,1:18.932,201.180,+4 Laps
3442,159,58,145,21,20,19,R,19,0,31,\N,\N,13,20,1:19.659,199.344,Spun off
3443,159,679,15,10,7,20,R,20,0,15,\N,\N,14,12,1:16.809,206.741,Engine
3444,160,696,73,1,4,1,1,1,10,60,1:24:42.700,5082700,14,1,1:18.739,235.049,Finished
3445,160,669,135,6,1,2,2,2,8,60,+2.130,5084830,10,4,1:19.554,232.641,Finished
3446,160,53,73,2,2,3,3,3,6,60,+3.114,5085814,8,2,1:19.296,233.398,Finished
3447,160,138,15,9,3,4,4,4,5,60,+10.683,5093383,10,3,1:19.488,232.835,Finished
3448,160,570,212,3,7,5,5,5,4,60,+12.173,5094873,26,6,1:19.968,231.437,Finished
3449,160,250,172,11,20,6,6,6,3,60,+12.888,5095588,22,5,1:19.813,231.887,Finished
3450,160,183,135,5,6,7,7,7,2,60,+19.668,5102368,25,10,1:20.547,229.773,Finished
3451,160,811,91,14,9,8,8,8,1,60,+23.701,5106401,11,12,1:20.768,229.145,Finished
3452,160,500,172,12,10,9,9,9,0,60,+24.023,5106723,58,9,1:20.484,229.953,Finished
3453,160,17,170,8,16,10,10,10,0,60,+24.835,5107535,39,8,1:20.442,230.073,Finished
3454,160,679,15,10,8,11,11,11,0,60,+33.736,5116436,12,14,1:20.790,229.082,Finished
3455,160,293,212,4,11,12,12,12,0,60,+34.303,5117003,58,7,1:20.434,230.096,Finished
3456,160,848,201,16,12,13,13,13,0,59,\N,\N,35,13,1:20.768,229.145,+1 Lap
3457,160,415,91,15,13,14,14,14,0,59,\N,\N,10,15,1:20.956,228.613,+1 Lap
3458,160,350,93,18,15,15,15,15,0,59,\N,\N,17,16,1:21.720,226.475,+1 Lap
3459,160,128,145,20,18,16,16,16,0,56,\N,\N,33,19,1:24.296,219.554,+4 Laps
3460,160,578,93,19,14,17,R,17,0,47,\N,\N,13,17,1:22.146,225.301,Spun off
3461,160,778,170,7,5,18,R,18,0,39,\N,\N,34,11,1:20.655,229.466,Accident
3462,160,58,145,21,19,19,R,19,0,29,\N,\N,12,20,1:24.317,219.500,Engine
3463,160,577,201,17,17,20,R,20,0,16,\N,\N,4,18,1:23.131,222.631,Accident
3464,161,696,73,1,1,1,1,1,10,66,1:23:54.848,5034848,5,2,1:13.783,223.173,Finished
3465,161,138,15,9,13,2,2,2,8,66,+8.388,5043236,11,3,1:14.117,222.167,Finished
3466,161,17,170,8,5,3,3,3,6,66,+16.351,5051199,8,5,1:14.265,221.724,Finished
3467,161,183,135,5,4,4,4,4,5,66,+19.231,5054079,8,8,1:14.558,220.853,Finished
3468,161,570,212,3,2,5,5,5,4,66,+23.055,5057903,10,7,1:14.446,221.185,Finished
3469,161,811,91,14,11,6,6,6,3,66,+41.108,5075956,65,11,1:14.883,219.895,Finished
3470,161,608,212,4,10,7,7,7,2,66,+41.956,5076804,65,10,1:14.586,220.770,Finished
3471,161,679,15,10,8,8,8,8,1,66,+46.842,5081690,29,9,1:14.585,220.773,Finished
3472,161,250,172,11,14,9,9,9,0,66,+1:07.102,5101950,39,15,1:15.635,217.708,Finished
3473,161,415,91,15,12,10,10,10,0,66,+1:08.578,5103426,33,13,1:15.045,219.420,Finished
3474,161,778,170,7,6,11,11,11,0,66,+1:10.258,5105106,9,6,1:14.386,221.364,Finished
3475,161,53,73,2,7,12,12,12,0,66,+1:13.252,5108100,59,12,1:14.963,219.660,Finished
3476,161,500,172,12,16,13,13,13,0,65,\N,\N,61,17,1:16.248,215.958,+1 Lap
3477,161,577,201,17,9,14,14,14,0,65,\N,\N,59,4,1:14.247,221.778,+1 Lap
3478,161,578,93,19,17,15,15,15,0,63,\N,\N,63,16,1:16.058,216.497,+3 Laps
3479,161,58,145,21,20,16,16,16,0,62,\N,\N,18,20,1:18.760,209.070,+4 Laps
3480,161,128,145,20,19,17,17,17,0,62,\N,\N,52,19,1:18.372,210.105,+4 Laps
3481,161,350,93,18,18,18,R,18,0,42,\N,\N,20,18,1:16.903,214.119,Handling
3482,161,848,201,16,15,19,R,19,0,38,\N,\N,20,14,1:15.145,219.128,Puncture
3483,161,669,135,6,3,20,R,20,0,13,\N,\N,10,1,1:13.780,223.182,Rear wing
3484,162,696,73,1,1,1,1,1,10,70,1:35:26.131,5726131,29,1,1:19.071,199.461,Finished
3485,162,53,73,2,2,2,2,2,8,70,+4.696,5730827,29,2,1:19.213,199.103,Finished
3486,162,17,170,8,5,3,3,3,6,70,+44.599,5770730,49,3,1:20.275,196.469,Finished
3487,162,570,212,3,7,4,4,4,5,70,+1:02.613,5788744,49,7,1:20.715,195.398,Finished
3488,162,138,15,9,4,5,5,5,4,70,+1:07.439,5793570,47,4,1:20.425,196.103,Finished
3489,162,679,15,10,3,6,6,6,3,69,\N,\N,10,10,1:21.030,194.639,+1 Lap
3490,162,608,212,4,6,7,7,7,2,69,\N,\N,48,5,1:20.501,195.918,+1 Lap
3491,162,250,172,11,8,8,8,8,1,69,\N,\N,53,9,1:21.022,194.658,+1 Lap
3492,162,183,135,5,12,9,9,9,0,69,\N,\N,67,11,1:21.134,194.389,+1 Lap
3493,162,811,91,14,11,10,10,10,0,69,\N,\N,45,8,1:20.825,195.132,+1 Lap
3494,162,577,201,17,13,11,11,11,0,69,\N,\N,50,12,1:21.310,193.968,+1 Lap
3495,162,350,93,18,16,12,12,12,0,68,\N,\N,68,13,1:21.518,193.473,+2 Laps
3496,162,415,91,15,14,13,13,13,0,68,\N,\N,45,17,1:22.530,191.101,+2 Laps
3497,162,128,145,20,19,14,14,14,0,66,\N,\N,65,19,1:24.601,186.423,+4 Laps
3498,162,58,145,21,18,15,15,15,0,65,\N,\N,63,20,1:24.855,185.865,+5 Laps
3499,162,578,93,19,17,16,R,16,0,48,\N,\N,43,18,1:22.927,190.186,Gearbox
3500,162,778,170,7,9,17,R,17,0,41,\N,\N,10,6,1:20.705,195.422,Engine
3501,162,843,201,16,15,18,R,18,0,31,\N,\N,13,16,1:22.525,191.112,Electronics
3502,162,500,172,12,20,19,R,19,0,21,\N,\N,14,15,1:21.856,192.674,Brakes
3503,162,669,135,6,10,20,R,20,0,13,\N,\N,6,14,1:21.678,193.094,Electrical
3504,163,669,135,6,10,1,1,1,10,44,1:32:35.274,5555274,42,1,1:45.108,238.931,Finished
3505,163,696,73,1,2,2,2,2,8,44,+3.132,5558406,28,2,1:45.503,238.036,Finished
3506,163,53,73,2,6,3,3,3,6,44,+4.371,5559645,43,3,1:45.666,237.669,Finished
3507,163,500,172,12,8,4,4,4,5,44,+12.504,5567778,29,13,1:47.624,233.345,Finished
3508,163,250,172,11,5,5,5,5,4,44,+14.104,5569378,11,9,1:46.758,235.238,Finished
3509,163,415,91,15,13,6,6,6,3,44,+14.614,5569888,11,11,1:47.509,233.595,Finished
3510,163,183,135,5,4,7,7,7,2,44,+17.970,5573244,11,7,1:46.579,235.633,Finished
3511,163,577,201,17,9,8,8,8,1,44,+18.693,5573967,29,14,1:47.765,233.040,Finished
3512,163,778,170,7,1,9,9,9,0,44,+22.115,5577389,9,5,1:45.898,237.148,Finished
3513,163,843,201,16,20,10,10,10,0,41,\N,\N,26,12,1:47.576,233.449,Engine
3514,163,350,93,18,16,11,11,11,0,40,\N,\N,40,15,1:50.471,227.332,+4 Laps
3515,163,570,212,3,11,12,R,12,0,37,\N,\N,36,6,1:46.547,235.704,Tyre
3516,163,608,212,4,14,13,R,13,0,31,\N,\N,26,8,1:46.740,235.278,Gearbox
3517,163,138,15,9,12,14,R,14,0,29,\N,\N,26,10,1:47.151,234.375,Collision
3518,163,58,145,21,18,15,R,15,0,28,\N,\N,25,16,1:51.031,226.185,Collision
3519,163,17,170,8,3,16,R,16,0,11,\N,\N,9,4,1:45.870,237.211,Engine
3520,163,811,91,14,7,17,R,17,0,0,\N,\N,\N,\N,\N,\N,Collision
3521,163,679,15,10,15,18,R,18,0,0,\N,\N,\N,\N,\N,\N,Collision
3522,163,128,145,20,17,19,R,19,0,0,\N,\N,\N,\N,\N,\N,Collision
3523,163,578,93,19,19,20,R,20,0,0,\N,\N,\N,\N,\N,\N,Collision
3524,164,53,73,2,1,1,1,1,10,53,1:15:18.448,4518448,41,1,1:21.046,257.320,Finished
3525,164,696,73,1,3,2,2,2,8,53,+1.347,4519795,35,2,1:21.361,256.324,Finished
3526,164,138,15,9,6,3,3,3,6,53,+10.197,4528645,13,6,1:22.671,252.262,Finished
3527,164,679,15,10,5,4,4,4,5,53,+15.370,4533818,32,5,1:22.660,252.296,Finished
3528,164,570,212,3,2,5,5,5,4,53,+32.352,4550800,32,10,1:22.929,251.477,Finished
3529,164,183,135,5,10,6,6,6,3,53,+33.439,4551887,24,9,1:22.889,251.599,Finished
3530,164,608,212,4,8,7,7,7,2,53,+33.752,4552200,32,3,1:22.246,253.566,Finished
3531,164,250,172,11,15,8,8,8,1,53,+35.431,4553879,51,4,1:22.615,252.433,Finished
3532,164,811,91,14,12,9,9,9,0,53,+56.761,4575209,53,12,1:23.090,250.990,Finished
3533,164,778,170,7,9,10,10,10,0,53,+1:06.316,4584764,52,7,1:22.855,251.702,Finished
3534,164,843,201,16,11,11,11,11,0,53,+1:22.531,4600979,52,14,1:23.410,250.027,Finished
3535,164,500,172,12,16,12,12,12,0,52,\N,\N,50,11,1:22.941,251.441,+1 Lap
3536,164,415,91,15,14,13,13,13,0,52,\N,\N,29,15,1:23.432,249.961,+1 Lap
3537,164,350,93,18,20,14,14,14,0,52,\N,\N,23,17,1:24.166,247.781,+1 Lap
3538,164,58,145,21,19,15,15,15,0,50,\N,\N,31,18,1:26.356,241.497,+3 Laps
3539,164,17,170,8,4,16,R,16,0,40,\N,\N,31,8,1:22.881,251.623,Spun off
3540,164,578,93,19,17,17,R,17,0,33,\N,\N,13,16,1:24.061,248.091,Accident
3541,164,128,145,20,18,18,R,18,0,29,\N,\N,24,19,1:26.371,241.456,Fire
3542,164,669,135,6,7,19,R,19,0,13,\N,\N,11,13,1:23.365,250.162,Engine
3543,164,577,201,17,13,20,R,20,0,0,\N,\N,\N,\N,\N,\N,Collision
3544,165,53,73,2,1,1,1,1,10,56,1:29:12.420,5352420,28,2,1:32.455,212.250,Finished
3545,165,138,15,9,3,2,2,2,8,56,+1.035,5353455,33,4,1:32.935,211.154,Finished
3546,165,669,135,6,2,3,3,3,6,56,+1.469,5353889,53,3,1:32.876,211.288,Finished
3547,165,17,170,8,6,4,4,4,5,56,+32.510,5384930,55,10,1:33.625,209.597,Finished
3548,165,570,212,3,10,5,5,5,4,56,+45.193,5397613,34,5,1:33.108,210.761,Finished
3549,165,679,15,10,18,6,6,6,3,56,+54.791,5407211,36,8,1:33.533,209.804,Finished
3550,165,250,172,11,7,7,7,7,2,56,+1:05.454,5417874,25,7,1:33.520,209.833,Finished
3551,165,500,172,12,4,8,8,8,1,56,+1:20.080,5432500,43,6,1:33.483,209.916,Finished
3552,165,183,135,5,9,9,9,9,0,56,+1:20.619,5433039,26,11,1:33.727,209.369,Finished
3553,165,811,91,14,11,10,10,10,0,55,\N,\N,32,15,1:34.893,206.797,+1 Lap
3554,165,796,170,7,12,11,11,11,0,55,\N,\N,55,17,1:34.950,206.672,+1 Lap
3555,165,696,73,1,20,12,12,12,0,55,\N,\N,55,1,1:32.238,212.749,+1 Lap
3556,165,350,93,18,14,13,13,13,0,55,\N,\N,55,14,1:34.717,207.181,+1 Lap
3557,165,577,201,17,8,14,14,14,0,55,\N,\N,51,13,1:34.603,207.431,+1 Lap
3558,165,304,93,19,16,15,15,15,0,55,\N,\N,54,16,1:34.931,206.714,+1 Lap
3559,165,58,145,21,19,16,16,16,0,53,\N,\N,51,20,1:37.578,201.106,+3 Laps
3560,165,128,145,20,17,17,R,17,0,38,\N,\N,23,19,1:37.377,201.521,Wheel
3561,165,697,212,4,5,18,R,18,0,37,\N,\N,31,9,1:33.546,209.774,Collision
3562,165,843,201,16,13,19,R,19,0,35,\N,\N,24,12,1:34.269,208.165,Transmission
3563,165,415,91,15,15,20,R,20,0,11,\N,\N,10,18,1:36.888,202.539,Collision
3564,166,696,73,1,1,1,1,1,10,53,1:24:26.985,5066985,41,2,1:32.796,225.281,Finished
3565,166,697,212,4,2,2,2,2,8,53,+14.098,5081083,23,3,1:33.467,223.663,Finished
3566,166,138,15,9,5,3,3,3,6,53,+19.662,5086647,33,7,1:33.819,222.824,Finished
3567,166,679,15,10,4,4,4,4,5,53,+31.781,5098766,28,5,1:33.742,223.007,Finished
3568,166,17,170,8,11,5,5,5,4,53,+37.767,5104752,29,12,1:34.279,221.737,Finished
3569,166,669,135,6,12,6,6,6,3,53,+39.362,5106347,35,10,1:33.920,222.585,Finished
3570,166,570,212,3,13,7,7,7,2,53,+55.347,5122332,30,6,1:33.779,222.919,Finished
3571,166,250,172,11,7,8,8,8,1,53,+56.276,5123261,44,8,1:33.850,222.751,Finished
3572,166,500,172,12,19,9,9,9,0,53,+1:29.656,5156641,40,4,1:33.614,223.312,Finished
3573,166,796,170,7,9,10,10,10,0,52,\N,\N,28,16,1:35.290,219.385,+1 Lap
3574,166,778,201,16,6,11,11,11,0,52,\N,\N,52,14,1:34.626,220.924,+1 Lap
3575,166,415,91,15,14,12,12,12,0,52,\N,\N,32,15,1:35.261,219.451,+1 Lap
3576,166,350,93,18,16,13,13,13,0,52,\N,\N,25,17,1:35.524,218.847,+1 Lap
3577,166,577,201,17,10,14,14,14,0,51,\N,\N,11,13,1:34.438,221.364,+2 Laps
3578,166,304,93,19,17,15,15,15,0,51,\N,\N,14,18,1:36.667,216.259,+2 Laps
3579,166,128,145,20,18,16,16,16,0,50,\N,\N,27,19,1:39.352,210.415,+3 Laps
3580,166,58,145,21,20,17,R,17,0,41,\N,\N,26,20,1:39.434,210.241,Spun off
3581,166,183,135,5,8,18,R,18,0,38,\N,\N,14,9,1:33.917,222.592,Collision
3582,166,53,73,2,15,19,R,19,0,38,\N,\N,30,1,1:32.730,225.441,Collision
3583,166,811,91,14,3,20,R,20,0,20,\N,\N,13,11,1:34.229,221.855,Overheating
3584,167,570,212,3,2,1,1,1,10,71,1:28:01.451,5281451,49,1,1:11.473,217.038,Finished
3585,167,669,135,6,3,2,2,2,8,71,+1.022,5282473,52,2,1:11.562,216.768,Finished
3586,167,53,73,2,1,3,3,3,6,71,+24.099,5305550,22,3,1:11.672,216.435,Finished
3587,167,17,170,8,8,4,4,4,5,71,+48.508,5329959,42,9,1:12.118,215.097,Finished
3588,167,697,212,4,7,5,5,5,4,71,+49.740,5331191,23,5,1:11.764,216.158,Finished
3589,167,679,15,10,6,6,6,6,3,71,+50.248,5331699,51,7,1:11.941,215.626,Finished
3590,167,696,73,1,18,7,7,7,2,71,+50.626,5332077,49,4,1:11.763,216.161,Finished
3591,167,500,172,12,4,8,8,8,1,71,+1:02.310,5343761,68,8,1:12.066,215.252,Finished
3592,167,250,172,11,10,9,9,9,0,71,+1:03.842,5345293,69,6,1:11.877,215.818,Finished
3593,167,796,170,7,13,10,10,10,0,70,\N,\N,68,10,1:12.210,214.823,+1 Lap
3594,167,183,135,5,12,11,11,11,0,70,\N,\N,40,12,1:12.522,213.899,+1 Lap
3595,167,778,201,16,9,12,12,12,0,70,\N,\N,65,11,1:12.435,214.156,+1 Lap
3596,167,843,201,17,14,13,13,13,0,70,\N,\N,69,14,1:12.961,212.612,+1 Lap
3597,167,415,91,15,15,14,14,14,0,69,\N,\N,49,13,1:12.891,212.816,+2 Laps
3598,167,304,93,19,17,15,15,15,0,69,\N,\N,68,16,1:13.905,209.896,+2 Laps
3599,167,58,145,21,19,16,16,16,0,67,\N,\N,45,17,1:14.743,207.543,+4 Laps
3600,167,128,145,20,20,17,17,17,0,67,\N,\N,50,18,1:14.756,207.507,+4 Laps
3601,167,811,91,14,11,18,R,18,0,23,\N,\N,20,15,1:13.197,211.926,Collision
3602,167,350,93,18,16,19,R,19,0,15,\N,\N,11,19,1:15.855,204.500,Clutch
3603,167,138,15,9,5,20,R,20,0,3,\N,\N,2,20,1:24.440,183.709,Engine
3604,168,250,170,6,1,1,1,1,10,57,1:24:17.336,5057336,55,2,1:25.994,222.001,Finished
3605,168,53,73,2,11,2,2,2,8,57,+5.553,5062889,54,3,1:26.233,221.386,Finished
3606,168,17,170,5,13,3,3,3,6,57,+6.712,5064048,24,1,1:25.683,222.807,Finished
3607,168,183,169,14,5,4,4,4,5,57,+16.131,5073467,40,11,1:26.690,220.219,Finished
3608,168,811,212,7,3,5,5,5,4,57,+16.908,5074244,37,8,1:26.493,220.720,Finished
3609,168,570,135,10,9,6,6,6,3,57,+35.033,5092369,41,7,1:26.393,220.976,Finished
3610,168,415,169,15,6,7,7,7,2,57,+38.997,5096333,39,10,1:26.627,220.379,Finished
3611,168,669,135,9,10,8,8,8,1,57,+39.633,5096969,55,4,1:26.255,221.329,Finished
3612,168,778,201,16,2,9,9,9,0,57,+1:03.108,5120444,56,14,1:27.116,219.142,Finished
3613,168,500,172,12,18,10,10,10,0,57,+1:04.393,5121729,55,13,1:26.893,219.704,Finished
3614,168,138,15,3,8,11,R,11,0,56,\N,\N,55,5,1:26.260,221.316,+1 Lap
3615,168,697,201,17,15,12,12,12,0,56,\N,\N,56,9,1:26.536,220.611,+1 Lap
3616,168,796,172,11,4,13,13,13,0,56,\N,\N,54,15,1:27.745,217.571,+1 Lap
3617,168,679,15,4,20,14,R,14,0,55,\N,\N,36,16,1:27.877,217.244,+2 Laps
3618,168,401,93,19,12,15,15,15,0,55,\N,\N,36,17,1:27.970,217.014,+2 Laps
3619,168,529,93,18,14,16,16,16,0,55,\N,\N,16,18,1:28.999,214.505,+2 Laps
3620,168,275,145,20,16,17,17,17,0,55,\N,\N,22,19,1:32.852,205.604,+4 Laps
3621,168,696,73,1,19,18,R,18,0,42,\N,\N,38,6,1:26.261,221.314,Accident
3622,168,350,212,8,7,19,R,19,0,42,\N,\N,38,12,1:26.854,219.803,Accident
3623,168,10,145,21,17,20,R,20,0,16,\N,\N,11,20,1:33.144,204.960,Gearbox
3624,169,17,170,5,1,1,1,1,10,56,1:31:33.736,5493736,18,4,1:35.899,208.081,Finished
3625,169,778,201,16,2,2,2,2,8,56,+24.327,5518063,18,3,1:35.816,208.261,Finished
3626,169,350,212,8,10,3,3,3,6,56,+32.188,5525924,40,2,1:35.712,208.487,Finished
3627,169,570,135,10,11,4,4,4,5,56,+41.631,5535367,42,8,1:36.585,206.603,Finished
3628,169,697,201,17,5,5,5,5,4,56,+51.854,5545590,15,7,1:36.321,207.169,Finished
3629,169,183,169,14,8,6,6,6,3,56,+1:12.543,5566279,18,9,1:36.790,206.165,Finished
3630,169,696,73,1,13,7,7,7,2,56,+1:19.988,5573724,41,12,1:36.982,205.757,Finished
3631,169,415,169,15,7,8,8,8,1,56,+1:20.835,5574571,17,11,1:36.902,205.927,Finished
3632,169,669,135,9,6,9,9,9,0,56,+1:21.580,5575316,23,1,1:35.483,208.987,Finished
3633,169,500,172,12,14,10,10,10,0,55,\N,\N,18,13,1:37.212,205.270,+1 Lap
3634,169,401,93,19,17,11,11,11,0,54,\N,\N,18,16,1:39.833,199.881,+2 Laps
3635,169,529,93,18,18,12,12,12,0,53,\N,\N,36,17,1:40.432,198.689,+3 Laps
3636,169,10,145,21,19,13,13,13,0,52,\N,\N,12,19,1:42.465,194.747,+4 Laps
3637,169,53,73,2,12,14,R,14,0,49,\N,\N,22,10,1:36.878,205.978,Tyre
3638,169,250,170,6,3,15,R,15,0,36,\N,\N,21,6,1:36.182,207.469,Collision
3639,169,811,212,7,4,16,R,16,0,36,\N,\N,20,5,1:36.026,207.806,Collision
3640,169,796,172,11,16,17,R,17,0,26,\N,\N,18,15,1:38.058,203.499,Spun off
3641,169,138,15,3,9,18,R,18,0,2,\N,\N,2,14,1:37.912,203.803,Engine
3642,169,201,15,4,15,19,R,19,0,2,\N,\N,2,18,1:41.470,196.657,Engine
3643,169,275,145,20,20,20,R,20,0,2,\N,\N,2,20,1:43.558,192.692,Spun off
3644,170,17,170,5,1,1,1,1,10,57,1:29:18.531,5358531,39,2,1:31.713,212.436,Finished
3645,170,778,201,16,3,2,2,2,8,57,+13.409,5371940,41,4,1:32.324,211.030,Finished
3646,170,669,135,9,9,3,3,3,6,57,+32.063,5390594,41,3,1:31.822,212.184,Finished
3647,170,697,201,17,6,4,4,4,5,57,+53.272,5411803,36,6,1:32.683,210.213,Finished
3648,170,867,135,10,8,5,5,5,4,57,+1:04.988,5423519,43,1,1:31.447,213.054,Finished
3649,170,811,212,7,5,6,6,6,3,57,+1:14.701,5433232,20,10,1:33.087,209.300,Finished
3650,170,500,172,12,12,7,7,7,2,56,\N,\N,40,12,1:33.326,208.764,+1 Lap
3651,170,183,169,14,14,8,8,8,1,56,\N,\N,42,13,1:33.417,208.561,+1 Lap
3652,170,53,73,2,20,9,9,9,0,56,\N,\N,23,8,1:32.976,209.550,+1 Lap
3653,170,529,93,18,16,10,10,10,0,55,\N,\N,18,15,1:35.744,203.492,+2 Laps
3654,170,796,172,11,15,11,11,11,0,54,\N,\N,24,14,1:33.458,208.470,Suspension
3655,170,275,145,20,19,12,12,12,0,54,\N,\N,16,16,1:36.432,202.040,+3 Laps
3656,170,10,145,21,18,13,13,13,0,53,\N,\N,3,17,1:36.913,201.038,+4 Laps
3657,170,138,15,3,11,14,R,14,0,46,\N,\N,45,5,1:32.411,210.832,Clutch
3658,170,679,15,4,13,15,R,15,0,27,\N,\N,23,11,1:33.124,209.217,Brakes
3659,170,350,212,8,4,16,R,16,0,25,\N,\N,19,9,1:33.055,209.372,Engine
3660,170,696,73,1,2,17,R,17,0,12,\N,\N,7,7,1:32.886,209.753,Hydraulics
3661,170,250,170,6,10,18,R,18,0,4,\N,\N,2,18,1:37.036,200.783,Engine
3662,170,401,93,19,17,19,R,19,0,2,\N,\N,2,19,1:37.533,199.760,Electrical
3663,170,415,169,15,7,20,W,20,0,0,\N,\N,\N,\N,\N,\N,Electrical
3664,171,17,170,5,2,1,1,1,10,62,1:27:41.921,5261921,22,4,1:23.133,213.619,Finished
3665,171,696,73,1,13,2,2,2,8,62,+0.215,5262136,48,1,1:21.858,216.946,Finished
3666,171,837,135,10,7,3,3,3,6,62,+27.554,5289475,24,3,1:23.023,213.902,Finished
3667,171,796,172,11,11,4,4,4,5,62,+1:04.442,5326363,45,10,1:24.017,211.371,Finished
3668,171,778,201,16,5,5,5,5,4,62,+1:10.258,5332179,44,11,1:24.022,211.358,Finished
3669,171,350,212,8,8,6,6,6,3,62,+1:11.282,5333203,54,9,1:23.917,211.623,Finished
3670,171,811,212,7,4,7,7,7,2,62,+1:23.297,5345218,17,14,1:24.419,210.364,Finished
3671,171,461,169,15,15,8,8,8,1,62,+1:23.764,5345685,46,7,1:23.488,212.710,Finished
3672,171,697,201,17,10,9,9,9,0,62,+1:35.841,5357762,19,13,1:24.230,210.836,Finished
3673,171,500,172,12,18,10,10,10,0,61,\N,\N,37,8,1:23.602,212.420,+1 Lap
3674,171,183,169,14,14,11,11,11,0,61,\N,\N,22,16,1:24.641,209.813,+1 Lap
3675,171,401,93,19,16,12,12,12,0,61,\N,\N,20,12,1:24.094,211.177,+1 Lap
3676,171,529,93,18,17,13,13,13,0,60,\N,\N,19,17,1:24.719,209.620,+2 Laps
3677,171,10,145,21,20,14,R,14,0,20,\N,\N,18,19,1:27.420,203.143,Hydraulics
3678,171,53,73,2,9,15,R,15,0,18,\N,\N,13,15,1:24.435,210.325,Electrical
3679,171,669,135,9,1,16,R,16,0,9,\N,\N,8,5,1:23.296,213.201,Driveshaft
3680,171,275,145,20,19,17,R,17,0,8,\N,\N,5,20,1:28.334,201.041,Clutch
3681,171,250,170,6,12,18,R,18,0,5,\N,\N,4,18,1:25.665,207.305,Accident
3682,171,138,15,3,3,19,D,19,0,62,\N,\N,22,2,1:22.604,214.987,Disqualified
3683,171,679,15,4,6,20,D,20,0,62,\N,\N,23,6,1:23.368,213.016,Disqualified
3684,172,669,135,9,1,1,1,1,10,66,1:27:16.830,5236830,41,4,1:15.977,219.240,Finished
3685,172,17,170,5,3,2,2,2,8,66,+27.652,5264482,59,5,1:16.098,218.891,Finished
3686,172,778,201,16,5,3,3,3,6,66,+45.947,5282777,63,8,1:16.614,217.417,Finished
3687,172,697,201,17,4,4,4,4,5,66,+46.719,5283549,63,6,1:16.469,217.829,Finished
3688,172,250,170,6,6,5,5,5,4,66,+57.936,5294766,66,1,1:15.641,220.213,Finished
3689,172,811,212,7,2,6,6,6,3,66,+1:08.542,5305372,62,9,1:16.761,217.000,Finished
3690,172,570,135,10,7,7,7,7,2,65,\N,\N,55,3,1:15.771,219.836,+1 Lap
3691,172,183,169,14,9,8,8,8,1,65,\N,\N,65,11,1:16.947,216.476,+1 Lap
3692,172,53,73,2,16,9,9,9,0,65,\N,\N,64,12,1:17.156,215.889,+1 Lap
3693,172,350,212,8,17,10,10,10,0,65,\N,\N,60,7,1:16.519,217.687,+1 Lap
3694,172,500,172,12,10,11,11,11,0,63,\N,\N,51,10,1:16.802,216.884,Wheel rim
3695,172,529,93,18,18,12,12,12,0,63,\N,\N,22,14,1:18.998,210.855,+3 Laps
3696,172,401,93,19,13,13,13,13,0,63,\N,\N,16,16,1:19.734,208.909,+3 Laps
3697,172,796,172,11,12,14,R,14,0,51,\N,\N,43,13,1:17.585,214.696,Engine
3698,172,696,73,1,8,15,R,15,0,46,\N,\N,31,2,1:15.648,220.193,Puncture
3699,172,10,145,21,14,16,R,16,0,19,\N,\N,15,17,1:20.124,207.892,Gearbox
3700,172,275,145,20,15,17,R,17,0,11,\N,\N,10,18,1:20.865,205.987,Spun off
3701,172,461,169,15,11,18,R,18,0,9,\N,\N,9,15,1:19.435,209.695,Spun off
3702,173,669,135,9,1,1,1,1,10,78,1:45:15.556,6315556,41,2,1:15.921,158.375,Finished
3703,173,350,212,8,6,2,2,2,8,78,+13.877,6329433,15,9,1:17.159,155.834,Finished
3704,173,811,212,7,3,3,3,3,6,78,+18.484,6334040,77,7,1:16.971,156.214,Finished
3705,173,17,170,5,2,4,4,4,5,78,+36.487,6352043,19,3,1:16.600,156.971,Finished
3706,173,570,135,10,16,5,5,5,4,78,+36.647,6352203,50,10,1:17.403,155.342,Finished
3707,173,697,201,17,18,6,6,6,3,78,+37.117,6352673,11,8,1:17.070,156.014,Finished
3708,173,696,73,1,8,7,7,7,2,78,+37.223,6352779,40,1,1:15.842,158.540,Finished
3709,173,53,73,2,10,8,8,8,1,78,+37.570,6353126,51,6,1:16.916,156.326,Finished
3710,173,500,172,12,11,9,9,9,0,77,\N,\N,16,13,1:17.799,154.552,+1 Lap
3711,173,778,201,16,5,10,10,10,0,77,\N,\N,38,5,1:16.812,156.538,+1 Lap
3712,173,796,172,11,9,11,11,11,0,77,\N,\N,17,11,1:17.482,155.184,+1 Lap
3713,173,250,170,6,4,12,12,12,0,77,\N,\N,20,4,1:16.776,156.611,+1 Lap
3714,173,529,93,18,15,13,13,13,0,75,\N,\N,12,17,1:20.747,148.909,+3 Laps
3715,173,10,145,21,14,14,14,14,0,73,\N,\N,22,16,1:20.237,149.856,+5 Laps
3716,173,461,169,15,12,15,R,15,0,59,\N,\N,43,14,1:18.030,154.094,Accident
3717,173,275,145,20,13,16,R,16,0,29,\N,\N,19,15,1:19.037,152.131,Accident
3718,173,183,169,14,7,17,R,17,0,23,\N,\N,15,12,1:17.693,154.762,Accident
3719,173,401,93,19,17,18,R,18,0,18,\N,\N,14,18,1:22.019,146.600,Hydraulics
3720,174,17,170,5,6,1,1,1,10,59,1:31:46.648,5506648,44,1,1:30.711,204.305,Finished
3721,174,350,212,8,1,2,2,2,8,59,+16.567,5523215,9,4,1:31.124,203.380,Finished
3722,174,53,73,2,7,3,3,3,6,59,+18.549,5525197,44,3,1:31.028,203.594,Finished
3723,174,183,169,14,12,4,4,4,5,59,+31.588,5538236,19,5,1:31.306,202.974,Finished
3724,174,696,73,1,10,5,5,5,4,59,+50.445,5557093,19,6,1:31.503,202.537,Finished
3725,174,250,170,6,9,6,6,6,3,59,+51.932,5558580,47,7,1:31.708,202.084,Finished
3726,174,570,135,10,5,7,7,7,2,59,+58.173,5564821,42,10,1:31.807,201.866,Finished
3727,174,778,201,16,4,8,8,8,1,59,+1:11.091,5577739,43,9,1:31.779,201.928,Finished
3728,174,461,169,15,14,9,9,9,0,59,+1:11.529,5578177,43,13,1:31.971,201.506,Finished
3729,174,138,15,3,13,10,10,10,0,59,+1:35.786,5602434,20,12,1:31.955,201.542,Finished
3730,174,669,135,9,2,11,11,11,0,58,\N,\N,9,2,1:30.940,203.791,Accident
3731,174,679,15,4,16,12,12,12,0,58,\N,\N,26,11,1:31.889,201.686,+1 Lap
3732,174,796,172,11,15,13,13,13,0,58,\N,\N,41,15,1:32.583,200.174,+1 Lap
3733,174,500,172,12,11,14,14,14,0,58,\N,\N,18,14,1:32.329,200.725,+1 Lap
3734,174,529,93,18,17,15,15,15,0,58,\N,\N,39,17,1:33.425,198.370,+1 Lap
3735,174,401,93,19,19,16,16,16,0,58,\N,\N,21,16,1:33.292,198.653,+1 Lap
3736,174,10,145,21,20,17,17,17,0,57,\N,\N,18,18,1:35.047,194.985,+2 Laps
3737,174,275,145,20,18,18,18,18,0,56,\N,\N,18,19,1:35.536,193.987,+3 Laps
3738,174,697,201,17,8,19,R,19,0,33,\N,\N,25,8,1:31.724,202.049,Spun off
3739,174,811,212,7,3,20,R,20,0,0,\N,\N,\N,\N,\N,\N,Accident
3740,175,669,135,9,7,1,1,1,10,70,1:32:09.290,5529290,23,1,1:14.384,211.061,Finished
3741,175,696,73,1,2,2,2,2,8,70,+1.100,5530390,32,4,1:14.868,209.697,Finished
3742,175,53,73,2,20,3,3,3,6,70,+40.400,5569690,46,8,1:15.480,207.996,Finished
3743,175,500,172,12,11,4,4,4,5,70,+55.100,5584390,18,13,1:16.008,206.551,Finished
3744,175,811,212,7,14,5,5,5,4,70,+55.700,5584990,23,7,1:15.401,208.214,Finished
3745,175,697,201,17,10,6,6,6,3,69,\N,\N,44,10,1:15.827,207.044,+1 Lap
3746,175,183,169,14,12,7,7,7,2,69,\N,\N,17,16,1:16.414,205.454,+1 Lap
3747,175,415,169,15,16,8,8,8,1,69,\N,\N,46,15,1:16.299,205.764,+1 Lap
3748,175,796,172,11,8,9,9,9,0,69,\N,\N,26,12,1:15.945,206.723,+1 Lap
3749,175,529,93,18,18,10,10,10,0,67,\N,\N,19,18,1:17.344,202.984,+3 Laps
3750,175,10,145,21,15,11,11,11,0,67,\N,\N,15,19,1:18.462,200.091,+3 Laps
3751,175,778,201,16,9,12,R,12,0,62,\N,\N,43,11,1:15.872,206.922,Brakes
3752,175,138,15,3,1,13,R,13,0,46,\N,\N,30,6,1:15.189,208.801,Accident
3753,175,350,212,8,13,14,R,14,0,43,\N,\N,20,9,1:15.752,207.249,Engine
3754,175,679,15,4,6,15,R,15,0,40,\N,\N,14,14,1:16.044,206.454,Brakes
3755,175,275,145,20,19,16,R,16,0,39,\N,\N,33,20,1:18.709,199.463,Hydraulics
3756,175,17,170,5,3,17,R,17,0,38,\N,\N,38,3,1:14.727,210.092,Suspension
3757,175,250,170,6,4,18,R,18,0,32,\N,\N,24,5,1:14.890,209.635,Hydraulics
3758,175,401,93,19,17,19,R,19,0,24,\N,\N,20,17,1:17.015,203.851,Suspension
3759,175,570,135,10,5,20,D,20,0,52,\N,\N,24,2,1:14.576,210.518,Disqualified
3760,176,696,73,1,5,1,1,1,10,73,1:29:43.181,5383181,48,1,1:11.497,211.074,Finished
3761,176,53,73,2,7,2,2,2,8,73,+1.500,5384681,48,2,1:11.649,210.626,Finished
3762,176,529,93,18,17,3,3,3,6,72,\N,\N,44,3,1:13.237,206.059,+1 Lap
3763,176,401,93,19,19,4,4,4,5,72,\N,\N,65,4,1:13.370,205.686,+1 Lap
3764,176,10,145,21,18,5,5,5,4,71,\N,\N,2,5,1:13.907,204.191,+2 Laps
3765,176,275,145,20,20,6,6,6,3,71,\N,\N,43,6,1:14.490,202.593,+2 Laps
3766,176,778,201,16,1,7,W,7,0,0,\N,\N,\N,\N,\N,\N,Withdrew
3767,176,669,135,9,2,8,W,8,0,0,\N,\N,\N,\N,\N,\N,Withdrew
3768,176,138,15,3,3,9,W,9,0,0,\N,\N,\N,\N,\N,\N,Withdrew
3769,176,250,170,6,4,10,W,10,0,0,\N,\N,\N,\N,\N,\N,Withdrew
3770,176,17,170,5,6,11,W,11,0,0,\N,\N,\N,\N,\N,\N,Withdrew
3771,176,679,15,4,8,12,W,12,0,0,\N,\N,\N,\N,\N,\N,Withdrew
3772,176,811,212,7,9,13,W,13,0,0,\N,\N,\N,\N,\N,\N,Withdrew
3773,176,500,172,12,10,14,W,14,0,0,\N,\N,\N,\N,\N,\N,Withdrew
3774,176,570,135,10,11,15,W,15,0,0,\N,\N,\N,\N,\N,\N,Withdrew
3775,176,796,172,11,12,16,W,16,0,0,\N,\N,\N,\N,\N,\N,Withdrew
3776,176,843,201,17,13,17,W,17,0,0,\N,\N,\N,\N,\N,\N,Withdrew
3777,176,415,169,15,14,18,W,18,0,0,\N,\N,\N,\N,\N,\N,Withdrew
3778,176,350,212,8,15,19,W,19,0,0,\N,\N,\N,\N,\N,\N,Withdrew
3779,176,183,169,14,16,20,W,20,0,0,\N,\N,\N,\N,\N,\N,Withdrew
3780,177,17,170,5,1,1,1,1,10,70,1:31:22.232,5482232,5,2,1:16.502,207.571,Finished
3781,177,669,135,9,13,2,2,2,8,70,+11.800,5494032,25,1,1:16.423,207.785,Finished
3782,177,696,73,1,3,3,3,3,6,70,+1:21.900,5564132,22,7,1:17.714,204.333,Finished
3783,177,138,15,3,7,4,4,4,5,69,\N,\N,18,4,1:17.408,205.141,+1 Lap
3784,177,778,201,16,2,5,5,5,4,69,\N,\N,67,8,1:17.792,204.128,+1 Lap
3785,177,250,170,6,6,6,6,6,3,69,\N,\N,18,5,1:17.511,204.868,+1 Lap
3786,177,697,201,17,11,7,7,7,2,69,\N,\N,36,14,1:18.103,203.316,+1 Lap
3787,177,796,172,11,10,8,8,8,1,69,\N,\N,17,10,1:17.841,204.000,+1 Lap
3788,177,53,73,2,5,9,9,9,0,69,\N,\N,4,12,1:17.960,203.689,+1 Lap
3789,177,183,169,14,15,10,10,10,0,69,\N,\N,39,6,1:17.611,204.605,+1 Lap
3790,177,679,15,4,4,11,11,11,0,69,\N,\N,8,11,1:17.929,203.770,+1 Lap
3791,177,811,212,7,12,12,12,12,0,68,\N,\N,17,15,1:18.395,202.558,+2 Laps
3792,177,529,93,18,19,13,13,13,0,67,\N,\N,32,16,1:20.004,198.485,+3 Laps
3793,177,350,212,8,14,14,14,14,0,66,\N,\N,36,13,1:18.102,203.318,+4 Laps
3794,177,401,93,19,17,15,15,15,0,66,\N,\N,9,17,1:20.156,198.108,+4 Laps
3795,177,570,135,10,8,16,R,16,0,46,\N,\N,24,3,1:16.656,207.154,Engine
3796,177,10,145,21,20,17,R,17,0,37,\N,\N,8,18,1:21.077,195.858,Puncture
3797,177,275,145,20,18,18,R,18,0,33,\N,\N,4,19,1:21.451,194.958,Puncture
3798,177,500,172,12,9,19,R,19,0,30,\N,\N,11,9,1:17.805,204.094,Hydraulics
3799,177,415,169,15,16,20,R,20,0,1,\N,\N,\N,\N,\N,\N,Fuel pressure
3800,178,570,135,10,3,1,1,1,10,60,1:24:29.588,5069588,41,2,1:20.700,229.338,Finished
3801,178,17,170,5,1,2,2,2,8,60,+2.700,5072288,40,4,1:21.228,227.847,Finished
3802,178,669,135,9,12,3,3,3,6,60,+14.400,5083988,60,1,1:20.502,229.902,Finished
3803,178,250,170,6,6,4,4,4,5,60,+17.900,5087488,43,3,1:21.159,228.041,Finished
3804,178,138,15,3,2,5,5,5,4,60,+40.300,5109888,42,7,1:21.993,225.721,Finished
3805,178,696,73,1,9,6,6,6,3,60,+1:15.300,5144888,23,5,1:21.675,226.600,Finished
3806,178,53,73,2,5,7,7,7,2,60,+1:16.600,5146188,41,9,1:22.302,224.874,Finished
3807,178,697,201,17,8,8,8,8,1,60,+1:19.200,5148788,46,6,1:21.960,225.812,Finished
3808,178,778,201,16,4,9,9,9,0,60,+1:20.900,5150488,56,8,1:22.112,225.394,Finished
3809,178,500,172,12,16,10,10,10,0,59,\N,\N,45,10,1:22.466,224.427,+1 Lap
3810,178,811,212,7,11,11,11,11,0,59,\N,\N,16,15,1:23.291,222.204,+1 Lap
3811,178,350,212,8,14,12,12,12,0,59,\N,\N,58,16,1:23.360,222.020,+1 Lap
3812,178,183,169,14,13,13,13,13,0,59,\N,\N,44,12,1:23.089,222.744,+1 Lap
3813,178,796,172,11,10,14,14,14,0,59,\N,\N,16,14,1:23.210,222.420,+1 Lap
3814,178,415,169,15,15,15,15,15,0,59,\N,\N,58,13,1:23.147,222.588,+1 Lap
3815,178,679,15,4,7,16,16,16,0,58,\N,\N,54,11,1:22.551,224.195,+2 Laps
3816,178,529,93,18,20,17,17,17,0,58,\N,\N,38,17,1:24.247,219.682,+2 Laps
3817,178,10,145,21,18,18,18,18,0,57,\N,\N,53,19,1:26.182,214.750,+3 Laps
3818,178,275,145,20,19,19,19,19,0,56,\N,\N,37,20,1:26.489,213.987,+4 Laps
3819,178,401,93,19,17,20,R,20,0,10,\N,\N,8,18,1:25.257,217.080,Electrical
3820,179,17,170,5,3,1,1,1,10,67,1:26:28.599,5188599,21,2,1:15.235,218.866,Finished
3821,179,570,135,10,20,2,2,2,8,67,+22.569,5211168,54,4,1:15.878,217.011,Finished
3822,179,138,15,3,2,3,3,3,6,67,+24.422,5213021,19,3,1:15.843,217.111,Finished
3823,179,250,170,6,4,4,4,4,5,67,+50.587,5239186,21,5,1:15.890,216.977,Finished
3824,179,696,73,1,5,5,5,5,4,67,+51.690,5240289,18,7,1:16.099,216.381,Finished
3825,179,697,201,17,12,6,6,6,3,67,+52.242,5240841,23,6,1:16.073,216.455,Finished
3826,179,183,169,14,11,7,7,7,2,67,+52.700,5241299,18,8,1:16.233,216.000,Finished
3827,179,500,172,12,13,8,8,8,1,67,+56.570,5245169,45,10,1:16.288,215.845,Finished
3828,179,415,169,15,10,9,9,9,0,67,+1:09.818,5258417,45,9,1:16.236,215.992,Finished
3829,179,53,73,2,15,10,10,10,0,66,\N,\N,47,12,1:16.528,215.168,+1 Lap
3830,179,350,212,8,7,11,11,11,0,66,\N,\N,10,13,1:16.607,214.946,+1 Lap
3831,179,679,15,4,8,12,12,12,0,66,\N,\N,27,14,1:16.725,214.615,+1 Lap
3832,179,10,145,21,16,13,13,13,0,65,\N,\N,11,19,1:18.425,209.963,+2 Laps
3833,179,778,201,16,9,14,14,14,0,64,\N,\N,45,11,1:16.474,215.320,+3 Laps
3834,179,796,172,11,14,15,15,15,0,64,\N,\N,26,16,1:17.122,213.511,+3 Laps
3835,179,401,93,19,19,16,16,16,0,64,\N,\N,7,18,1:18.212,210.535,+3 Laps
3836,179,529,93,18,18,17,17,17,0,64,\N,\N,12,17,1:18.106,210.821,+3 Laps
3837,179,213,145,20,17,18,18,18,0,63,\N,\N,44,20,1:19.025,208.369,+4 Laps
3838,179,811,212,7,6,19,R,19,0,55,\N,\N,46,15,1:16.803,214.397,+12 Laps
3839,179,669,135,9,1,20,R,20,0,32,\N,\N,24,1,1:14.873,219.924,Hydraulics
3840,180,669,135,9,4,1,1,1,10,70,1:37:25.552,5845552,40,1,1:21.219,194.186,Finished
3841,180,696,73,1,1,2,2,2,8,70,+35.581,5881133,13,3,1:21.476,193.573,Finished
3842,180,697,201,17,5,3,3,3,6,70,+36.129,5881681,13,5,1:21.873,192.634,Finished
3843,180,778,201,16,3,4,4,4,5,70,+54.221,5899773,32,4,1:21.842,192.707,Finished
3844,180,138,15,3,8,5,5,5,4,70,+58.832,5904384,70,8,1:22.406,191.388,Finished
3845,180,350,212,8,12,6,6,6,3,70,+1:08.375,5913927,53,6,1:22.053,192.212,Finished
3846,180,811,212,7,16,7,7,7,2,69,\N,\N,47,9,1:22.453,191.279,+1 Lap
3847,180,679,15,4,10,8,8,8,1,69,\N,\N,45,7,1:22.399,191.405,+1 Lap
3848,180,250,170,6,9,9,9,9,0,69,\N,\N,19,10,1:22.506,191.157,+1 Lap
3849,180,53,73,2,7,10,10,10,0,69,\N,\N,20,11,1:22.768,190.551,+1 Lap
3850,180,17,170,5,6,11,11,11,0,69,\N,\N,51,12,1:22.884,190.285,+1 Lap
3851,180,401,93,19,18,12,12,12,0,67,\N,\N,17,15,1:24.446,186.765,+3 Laps
3852,180,529,93,18,20,13,13,13,0,66,\N,\N,15,16,1:24.774,186.042,+4 Laps
3853,180,500,172,12,14,14,14,14,0,63,\N,\N,22,13,1:23.048,189.909,+7 Laps
3854,180,10,145,21,17,15,R,15,0,59,\N,\N,8,18,1:25.956,183.484,+11 Laps
3855,180,796,172,11,15,16,R,16,0,56,\N,\N,23,14,1:23.118,189.749,Engine fire
3856,180,570,135,10,2,17,R,17,0,41,\N,\N,20,2,1:21.237,194.143,Driveshaft
3857,180,213,145,20,19,18,R,18,0,26,\N,\N,16,17,1:25.646,184.148,Hydraulics
3858,180,183,169,14,13,19,R,19,0,0,\N,\N,\N,\N,\N,\N,Accident
3859,180,415,169,15,11,20,R,20,0,0,\N,\N,\N,\N,\N,\N,Accident
3860,181,669,135,9,1,1,1,1,10,58,1:24:34.454,5074454,40,2,1:25.030,226.000,Finished
3861,181,17,170,5,3,2,2,2,8,58,+18.609,5093063,58,3,1:25.524,224.694,Finished
3862,181,570,135,10,4,3,3,3,6,58,+19.635,5094089,39,1,1:24.770,226.693,Finished
3863,181,250,170,6,2,4,4,4,5,58,+37.973,5112427,34,4,1:25.604,224.484,Finished
3864,181,138,15,3,13,5,5,5,4,58,+39.304,5113758,58,5,1:25.790,223.998,Finished
3865,181,778,201,16,5,6,6,6,3,58,+55.420,5129874,52,7,1:26.178,222.989,Finished
3866,181,183,169,14,12,7,7,7,2,58,+1:09.292,5143746,58,9,1:26.417,222.372,Finished
3867,181,415,169,15,10,8,8,8,1,58,+1:11.622,5146076,58,8,1:26.374,222.483,Finished
3868,181,679,15,4,20,9,9,9,0,58,+1:19.987,5154441,54,6,1:25.858,223.820,Finished
3869,181,53,73,2,11,10,10,10,0,57,\N,\N,45,11,1:26.635,221.813,+1 Lap
3870,181,796,172,11,16,11,11,11,0,57,\N,\N,44,13,1:26.967,220.966,+1 Lap
3871,181,697,201,17,9,12,12,12,0,57,\N,\N,38,15,1:27.025,220.819,+1 Lap
3872,181,213,145,20,17,13,13,13,0,55,\N,\N,53,18,1:29.229,215.364,+3 Laps
3873,181,401,93,19,18,14,14,14,0,55,\N,\N,42,19,1:29.286,215.227,+3 Laps
3874,181,529,93,18,14,15,15,15,0,55,\N,\N,50,17,1:29.035,215.834,+3 Laps
3875,181,10,145,21,15,16,R,16,0,48,\N,\N,13,20,1:29.392,214.972,Retired
3876,181,696,73,1,19,17,R,17,0,32,\N,\N,21,14,1:26.991,220.905,Retired
3877,181,350,212,8,6,18,R,18,0,29,\N,\N,25,16,1:27.353,219.990,Tyre
3878,181,500,172,12,8,19,R,19,0,28,\N,\N,27,10,1:26.514,222.123,Engine
3879,181,811,212,7,7,20,R,20,0,20,\N,\N,12,12,1:26.791,221.414,Tyre
3880,182,570,135,10,1,1,1,1,10,53,1:14:28.659,4468659,15,2,1:21.828,254.861,Finished
3881,182,17,170,5,2,2,2,2,8,53,+2.479,4471138,16,3,1:22.146,253.874,Finished
3882,182,250,170,6,8,3,3,3,6,53,+17.975,4486634,16,4,1:22.587,252.519,Finished
3883,182,669,135,9,11,4,4,4,5,53,+22.775,4491434,51,1,1:21.504,255.874,Finished
3884,182,778,201,16,5,5,5,5,4,53,+33.786,4502445,19,5,1:22.831,251.775,Finished
3885,182,697,201,17,9,6,6,6,3,53,+43.925,4512584,19,8,1:23.076,251.032,Finished
3886,182,608,212,8,16,7,7,7,2,53,+44.643,4513302,21,6,1:22.870,251.656,Finished
3887,182,138,15,3,3,8,8,8,1,53,+1:03.635,4532294,16,9,1:23.161,250.776,Finished
3888,182,500,172,12,15,9,9,9,0,53,+1:15.413,4544072,18,11,1:23.365,250.162,Finished
3889,182,696,73,1,6,10,10,10,0,53,+1:36.070,4564729,5,13,1:23.584,249.507,Finished
3890,182,796,172,11,12,11,11,11,0,52,\N,\N,13,16,1:23.892,248.591,+1 Lap
3891,182,53,73,2,7,12,12,12,0,52,\N,\N,13,12,1:23.466,249.859,+1 Lap
3892,182,415,169,15,13,13,13,13,0,52,\N,\N,17,14,1:23.633,249.360,+1 Lap
3893,182,811,212,7,14,14,14,14,0,52,\N,\N,40,7,1:22.935,251.459,+1 Lap
3894,182,183,169,14,10,15,15,15,0,52,\N,\N,18,15,1:23.867,248.665,+1 Lap
3895,182,679,15,4,4,16,16,16,0,52,\N,\N,14,10,1:23.341,250.234,+1 Lap
3896,182,529,93,18,17,17,17,17,0,51,\N,\N,9,17,1:24.810,245.900,+2 Laps
3897,182,213,145,20,18,18,18,18,0,51,\N,\N,31,20,1:25.193,244.794,+2 Laps
3898,182,10,145,21,20,19,19,19,0,51,\N,\N,33,18,1:24.966,245.448,+2 Laps
3899,182,401,93,19,19,20,20,20,0,50,\N,\N,17,19,1:25.146,244.929,+3 Laps
3900,183,669,135,9,2,1,1,1,10,44,1:30:01.295,5401295,34,6,1:53.810,220.662,Finished
3901,183,17,170,5,4,2,2,2,8,44,+28.300,5429595,31,10,1:56.131,216.252,Finished
3902,183,138,15,3,8,3,3,3,6,44,+32.000,5433295,44,5,1:53.323,221.610,Finished
3903,183,811,212,7,9,4,4,4,5,44,+1:09.100,5470395,44,2,1:52.287,223.655,Finished
3904,183,53,73,2,12,5,5,5,4,44,+1:18.100,5479395,44,4,1:52.590,223.053,Finished
3905,183,796,172,11,14,6,6,6,3,44,+1:27.400,5488695,44,7,1:54.251,219.810,Finished
3906,183,697,201,17,5,7,7,7,2,44,+1:27.500,5488795,43,1,1:51.453,225.329,Finished
3907,183,529,93,18,19,8,8,8,1,43,\N,\N,41,17,1:57.886,213.032,+1 Lap
3908,183,415,169,15,16,9,9,9,0,43,\N,\N,43,3,1:52.582,223.069,+1 Lap
3909,183,500,172,12,7,10,10,10,0,43,\N,\N,28,16,1:57.748,213.282,+1 Lap
3910,183,401,93,19,20,11,11,11,0,43,\N,\N,43,8,1:55.885,216.711,+1 Lap
3911,183,10,145,21,18,12,12,12,0,42,\N,\N,6,20,2:01.627,206.480,+2 Laps
3912,183,213,145,20,17,13,13,13,0,41,\N,\N,38,19,2:01.148,207.296,+3 Laps
3913,183,570,135,10,1,14,14,14,0,40,\N,\N,14,9,1:55.988,216.518,Collision
3914,183,608,212,8,15,15,15,15,0,39,\N,\N,32,15,1:57.541,213.658,Collision
3915,183,778,201,16,3,16,R,16,0,34,\N,\N,3,11,1:56.953,214.732,Accident
3916,183,183,169,14,11,17,R,17,0,18,\N,\N,8,18,1:58.451,212.016,Engine
3917,183,696,73,1,6,18,R,18,0,13,\N,\N,10,13,1:57.444,213.834,Accident
3918,183,679,15,4,10,19,R,19,0,13,\N,\N,10,14,1:57.534,213.670,Accident
3919,183,250,170,6,13,20,R,20,0,10,\N,\N,9,12,1:57.117,214.431,Accident
3920,184,570,135,10,2,1,1,1,10,71,1:29:20.574,5360574,27,2,1:12.650,213.522,Finished
3921,184,669,135,9,5,2,2,2,8,71,+2.527,5363101,29,1,1:12.268,214.651,Finished
3922,184,17,170,5,1,3,3,3,6,71,+24.840,5385414,21,3,1:12.653,213.513,Finished
3923,184,696,73,1,7,4,4,4,5,71,+35.668,5396242,25,4,1:12.800,213.082,Finished
3924,184,250,170,6,3,5,5,5,4,71,+40.218,5400792,11,5,1:13.190,211.946,Finished
3925,184,53,73,2,9,6,6,6,3,71,+1:09.173,5429747,49,6,1:13.192,211.941,Finished
3926,184,138,15,3,4,7,7,7,2,70,\N,\N,24,10,1:13.746,210.349,+1 Lap
3927,184,697,201,17,10,8,8,8,1,70,\N,\N,25,9,1:13.724,210.411,+1 Lap
3928,184,415,169,15,6,9,9,9,0,70,\N,\N,50,11,1:13.800,210.195,+1 Lap
3929,184,679,15,4,19,10,10,10,0,70,\N,\N,32,14,1:14.394,208.516,+1 Lap
3930,184,500,172,12,8,11,11,11,0,70,\N,\N,70,13,1:14.343,208.659,+1 Lap
3931,184,796,172,11,20,12,12,12,0,70,\N,\N,25,12,1:14.054,209.474,+1 Lap
3932,184,778,201,16,17,13,13,13,0,69,\N,\N,69,7,1:13.570,210.852,+2 Laps
3933,184,10,145,21,16,14,14,14,0,69,\N,\N,19,17,1:15.527,205.388,+2 Laps
3934,184,401,93,19,15,15,15,15,0,68,\N,\N,41,15,1:14.906,207.091,+3 Laps
3935,184,529,93,18,11,16,R,16,0,55,\N,\N,41,16,1:15.113,206.520,Mechanical
3936,184,811,212,7,12,17,R,17,0,45,\N,\N,45,8,1:13.590,210.794,+26 Laps
3937,184,213,145,20,18,18,R,18,0,34,\N,\N,16,18,1:15.792,204.670,Engine
3938,184,608,212,8,13,19,R,19,0,0,\N,\N,\N,\N,\N,\N,Accident
3939,184,183,169,14,14,20,R,20,0,0,\N,\N,\N,\N,\N,\N,Accident
3940,185,669,135,9,17,1,1,1,10,53,1:29:02.212,5342212,44,1,1:31.540,228.372,Finished
3941,185,250,170,6,3,2,2,2,8,53,+1.633,5343845,19,3,1:32.522,225.948,Finished
3942,185,17,170,5,16,3,3,3,6,53,+17.456,5359668,21,2,1:31.599,228.225,Finished
3943,185,811,212,7,7,4,4,4,5,53,+22.274,5364486,21,7,1:33.022,224.733,Finished
3944,185,138,15,3,2,5,5,5,4,53,+29.507,5371719,19,4,1:32.754,225.383,Finished
3945,185,183,169,14,6,6,6,6,3,53,+31.601,5373813,18,8,1:33.023,224.731,Finished
3946,185,696,73,1,14,7,7,7,2,53,+33.879,5376091,25,5,1:32.763,225.361,Finished
3947,185,697,201,17,1,8,8,8,1,53,+49.548,5391760,9,6,1:32.795,225.283,Finished
3948,185,415,169,15,4,9,9,9,0,53,+51.925,5394137,49,12,1:33.499,223.587,Finished
3949,185,500,172,12,10,10,10,10,0,53,+57.509,5399721,43,10,1:33.232,224.227,Finished
3950,185,53,73,2,9,11,11,11,0,53,+1:00.633,5402845,52,9,1:33.133,224.466,Finished
3951,185,796,172,11,8,12,12,12,0,53,+1:23.221,5425433,50,11,1:33.288,224.093,Finished
3952,185,529,93,18,20,13,13,13,0,52,\N,\N,17,14,1:35.458,218.998,+1 Lap
3953,185,213,145,20,15,14,14,14,0,51,\N,\N,50,17,1:36.574,216.468,+2 Laps
3954,185,401,93,19,11,15,15,15,0,51,\N,\N,11,15,1:35.887,218.019,+2 Laps
3955,185,10,145,21,13,16,16,16,0,49,\N,\N,33,16,1:36.039,217.674,+4 Laps
3956,185,608,212,8,12,17,R,17,0,9,\N,\N,9,18,1:36.711,216.161,Accident
3957,185,778,201,16,19,18,R,18,0,9,\N,\N,9,19,1:37.428,214.570,Accident
3958,185,570,135,10,18,19,R,19,0,0,\N,\N,\N,\N,\N,\N,Accident
3959,185,679,15,4,5,20,D,20,0,52,\N,\N,28,13,1:34.186,221.956,Disqualified
3960,186,17,170,5,1,1,1,1,10,56,1:39:53.618,5993618,45,2,1:33.536,209.797,Finished
3961,186,669,135,9,3,2,2,2,8,56,+4.000,5997618,56,1,1:33.242,210.458,Finished
3962,186,697,201,17,9,3,3,3,6,56,+25.300,6018918,44,5,1:34.035,208.684,Finished
3963,186,250,170,6,2,4,4,4,5,56,+26.100,6019718,54,3,1:33.563,209.736,Finished
3964,186,415,169,15,14,5,5,5,4,56,+31.800,6025418,43,4,1:33.727,209.369,Finished
3965,186,500,172,12,11,6,6,6,3,56,+36.400,6030018,43,6,1:34.094,208.553,Finished
3966,186,811,212,7,10,7,7,7,2,56,+36.800,6030418,53,7,1:34.271,208.161,Finished
3967,186,138,15,3,4,8,8,8,1,56,+41.200,6034818,53,12,1:34.766,207.074,Finished
3968,186,183,169,14,7,9,9,9,0,56,+44.200,6037818,54,10,1:34.585,207.470,Finished
3969,186,796,172,11,16,10,10,10,0,56,+59.900,6053518,53,11,1:34.713,207.190,Finished
3970,186,529,93,18,19,11,11,11,0,56,+1:24.600,6078218,13,17,1:36.563,203.220,Finished
3971,186,53,73,2,8,12,12,12,0,56,+1:32.800,6086418,18,13,1:35.011,206.540,Finished
3972,186,608,212,8,13,13,13,13,0,55,\N,\N,52,9,1:34.560,207.525,Tyre puncture
3973,186,213,145,20,20,14,14,14,0,55,\N,\N,54,18,1:36.894,202.526,Out of fuel
3974,186,778,201,16,12,15,15,15,0,55,\N,\N,16,14,1:35.347,205.812,+1 Lap
3975,186,10,145,21,18,16,16,16,0,50,\N,\N,48,19,1:37.215,201.857,Wheel nut
3976,186,679,15,4,17,17,R,17,0,34,\N,\N,17,15,1:35.587,205.295,Gearbox
3977,186,401,93,19,15,18,R,18,0,28,\N,\N,17,20,1:37.398,201.478,Accident
3978,186,570,135,10,5,19,R,19,0,24,\N,\N,15,8,1:34.501,207.654,Engine
3979,186,696,73,1,6,20,R,20,0,20,\N,\N,16,16,1:35.877,204.674,Spun off
3980,187,17,170,1,4,1,1,1,10,57,1:29:46.205,5386205,21,3,1:32.534,210.551,Finished
3981,187,696,73,5,1,2,2,2,8,57,+1.246,5387451,38,2,1:32.523,210.576,Finished
3982,187,669,135,3,22,3,3,3,6,57,+19.360,5405565,29,8,1:32.864,209.803,Finished
3983,187,138,87,12,3,4,4,4,5,57,+19.992,5406197,39,5,1:32.729,210.109,Finished
3984,187,570,135,4,5,5,5,5,4,57,+37.048,5423253,21,7,1:32.771,210.013,Finished
3985,187,811,212,9,7,6,6,6,3,57,+41.932,5428137,25,4,1:32.660,210.265,Finished
3986,187,656,212,10,12,7,7,7,2,57,+1:03.043,5449248,42,1,1:32.408,210.838,Finished
3987,187,415,169,15,8,8,8,8,1,57,+1:06.771,5452976,40,10,1:33.212,209.020,Finished
3988,187,500,73,6,2,9,9,9,0,57,+1:09.907,5456112,28,6,1:32.739,210.086,Finished
3989,187,183,169,14,13,10,10,10,0,57,+1:15.541,5461746,26,11,1:33.376,208.653,Finished
3990,187,461,200,20,15,11,11,11,0,57,+1:25.997,5472202,26,12,1:33.480,208.421,Finished
3991,187,350,20,16,10,12,12,12,0,56,\N,\N,26,14,1:33.772,207.772,+1 Lap
3992,187,727,200,21,16,13,13,13,0,56,\N,\N,45,9,1:33.108,209.253,+1 Lap
3993,187,697,201,7,17,14,14,14,0,56,\N,\N,25,16,1:34.112,207.021,+1 Lap
3994,187,53,87,11,6,15,15,15,0,56,\N,\N,14,15,1:33.840,207.621,+1 Lap
3995,187,778,201,8,14,16,16,16,0,56,\N,\N,24,18,1:34.852,205.406,+1 Lap
3996,187,529,143,18,19,17,17,17,0,55,\N,\N,41,19,1:35.940,203.076,+2 Laps
3997,187,679,190,22,20,18,18,18,0,53,\N,\N,17,20,1:37.104,200.642,+4 Laps
3998,187,379,190,23,21,19,R,19,0,35,\N,\N,11,21,1:38.302,198.197,Mechanical
3999,187,796,20,17,11,20,R,20,0,29,\N,\N,20,13,1:33.694,207.945,Engine
4000,187,250,170,2,9,21,R,21,0,21,\N,\N,15,17,1:34.320,206.564,Hydraulics
4001,187,10,143,19,18,22,R,22,0,0,\N,\N,\N,\N,\N,\N,Driveshaft
4002,188,250,170,2,1,1,1,1,10,56,1:30:40.529,5440529,16,2,1:35.294,209.402,Finished
4003,188,17,170,1,7,2,2,2,8,56,+4.585,5445114,45,1,1:34.803,210.487,Finished
4004,188,138,87,12,2,3,3,3,6,56,+9.631,5450160,35,4,1:35.604,208.723,Finished
4005,188,570,135,4,5,4,4,4,5,56,+39.351,5479880,39,3,1:35.566,208.806,Finished
4006,188,500,73,6,21,5,5,5,4,56,+43.254,5483783,51,8,1:35.954,207.962,Finished
4007,188,696,73,5,14,6,6,6,3,56,+43.854,5484383,44,5,1:35.647,208.629,Finished
4008,188,796,20,17,10,7,7,7,2,56,+1:20.461,5520990,43,9,1:36.002,207.858,Finished
4009,188,697,201,7,22,8,8,8,1,56,+1:21.288,5521817,34,6,1:35.686,208.544,Finished
4010,188,778,201,8,9,9,9,9,0,55,\N,\N,52,11,1:36.380,207.042,+1 Lap
4011,188,53,87,11,20,10,10,10,0,55,\N,\N,54,10,1:36.188,207.456,+1 Lap
4012,188,461,200,20,13,11,11,11,0,54,\N,\N,40,16,1:37.387,204.902,+2 Laps
4013,188,10,143,19,15,12,12,12,0,54,\N,\N,34,18,1:38.198,203.209,+2 Laps
4014,188,529,143,18,16,13,13,13,0,54,\N,\N,39,19,1:39.510,200.530,+2 Laps
4015,188,679,190,22,17,14,14,14,0,53,\N,\N,14,20,1:40.199,199.151,+3 Laps
4016,188,350,20,16,11,15,R,15,0,48,\N,\N,41,7,1:35.751,208.403,Engine
4017,188,727,200,21,12,16,R,16,0,41,\N,\N,25,14,1:37.313,205.057,Clutch
4018,188,379,190,23,18,17,R,17,0,33,\N,\N,18,21,1:42.833,194.050,Mechanical
4019,188,415,169,15,8,18,R,18,0,26,\N,\N,14,13,1:36.867,206.002,Hydraulics
4020,188,811,212,9,4,19,R,19,0,15,\N,\N,12,12,1:36.771,206.206,Hydraulics
4021,188,183,169,14,19,20,R,20,0,10,\N,\N,4,17,1:38.078,203.458,Hydraulics
4022,188,656,212,10,3,21,R,21,0,6,\N,\N,6,15,1:37.366,204.946,Engine
4023,188,669,135,3,6,22,R,22,0,0,\N,\N,\N,\N,\N,\N,Accident
4024,189,17,170,1,3,1,1,1,10,57,1:34:27.870,5667870,49,2,1:26.189,221.499,Finished
4025,189,669,135,3,4,2,2,2,8,57,+1.800,5669670,57,1,1:26.045,221.869,Finished
4026,189,697,201,7,6,3,3,3,6,57,+24.800,5692670,45,10,1:27.810,217.410,Finished
4027,189,350,20,16,8,4,4,4,5,57,+31.000,5698870,49,7,1:27.700,217.683,Finished
4028,189,250,170,2,2,5,5,5,4,57,+38.100,5705970,53,5,1:27.561,218.028,Finished
4029,189,796,20,17,19,6,6,6,3,57,+49.500,5717370,56,13,1:28.321,216.152,Finished
4030,189,53,87,11,16,7,7,7,2,57,+51.900,5719770,32,6,1:27.690,217.707,Finished
4031,189,183,169,14,11,8,8,8,1,57,+53.900,5721770,32,12,1:28.250,216.326,Finished
4032,189,727,200,21,18,9,9,9,0,57,+1:18.800,5746670,26,14,1:28.367,216.039,Finished
4033,189,138,87,12,1,10,10,10,0,56,\N,\N,17,8,1:27.799,217.437,+1 Lap
4034,189,10,143,19,17,11,11,11,0,56,\N,\N,53,15,1:29.238,213.931,+1 Lap
4035,189,679,190,22,21,12,12,12,0,55,\N,\N,54,17,1:30.574,210.775,+2 Laps
4036,189,379,190,23,22,13,13,13,0,54,\N,\N,49,18,1:33.737,203.663,+3 Laps
4037,189,570,135,4,5,14,R,14,0,46,\N,\N,45,4,1:27.464,218.270,Electrical
4038,189,529,143,18,20,15,R,15,0,39,\N,\N,31,16,1:29.687,212.860,Mechanical
4039,189,461,200,20,12,16,R,16,0,37,\N,\N,25,11,1:27.988,216.970,Accident
4040,189,696,73,5,10,17,R,17,0,32,\N,\N,27,3,1:27.180,218.981,Accident
4041,189,811,212,9,7,18,R,18,0,22,\N,\N,19,9,1:27.800,217.435,Transmission
4042,189,415,169,15,13,19,R,19,0,4,\N,\N,4,19,1:41.351,188.363,Accident
4043,189,778,201,8,9,20,R,20,0,0,\N,\N,\N,\N,\N,\N,Accident
4044,189,656,212,10,14,21,R,21,0,0,\N,\N,\N,\N,\N,\N,Accident
4045,189,500,73,6,15,22,R,22,0,0,\N,\N,\N,\N,\N,\N,Accident
4046,190,696,73,5,1,1,1,1,10,62,1:31:06.486,5466486,19,2,1:24.624,210.961,Finished
4047,190,17,170,1,5,2,2,2,8,62,+2.096,5468582,23,1,1:24.569,211.098,Finished
4048,190,570,135,4,7,3,3,3,6,62,+15.868,5482354,22,4,1:25.096,209.791,Finished
4049,190,500,73,6,4,4,4,4,5,62,+17.096,5483582,12,10,1:25.528,208.731,Finished
4050,190,669,135,3,8,5,5,5,4,62,+17.524,5484010,49,3,1:25.027,209.961,Finished
4051,190,811,212,9,10,6,6,6,3,62,+37.739,5504225,39,9,1:25.488,208.829,Finished
4052,190,138,87,12,2,7,7,7,2,62,+39.635,5506121,29,6,1:25.347,209.174,Finished
4053,190,250,170,2,11,8,8,8,1,62,+40.200,5506686,43,7,1:25.353,209.159,Finished
4054,190,697,201,7,6,9,9,9,0,62,+45.511,5511997,45,5,1:25.316,209.250,Finished
4055,190,53,87,11,3,10,10,10,0,62,+1:17.851,5544337,12,13,1:26.129,207.275,Finished
4056,190,656,212,10,13,11,11,11,0,62,+1:19.675,5546161,30,15,1:26.418,206.581,Finished
4057,190,796,20,17,12,12,12,12,0,62,+1:22.370,5548856,53,8,1:25.438,208.951,Finished
4058,190,350,20,16,15,13,13,13,0,61,\N,\N,53,12,1:25.996,207.595,+1 Lap
4059,190,461,200,20,16,14,14,14,0,61,\N,\N,43,11,1:25.679,208.363,+1 Lap
4060,190,727,200,21,18,15,15,15,0,61,\N,\N,57,14,1:26.248,206.989,+1 Lap
4061,190,529,143,18,19,16,16,16,0,60,\N,\N,53,18,1:27.160,204.823,+2 Laps
4062,190,183,169,14,14,17,R,17,0,47,\N,\N,41,17,1:26.855,205.542,Driveshaft
4063,190,679,190,22,21,18,R,18,0,44,\N,\N,40,20,1:29.100,200.363,Spun off
4064,190,415,169,15,17,19,R,19,0,40,\N,\N,30,16,1:26.759,205.770,Hydraulics
4065,190,379,190,23,22,20,R,20,0,23,\N,\N,15,21,1:31.032,196.111,Suspension
4066,190,778,201,8,9,21,R,21,0,5,\N,\N,4,19,1:28.039,202.778,Steering
4067,190,10,143,19,20,22,R,22,0,0,\N,\N,\N,\N,\N,\N,Accident
4068,191,696,73,5,2,1,1,1,10,60,1:35:58.765,5758765,39,1,1:32.099,201.226,Finished
4069,191,17,170,1,1,2,2,2,8,60,+3.751,5762516,37,3,1:32.532,200.285,Finished
4070,191,500,73,6,3,3,3,3,6,60,+4.447,5763212,19,5,1:33.099,199.065,Finished
4071,191,669,135,3,5,4,4,4,5,60,+4.879,5763644,43,2,1:32.472,200.415,Finished
4072,191,53,87,11,4,5,5,5,4,60,+1:12.586,5831351,59,9,1:33.952,197.258,Finished
4073,191,250,170,2,11,6,6,6,3,60,+1:14.116,5832881,46,4,1:32.964,199.354,Finished
4074,191,656,212,10,22,7,7,7,2,60,+1:14.565,5833330,48,7,1:33.579,198.044,Finished
4075,191,796,20,17,9,8,8,8,1,60,+1:29.364,5848129,38,12,1:34.037,197.079,Finished
4076,191,778,201,8,7,9,9,9,0,59,\N,\N,58,10,1:33.953,197.256,+1 Lap
4077,191,350,20,16,13,10,10,10,0,59,\N,\N,47,11,1:34.035,197.084,+1 Lap
4078,191,727,200,21,17,11,11,11,0,59,\N,\N,57,14,1:34.091,196.966,+1 Lap
4079,191,529,143,18,18,12,12,12,0,59,\N,\N,41,18,1:35.504,194.052,+1 Lap
4080,191,10,143,19,16,13,13,13,0,59,\N,\N,35,17,1:35.428,194.207,+1 Lap
4081,191,697,201,7,10,14,R,14,0,52,\N,\N,27,8,1:33.607,197.985,Engine
4082,191,570,135,4,8,15,R,15,0,52,\N,\N,47,6,1:33.571,198.061,Engine
4083,191,679,190,22,20,16,R,16,0,45,\N,\N,26,19,1:36.706,191.640,Hydraulics
4084,191,528,190,23,21,17,R,17,0,29,\N,\N,21,20,1:37.214,190.639,Hydraulics
4085,191,138,87,12,6,18,R,18,0,28,\N,\N,9,13,1:34.042,197.069,Engine
4086,191,415,169,15,15,19,R,19,0,28,\N,\N,16,15,1:34.553,196.004,Gearbox
4087,191,811,212,9,19,20,R,20,0,12,\N,\N,11,16,1:35.415,194.233,Hydraulics
4088,191,183,169,14,12,21,R,21,0,2,\N,\N,2,21,2:24.500,128.254,Accident
4089,191,461,200,20,14,22,R,22,0,0,\N,\N,\N,\N,\N,\N,Accident
4090,192,17,170,1,1,1,1,1,10,66,1:26:21.759,5181759,39,2,1:16.723,217.108,Finished
4091,192,696,73,5,3,2,2,2,8,66,+18.502,5200261,43,3,1:16.922,216.546,Finished
4092,192,250,170,2,2,3,3,3,6,66,+23.951,5205710,38,4,1:17.083,216.094,Finished
4093,192,500,73,6,4,4,4,4,5,66,+29.853,5211612,42,1,1:16.648,217.320,Finished
4094,192,669,135,3,9,5,5,5,4,66,+56.875,5238634,40,5,1:17.357,215.328,Finished
4095,192,138,87,12,8,6,6,6,3,66,+58.347,5240106,40,6,1:17.367,215.301,Finished
4096,192,53,87,11,5,7,7,7,2,65,\N,\N,40,7,1:17.399,215.212,+1 Lap
4097,192,350,20,16,10,8,8,8,1,65,\N,\N,49,10,1:17.869,213.913,+1 Lap
4098,192,811,212,9,11,9,9,9,0,65,\N,\N,61,11,1:17.900,213.827,+1 Lap
4099,192,778,201,8,7,10,10,10,0,65,\N,\N,42,13,1:18.465,212.288,+1 Lap
4100,192,656,212,10,13,11,11,11,0,65,\N,\N,51,8,1:17.861,213.935,+1 Lap
4101,192,796,20,17,22,12,12,12,0,65,\N,\N,62,12,1:18.050,213.417,+1 Lap
4102,192,415,169,15,14,13,13,13,0,65,\N,\N,59,15,1:18.516,212.150,+1 Lap
4103,192,183,169,14,21,14,14,14,0,65,\N,\N,55,9,1:17.862,213.932,+1 Lap
4104,192,461,200,20,15,15,15,15,0,63,\N,\N,52,14,1:18.488,212.226,Hydraulics
4105,192,529,143,18,17,16,16,16,0,63,\N,\N,28,18,1:19.265,210.145,+3 Laps
4106,192,679,190,22,19,17,17,17,0,62,\N,\N,42,21,1:20.411,207.150,+4 Laps
4107,192,10,143,19,18,18,R,18,0,48,\N,\N,28,20,1:19.532,209.440,Broken wing
4108,192,727,200,21,16,19,R,19,0,47,\N,\N,41,16,1:18.541,212.082,Engine
4109,192,697,201,7,6,20,R,20,0,31,\N,\N,24,17,1:18.621,211.867,Electronics
4110,192,570,135,4,12,21,R,21,0,17,\N,\N,17,19,1:19.482,209.571,Spun off
4111,192,528,190,23,20,22,R,22,0,10,\N,\N,9,22,1:22.389,202.177,Driveshaft
4112,193,17,170,1,1,1,1,1,10,78,1:43:43.116,6223116,11,3,1:15.671,158.898,Finished
4113,193,570,135,4,4,2,2,2,8,78,+14.567,6237683,20,6,1:16.008,158.193,Finished
4114,193,183,169,14,7,3,3,3,6,78,+52.298,6275414,45,19,1:17.849,154.452,Finished
4115,193,53,87,11,5,4,4,4,5,78,+53.337,6276453,67,12,1:17.320,155.509,Finished
4116,193,696,73,5,22,5,5,5,4,78,+53.830,6276946,74,1,1:15.143,160.014,Finished
4117,193,250,170,2,9,6,6,6,3,78,+1:02.072,6285188,58,5,1:15.919,158.379,Finished
4118,193,350,20,16,15,7,7,7,2,77,\N,\N,72,11,1:17.319,155.511,+1 Lap
4119,193,697,201,7,10,8,8,8,1,77,\N,\N,72,15,1:17.540,155.068,+1 Lap
4120,193,500,73,6,21,9,9,9,0,77,\N,\N,40,7,1:16.612,156.946,+1 Lap
4121,193,461,200,20,12,10,10,10,0,77,\N,\N,75,17,1:17.660,154.828,+1 Lap
4122,193,138,87,12,13,11,11,11,0,77,\N,\N,59,10,1:17.300,155.549,+1 Lap
4123,193,10,143,19,16,12,12,12,0,77,\N,\N,77,16,1:17.603,154.942,+1 Lap
4124,193,727,200,21,18,13,13,13,0,77,\N,\N,77,14,1:17.481,155.186,+1 Lap
4125,193,796,20,17,14,14,14,14,0,77,\N,\N,74,18,1:17.767,154.615,+1 Lap
4126,193,529,143,18,17,15,15,15,0,76,\N,\N,71,13,1:17.329,155.491,+2 Laps
4127,193,528,190,23,20,16,16,16,0,75,\N,\N,72,22,1:19.104,152.002,+3 Laps
4128,193,778,201,8,6,17,17,17,0,72,\N,\N,30,8,1:17.180,155.791,Hydraulics
4129,193,415,169,15,11,18,R,18,0,56,\N,\N,19,20,1:17.930,154.292,Transmission
4130,193,656,212,10,8,19,R,19,0,51,\N,\N,43,9,1:17.227,155.696,Accident
4131,193,669,135,3,3,20,R,20,0,50,\N,\N,19,2,1:15.325,159.628,Heat shield fire
4132,193,811,212,9,2,21,R,21,0,48,\N,\N,23,4,1:15.680,158.879,Exhaust
4133,193,679,190,22,19,22,R,22,0,46,\N,\N,39,21,1:18.793,152.602,Electrical
4134,194,17,170,1,1,1,1,1,10,60,1:25:51.927,5151927,21,1,1:21.599,226.811,Finished
4135,194,696,73,5,3,2,2,2,8,60,+13.951,5165878,53,2,1:21.934,225.884,Finished
4136,194,669,135,3,2,3,3,3,6,60,+18.672,5170599,15,5,1:22.461,224.440,Finished
4137,194,250,170,2,5,4,4,4,5,60,+19.976,5171903,42,3,1:22.238,225.049,Finished
4138,194,500,73,6,4,5,5,5,4,60,+31.559,5183486,43,4,1:22.371,224.685,Finished
4139,194,570,135,4,8,6,6,6,3,60,+1:04.769,5216696,38,8,1:22.780,223.575,Finished
4140,194,350,20,16,9,7,7,7,2,60,+1:14.594,5226521,43,6,1:22.706,223.775,Finished
4141,194,796,20,17,10,8,8,8,1,60,+1:18.299,5230226,46,10,1:22.921,223.195,Finished
4142,194,656,212,10,12,9,9,9,0,60,+1:19.008,5230935,47,9,1:22.916,223.209,Finished
4143,194,53,87,11,6,10,10,10,0,59,\N,\N,38,11,1:23.224,222.382,+1 Lap
4144,194,778,201,8,22,11,11,11,0,59,\N,\N,19,7,1:22.744,223.673,+1 Lap
4145,194,183,169,14,11,12,12,12,0,59,\N,\N,42,14,1:23.995,220.341,+1 Lap
4146,194,461,200,20,13,13,13,13,0,59,\N,\N,25,15,1:24.221,219.750,+1 Lap
4147,194,415,169,15,14,14,14,14,0,59,\N,\N,30,12,1:23.712,221.086,+1 Lap
4148,194,10,143,19,18,15,15,15,0,59,\N,\N,27,13,1:23.977,220.388,+1 Lap
4149,194,529,143,18,16,16,16,16,0,58,\N,\N,25,16,1:24.636,218.672,+2 Laps
4150,194,679,190,22,20,17,17,17,0,57,\N,\N,23,18,1:26.520,213.911,+3 Laps
4151,194,528,190,23,21,18,18,18,0,57,\N,\N,26,19,1:27.167,212.323,+3 Laps
4152,194,138,87,12,19,19,R,19,0,8,\N,\N,8,17,1:25.207,217.207,Oil leak
4153,194,727,200,21,15,20,R,20,0,1,\N,\N,\N,\N,\N,\N,Accident
4154,194,697,201,7,7,21,R,21,0,0,\N,\N,\N,\N,\N,\N,Accident
4155,194,811,212,9,17,22,R,22,0,0,\N,\N,\N,\N,\N,\N,Accident
4156,195,17,170,1,1,1,1,1,10,70,1:34:37.308,5677308,22,2,1:15.911,206.815,Finished
4157,195,696,73,5,5,2,2,2,8,70,+2.100,5679408,68,3,1:15.993,206.592,Finished
4158,195,669,135,3,3,3,3,3,6,70,+8.800,5686108,22,1,1:15.841,207.006,Finished
4159,195,250,170,2,2,4,4,4,5,70,+15.600,5692908,49,4,1:16.669,204.771,Finished
4160,195,500,73,6,10,5,5,5,4,70,+25.100,5702408,31,5,1:17.308,203.078,Finished
4161,195,778,201,8,4,6,6,6,3,69,\N,\N,15,8,1:17.503,202.567,+1 Lap
4162,195,350,20,16,13,7,7,7,2,69,\N,\N,52,7,1:17.454,202.695,+1 Lap
4163,195,183,169,14,22,8,8,8,1,69,\N,\N,39,10,1:17.619,202.264,+1 Lap
4164,195,138,87,12,8,9,9,9,0,69,\N,\N,21,13,1:18.001,201.274,+1 Lap
4165,195,727,200,21,17,10,10,10,0,69,\N,\N,52,12,1:17.720,202.002,+1 Lap
4166,195,415,169,15,12,11,11,11,0,69,\N,\N,55,9,1:17.576,202.377,+1 Lap
4167,195,811,212,9,16,12,12,12,0,69,\N,\N,17,11,1:17.705,202.041,+1 Lap
4168,195,461,200,20,15,13,13,13,0,68,\N,\N,50,14,1:18.078,201.075,+2 Laps
4169,195,529,143,18,18,14,14,14,0,66,\N,\N,5,18,1:19.291,197.999,+4 Laps
4170,195,679,190,22,20,15,15,15,0,64,\N,\N,40,19,1:20.490,195.050,Accident
4171,195,796,20,17,11,16,R,16,0,58,\N,\N,29,6,1:17.394,202.852,Accident
4172,195,697,201,7,14,17,R,17,0,58,\N,\N,19,16,1:18.793,199.251,Retired
4173,195,570,135,4,7,18,R,18,0,13,\N,\N,5,15,1:18.493,200.012,Accident
4174,195,53,87,11,9,19,R,19,0,11,\N,\N,10,17,1:19.286,198.012,Mechanical
4175,195,528,190,23,21,20,R,20,0,2,\N,\N,2,20,2:07.709,122.932,Engine
4176,195,656,212,10,6,21,R,21,0,1,\N,\N,\N,\N,\N,\N,Accident
4177,195,10,143,19,19,22,R,22,0,0,\N,\N,\N,\N,\N,\N,Accident
4178,196,696,73,5,1,1,1,1,10,73,1:34:35.199,5675199,56,1,1:12.719,207.527,Finished
4179,196,500,73,6,2,2,2,2,8,73,+7.984,5683183,29,2,1:12.954,206.859,Finished
4180,196,250,170,2,3,3,3,3,6,73,+16.595,5691794,28,3,1:13.131,206.358,Finished
4181,196,778,201,8,22,4,4,4,5,73,+23.604,5698803,37,5,1:13.269,205.969,Finished
4182,196,17,170,1,5,5,5,5,4,73,+28.410,5703609,72,6,1:13.316,205.837,Finished
4183,196,53,87,11,4,6,6,6,3,73,+36.513,5711712,47,7,1:13.611,205.012,Finished
4184,196,183,169,14,17,7,7,7,2,72,\N,\N,33,11,1:14.730,201.942,+1 Lap
4185,196,461,200,20,20,8,8,8,1,72,\N,\N,41,9,1:14.286,203.149,+1 Lap
4186,196,656,212,10,21,9,9,9,0,72,\N,\N,42,10,1:14.707,202.005,+1 Lap
4187,196,697,201,7,8,10,R,10,0,62,\N,\N,29,4,1:13.225,206.093,+11 Laps
4188,196,10,143,19,14,11,R,11,0,37,\N,\N,34,12,1:14.731,201.940,Transmission
4189,196,796,20,17,6,12,R,12,0,23,\N,\N,19,8,1:13.934,204.117,Engine
4190,196,529,143,18,15,13,R,13,0,9,\N,\N,9,13,1:22.036,183.958,Accident
4191,196,679,190,22,18,14,R,14,0,6,\N,\N,6,14,1:43.802,145.384,Accident
4192,196,138,87,12,7,15,R,15,0,3,\N,\N,2,15,2:04.692,121.027,Accident
4193,196,669,135,3,9,16,R,16,0,0,\N,\N,\N,\N,\N,\N,Accident
4194,196,350,20,16,10,17,R,17,0,0,\N,\N,\N,\N,\N,\N,Accident
4195,196,570,135,4,11,18,R,18,0,0,\N,\N,\N,\N,\N,\N,Accident
4196,196,811,212,9,12,19,R,19,0,0,\N,\N,\N,\N,\N,\N,Accident
4197,196,727,200,21,13,20,R,20,0,0,\N,\N,\N,\N,\N,\N,Accident
4198,196,415,169,15,16,21,R,21,0,0,\N,\N,\N,\N,\N,\N,Accident
4199,196,528,190,23,19,22,R,22,0,0,\N,\N,\N,\N,\N,\N,Accident
4200,197,696,73,5,1,1,1,1,10,70,1:32:07.803,5527803,46,1,1:17.111,205.931,Finished
4201,197,17,170,1,3,2,2,2,8,70,+10.100,5537903,23,5,1:17.770,204.186,Finished
4202,197,500,73,6,2,3,3,3,6,70,+22.500,5550303,18,2,1:17.141,205.851,Finished
4203,197,697,201,7,5,4,4,4,5,70,+27.200,5555003,19,6,1:17.809,204.084,Finished
4204,197,669,135,3,6,5,5,5,4,70,+33.000,5560803,30,4,1:17.717,204.325,Finished
4205,197,250,170,2,7,6,6,6,3,70,+45.200,5573003,20,9,1:18.057,203.435,Finished
4206,197,867,135,4,8,7,7,7,2,70,+49.400,5577203,34,3,1:17.625,204.568,Finished
4207,197,350,20,16,11,8,8,8,1,69,\N,\N,48,14,1:18.809,201.494,+1 Lap
4208,197,183,169,14,9,9,9,9,0,69,\N,\N,56,17,1:18.978,201.063,+1 Lap
4209,197,727,200,21,14,10,10,10,0,69,\N,\N,66,12,1:18.674,201.840,+1 Lap
4210,197,796,20,17,16,11,11,11,0,69,\N,\N,56,7,1:17.906,203.830,+1 Lap
4211,197,415,169,15,12,12,12,12,0,69,\N,\N,56,16,1:18.968,201.089,+1 Lap
4212,197,461,200,20,22,13,13,13,0,69,\N,\N,54,10,1:18.241,202.957,+1 Lap
4213,197,656,212,10,18,14,14,14,0,68,\N,\N,62,13,1:18.796,201.527,+2 Laps
4214,197,10,143,19,15,15,15,15,0,68,\N,\N,67,18,1:19.356,200.105,+2 Laps
4215,197,528,190,23,20,16,16,16,0,67,\N,\N,53,20,1:20.113,198.215,+3 Laps
4216,197,138,87,12,17,17,R,17,0,61,\N,\N,47,11,1:18.510,202.262,Technical
4217,197,811,212,9,10,18,R,18,0,55,\N,\N,34,15,1:18.859,201.366,Wheel rim
4218,197,778,201,8,4,19,R,19,0,39,\N,\N,16,8,1:18.036,203.490,Brakes
4219,197,53,87,11,13,20,R,20,0,28,\N,\N,16,19,1:20.094,198.262,Engine
4220,197,529,143,18,19,21,R,21,0,11,\N,\N,8,21,1:21.663,194.452,Mechanical
4221,197,679,190,22,21,22,R,22,0,0,\N,\N,\N,\N,\N,\N,Transmission
4222,198,696,73,5,2,1,1,1,10,67,1:27:51.693,5271693,17,1,1:16.357,215.650,Finished
4223,198,500,73,6,3,2,2,2,8,67,+0.700,5272393,18,2,1:16.392,215.551,Finished
4224,198,669,135,3,1,3,3,3,6,67,+13.200,5284893,4,3,1:16.475,215.317,Finished
4225,198,138,87,12,4,4,4,4,5,67,+18.800,5290493,14,7,1:16.818,214.356,Finished
4226,198,17,170,1,7,5,5,5,4,67,+23.700,5295393,66,9,1:17.256,213.140,Finished
4227,198,250,170,2,5,6,6,6,3,67,+24.800,5296493,18,8,1:16.981,213.902,Finished
4228,198,778,201,8,20,7,7,7,2,67,+26.500,5298193,48,5,1:16.807,214.386,Finished
4229,198,415,169,15,12,8,8,8,1,67,+48.100,5319793,49,12,1:17.719,211.870,Finished
4230,198,697,201,7,8,9,9,9,0,67,+1:00.300,5331993,64,4,1:16.763,214.509,Finished
4231,198,461,200,20,16,10,10,10,0,66,\N,\N,51,10,1:17.407,212.724,+1 Lap
4232,198,183,169,14,10,11,11,11,0,66,\N,\N,24,13,1:17.811,211.620,+1 Lap
4233,198,727,200,21,19,12,12,12,0,66,\N,\N,50,11,1:17.450,212.606,+1 Lap
4234,198,811,212,9,11,13,R,13,0,59,\N,\N,43,6,1:16.812,214.372,Water leak
4235,198,679,190,22,17,14,R,14,0,38,\N,\N,26,19,1:19.413,207.351,Gearbox
4236,198,796,20,17,13,15,R,15,0,30,\N,\N,29,17,1:18.904,208.689,Accident
4237,198,53,87,11,6,16,R,16,0,18,\N,\N,16,14,1:18.029,211.029,Engine
4238,198,350,20,16,15,17,R,17,0,9,\N,\N,3,18,1:19.264,207.741,Brakes
4239,198,867,135,4,9,18,R,18,0,2,\N,\N,2,20,1:19.649,206.737,Fuel pump
4240,198,838,190,23,22,19,R,19,0,1,\N,\N,\N,\N,\N,\N,Driveshaft
4241,198,656,212,10,14,20,R,20,0,0,\N,\N,\N,\N,\N,\N,Accident
4242,198,10,143,19,21,21,D,21,0,66,\N,\N,35,15,1:18.247,210.441,Disqualified
4243,198,529,143,18,18,22,D,22,0,66,\N,\N,46,16,1:18.718,209.182,Disqualified
4244,199,138,87,12,14,1,1,1,10,70,1:52:20.941,6740941,57,4,1:25.143,185.236,Finished
4245,199,867,135,4,4,2,2,2,8,70,+30.837,6771778,67,2,1:24.315,187.055,Finished
4246,199,350,20,16,10,3,3,3,6,70,+43.822,6784763,65,7,1:25.801,183.816,Finished
4247,199,53,87,11,3,4,4,4,5,70,+45.205,6786146,69,3,1:24.678,186.253,Finished
4248,199,183,169,14,12,5,5,5,4,69,\N,\N,65,10,1:27.572,180.098,+1 Lap
4249,199,697,201,7,6,6,6,6,3,69,\N,\N,65,5,1:25.247,185.010,+1 Lap
4250,199,500,73,6,2,7,7,7,2,69,\N,\N,65,1,1:23.516,188.845,+1 Lap
4251,199,696,73,5,11,8,8,8,1,67,\N,\N,57,11,1:27.834,179.561,Track rod
4252,199,529,143,18,16,9,9,9,0,67,\N,\N,66,13,1:28.178,178.860,+3 Laps
4253,199,10,143,19,22,10,10,10,0,67,\N,\N,67,8,1:26.117,183.141,+3 Laps
4254,199,727,200,21,20,11,11,11,0,66,\N,\N,66,9,1:26.249,182.861,+4 Laps
4255,199,778,201,8,8,12,12,12,0,65,\N,\N,58,6,1:25.779,183.863,Engine
4256,199,679,190,22,19,13,13,13,0,65,\N,\N,53,15,1:30.957,173.396,+5 Laps
4257,199,17,170,1,15,14,R,14,0,51,\N,\N,50,14,1:29.408,176.400,Driveshaft
4258,199,669,135,3,1,15,R,15,0,25,\N,\N,7,16,1:33.690,168.338,Collision
4259,199,461,200,20,17,16,R,16,0,25,\N,\N,8,19,1:38.858,159.537,Collision
4260,199,656,212,10,18,17,R,17,0,19,\N,\N,9,20,1:38.964,159.367,Electrical
4261,199,250,170,2,7,18,R,18,0,18,\N,\N,9,17,1:35.550,165.061,Spun off
4262,199,415,169,15,13,19,R,19,0,6,\N,\N,6,18,1:38.702,159.790,Spun off
4263,199,811,212,9,5,20,R,20,0,1,\N,\N,\N,\N,\N,\N,Accident
4264,199,838,190,23,21,21,R,21,0,0,\N,\N,\N,\N,\N,\N,Engine
4265,199,423,20,17,9,22,D,22,0,69,\N,\N,55,12,1:28.154,178.909,Disqualified
4266,200,500,73,6,1,1,1,1,10,58,1:28:51.082,5331082,38,2,1:28.123,218.067,Finished
4267,200,17,170,1,3,2,2,2,8,58,+5.575,5336657,38,3,1:28.245,217.766,Finished
4268,200,696,73,5,2,3,3,3,6,58,+5.656,5336738,55,1,1:28.005,218.360,Finished
4269,200,138,87,12,6,4,4,4,5,58,+12.334,5343416,58,4,1:28.474,217.202,Finished
4270,200,867,135,4,11,5,5,5,4,58,+45.908,5376990,54,7,1:28.959,216.018,Finished
4271,200,250,170,2,4,6,6,6,3,58,+46.594,5377676,29,5,1:28.546,217.026,Finished
4272,200,697,201,7,15,7,7,7,2,58,+59.337,5390419,58,8,1:29.084,215.715,Finished
4273,200,53,87,11,13,8,8,8,1,58,+1:00.034,5391116,26,6,1:28.733,216.568,Finished
4274,200,778,201,8,12,9,9,9,0,57,\N,\N,24,13,1:30.048,213.406,+1 Lap
4275,200,811,212,9,9,10,10,10,0,57,\N,\N,50,15,1:30.088,213.311,+1 Lap
4276,200,415,169,15,10,11,11,11,0,57,\N,\N,26,11,1:30.025,213.460,+1 Lap
4277,200,423,20,17,8,12,12,12,0,57,\N,\N,34,9,1:29.723,214.179,+1 Lap
4278,200,727,200,21,17,13,13,13,0,57,\N,\N,43,10,1:29.933,213.679,+1 Lap
4279,200,350,20,16,5,14,14,14,0,56,\N,\N,56,16,1:30.335,212.728,+2 Laps
4280,200,183,169,14,16,15,15,15,0,55,\N,\N,24,12,1:30.026,213.458,Gearbox
4281,200,10,143,19,22,16,R,16,0,46,\N,\N,35,17,1:30.403,212.568,Spun off
4282,200,679,190,22,21,17,R,17,0,41,\N,\N,33,18,1:31.814,209.301,+17 Laps
4283,200,656,212,10,14,18,R,18,0,25,\N,\N,21,14,1:30.071,213.351,Water leak
4284,200,838,190,23,20,19,R,19,0,23,\N,\N,12,20,1:32.337,208.115,Spun off
4285,200,461,200,20,18,20,R,20,0,12,\N,\N,12,19,1:32.148,208.542,Spun off
4286,200,669,135,3,7,21,R,21,0,1,\N,\N,\N,\N,\N,\N,Collision
4287,200,529,143,18,19,22,R,22,0,0,\N,\N,\N,\N,\N,\N,Collision
4288,201,696,73,5,2,1,1,1,10,53,1:14:51.975,4491975,14,2,1:22.575,252.555,Finished
4289,201,669,135,3,1,2,2,2,8,53,+8.046,4500021,13,1,1:22.559,252.604,Finished
4290,201,423,20,17,6,3,3,3,6,53,+26.414,4518389,21,4,1:23.111,250.927,Finished
4291,201,250,170,2,9,4,4,4,5,53,+32.045,4524020,25,8,1:23.617,249.408,Finished
4292,201,138,87,12,5,5,5,5,4,53,+32.685,4524660,51,7,1:23.518,249.704,Finished
4293,201,53,87,11,8,6,6,6,3,53,+42.409,4534384,27,10,1:23.794,248.881,Finished
4294,201,778,201,8,11,7,7,7,2,53,+44.662,4536637,25,11,1:23.869,248.659,Finished
4295,201,350,20,16,3,8,8,8,1,53,+45.309,4537284,20,6,1:23.294,250.375,Finished
4296,201,500,73,6,4,9,9,9,0,53,+45.995,4537970,41,3,1:23.003,251.253,Finished
4297,201,811,212,9,19,10,10,10,0,53,+1:12.602,4564577,27,12,1:24.197,247.690,Finished
4298,201,415,169,15,16,11,11,11,0,52,\N,\N,37,13,1:24.571,246.595,+1 Lap
4299,201,183,169,14,14,12,12,12,0,52,\N,\N,51,17,1:24.984,245.396,+1 Lap
4300,201,727,200,21,15,13,13,13,0,52,\N,\N,50,18,1:25.094,245.079,+1 Lap
4301,201,461,200,20,17,14,14,14,0,52,\N,\N,52,14,1:24.764,246.033,+1 Lap
4302,201,697,201,7,13,15,15,15,0,52,\N,\N,41,16,1:24.837,245.821,+1 Lap
4303,201,679,190,22,21,16,16,16,0,51,\N,\N,15,21,1:25.676,243.414,+2 Laps
4304,201,10,186,19,18,17,17,17,0,51,\N,\N,17,20,1:25.494,243.932,+2 Laps
4305,201,529,186,18,20,18,R,18,0,44,\N,\N,27,15,1:24.822,245.865,Brakes
4306,201,17,170,1,10,19,R,19,0,43,\N,\N,38,5,1:23.121,250.896,Engine
4307,201,867,135,4,7,20,R,20,0,20,\N,\N,8,9,1:23.702,249.155,Engine
4308,201,838,190,23,22,21,R,21,0,18,\N,\N,15,22,1:26.548,240.962,Hydraulics
4309,201,656,212,10,12,22,R,22,0,9,\N,\N,8,19,1:25.362,244.310,Driveshaft
4310,202,696,73,5,6,1,1,1,10,56,1:37:32.747,5852747,50,2,1:38.553,199.117,Finished
4311,202,17,170,1,1,2,2,2,8,56,+3.121,5855868,49,1,1:37.586,201.090,Finished
4312,202,250,170,2,2,3,3,3,6,56,+44.197,5896944,53,6,1:39.332,197.555,Finished
4313,202,138,87,12,4,4,4,4,5,56,+1:12.056,5924803,51,5,1:39.206,197.806,Finished
4314,202,867,135,4,7,5,5,5,4,56,+1:17.137,5929884,45,3,1:39.149,197.920,Finished
4315,202,53,87,11,3,6,6,6,3,56,+1:19.131,5931878,52,9,1:39.749,196.729,Finished
4316,202,350,20,16,8,7,7,7,2,56,+1:31.979,5944726,53,4,1:39.164,197.890,Finished
4317,202,811,212,9,14,8,8,8,1,56,+1:43.588,5956335,44,12,1:39.907,196.418,Finished
4318,202,183,169,14,12,9,9,9,0,56,+1:43.796,5956543,52,15,1:40.549,195.164,Finished
4319,202,461,200,20,13,10,10,10,0,55,\N,\N,53,18,1:41.710,192.936,+1 Lap
4320,202,656,212,10,15,11,11,11,0,55,\N,\N,52,14,1:40.471,195.316,+1 Lap
4321,202,213,169,15,10,12,12,12,0,55,\N,\N,52,10,1:39.801,196.627,+1 Lap
4322,202,423,20,17,9,13,13,13,0,55,\N,\N,51,13,1:40.193,195.857,+1 Lap
4323,202,727,200,21,11,14,14,14,0,55,\N,\N,49,8,1:39.681,196.863,+1 Lap
4324,202,10,186,19,22,15,15,15,0,53,\N,\N,50,17,1:41.483,193.368,+3 Laps
4325,202,838,190,23,19,16,16,16,0,52,\N,\N,42,19,1:41.847,192.677,+4 Laps
4326,202,697,201,7,16,17,R,17,0,49,\N,\N,47,11,1:39.823,196.583,Oil pressure
4327,202,500,73,6,20,18,R,18,0,44,\N,\N,42,7,1:39.397,197.426,Collision
4328,202,778,201,8,17,19,R,19,0,38,\N,\N,24,21,1:44.787,187.271,Pneumatics
4329,202,529,186,18,18,20,R,20,0,37,\N,\N,35,22,1:45.356,186.259,Spun off
4330,202,669,135,3,5,21,R,21,0,18,\N,\N,14,20,1:44.094,188.518,Throttle
4331,202,679,190,22,21,22,D,22,0,55,\N,\N,48,16,1:40.856,194.570,Disqualified
4332,203,17,170,1,5,1,1,1,10,53,1:23:52.413,5032413,14,1,1:32.676,225.572,Finished
4333,203,500,73,6,1,2,2,2,8,53,+16.151,5048564,37,3,1:33.296,224.073,Finished
4334,203,250,170,2,6,3,3,3,6,53,+23.953,5056366,13,7,1:33.564,223.432,Finished
4335,203,138,87,12,7,4,4,4,5,53,+34.101,5066514,35,5,1:33.451,223.702,Finished
4336,203,669,135,3,11,5,5,5,4,53,+43.596,5076009,24,4,1:33.344,223.958,Finished
4337,203,778,201,8,4,6,6,6,3,53,+46.717,5079130,2,9,1:33.866,222.713,Finished
4338,203,697,201,7,3,7,7,7,2,53,+48.869,5081282,2,8,1:33.607,223.329,Finished
4339,203,350,20,16,9,8,8,8,1,53,+1:16.095,5108508,31,13,1:34.525,221.160,Finished
4340,203,423,20,17,12,9,9,9,0,53,+1:16.932,5109345,39,6,1:33.509,223.563,Finished
4341,203,656,212,10,10,10,10,10,0,52,\N,\N,33,15,1:34.802,220.514,+1 Lap
4342,203,867,135,4,13,11,11,11,0,52,\N,\N,22,11,1:34.120,222.112,+1 Lap
4343,203,53,87,11,8,12,12,12,0,52,\N,\N,40,10,1:34.071,222.227,+1 Lap
4344,203,213,169,15,18,13,13,13,0,52,\N,\N,37,19,1:35.099,219.825,+1 Lap
4345,203,461,200,20,15,14,14,14,0,52,\N,\N,22,12,1:34.131,222.086,+1 Lap
4346,203,679,190,22,20,15,15,15,0,52,\N,\N,26,17,1:35.082,219.864,+1 Lap
4347,203,529,186,18,21,16,16,16,0,51,\N,\N,27,20,1:35.260,219.454,+2 Laps
4348,203,838,190,23,22,17,17,17,0,50,\N,\N,22,21,1:35.594,218.687,+3 Laps
4349,203,727,200,21,19,18,18,18,0,48,\N,\N,37,14,1:34.560,221.078,Steering
4350,203,811,212,9,14,19,R,19,0,39,\N,\N,19,18,1:35.092,219.841,Accident
4351,203,696,73,5,2,20,R,20,0,36,\N,\N,32,2,1:32.792,225.290,Engine
4352,203,183,169,14,17,21,R,21,0,35,\N,\N,20,16,1:35.052,219.934,Gearbox
4353,203,10,186,19,16,22,R,22,0,20,\N,\N,19,22,1:36.036,217.680,Driveshaft
4354,204,500,73,6,1,1,1,1,10,71,1:31:53.751,5513751,23,2,1:12.877,212.857,Finished
4355,204,17,170,1,4,2,2,2,8,71,+18.658,5532409,70,3,1:12.961,212.612,Finished
4356,204,138,87,12,14,3,3,3,6,71,+19.394,5533145,71,4,1:13.053,212.344,Finished
4357,204,696,73,5,10,4,4,4,5,71,+24.094,5537845,70,1,1:12.162,214.966,Finished
4358,204,669,135,3,2,5,5,5,4,71,+28.503,5542254,58,6,1:13.281,211.683,Finished
4359,204,250,170,2,6,6,6,6,3,71,+30.287,5544038,70,5,1:13.121,212.146,Finished
4360,204,53,87,11,5,7,7,7,2,71,+40.294,5554045,48,8,1:13.391,211.366,Finished
4361,204,867,135,4,12,8,8,8,1,71,+52.068,5565819,63,12,1:13.817,210.146,Finished
4362,204,423,20,17,9,9,9,9,0,71,+1:07.642,5581393,25,14,1:14.117,209.296,Finished
4363,204,679,190,22,19,10,10,10,0,70,\N,\N,47,9,1:13.401,211.337,+1 Lap
4364,204,727,200,21,16,11,11,11,0,70,\N,\N,69,13,1:13.862,210.018,+1 Lap
4365,204,213,169,15,22,12,12,12,0,70,\N,\N,62,11,1:13.700,210.480,+1 Lap
4366,204,461,200,20,15,13,13,13,0,70,\N,\N,69,10,1:13.687,210.517,+1 Lap
4367,204,10,186,19,17,14,14,14,0,70,\N,\N,61,17,1:14.591,207.966,+1 Lap
4368,204,529,186,18,21,15,15,15,0,69,\N,\N,38,16,1:14.410,208.471,+2 Laps
4369,204,838,190,23,20,16,16,16,0,69,\N,\N,67,7,1:13.379,211.401,+2 Laps
4370,204,350,20,16,8,17,17,17,0,63,\N,\N,18,15,1:14.163,209.166,Accident
4371,204,183,169,14,18,18,R,18,0,14,\N,\N,12,19,1:16.045,203.989,Gearbox
4372,204,778,201,8,3,19,R,19,0,10,\N,\N,9,18,1:14.882,207.157,Suspension
4373,204,697,201,7,7,20,R,20,0,9,\N,\N,8,20,1:16.835,201.892,Suspension
4374,204,811,212,9,11,21,R,21,0,1,\N,\N,\N,\N,\N,\N,Collision
4375,204,656,212,10,13,22,R,22,0,0,\N,\N,\N,\N,\N,\N,Collision
4376,205,669,73,6,1,1,1,1,10,58,1:25:28.770,5128770,41,1,1:25.235,223.978,Finished
4377,205,17,135,1,2,2,2,2,8,58,+7.242,5136012,20,2,1:26.314,221.178,Finished
4378,205,335,135,2,4,3,3,3,6,58,+18.595,5147365,20,3,1:26.351,221.083,Finished
4379,205,350,20,9,3,4,4,4,5,58,+38.763,5167533,37,6,1:26.722,220.137,Finished
4380,205,250,170,3,6,5,5,5,4,58,+1:06.469,5195239,18,7,1:26.892,219.707,Finished
4381,205,500,73,5,22,6,6,6,3,58,+1:06.805,5195575,28,8,1:27.044,219.323,Finished
4382,205,656,212,16,12,7,7,7,2,57,\N,\N,40,5,1:26.721,220.140,+1 Lap
4383,205,697,201,11,9,8,8,8,1,57,\N,\N,42,12,1:27.796,217.444,+1 Lap
4384,205,778,201,12,8,9,9,9,0,57,\N,\N,45,13,1:28.034,216.857,+1 Lap
4385,205,420,170,4,13,10,10,10,0,57,\N,\N,44,10,1:27.592,217.951,+1 Lap
4386,205,53,87,8,16,11,11,11,0,57,\N,\N,17,14,1:28.098,216.699,+1 Lap
4387,205,679,190,22,10,12,12,12,0,57,\N,\N,20,18,1:28.487,215.746,+1 Lap
4388,205,811,169,15,7,13,13,13,0,57,\N,\N,21,9,1:27.501,218.178,+1 Lap
4389,205,461,200,18,19,14,14,14,0,57,\N,\N,44,15,1:28.282,216.247,+1 Lap
4390,205,138,87,7,14,15,15,15,0,57,\N,\N,42,17,1:28.387,215.991,+1 Lap
4391,205,201,190,23,11,16,16,16,0,56,\N,\N,41,19,1:28.489,215.742,+2 Laps
4392,205,746,185,20,20,17,17,17,0,56,\N,\N,40,20,1:28.687,215.260,+2 Laps
4393,205,837,212,17,15,18,R,18,0,48,\N,\N,24,16,1:28.303,216.196,Collision
4394,205,183,169,14,18,19,R,19,0,48,\N,\N,44,11,1:27.706,217.668,Collision
4395,205,423,20,10,5,20,R,20,0,36,\N,\N,19,4,1:26.642,220.341,Gearbox
4396,205,727,200,19,17,21,R,21,0,28,\N,\N,22,21,1:28.953,214.616,Puncture
4397,205,10,185,21,21,22,R,22,0,10,\N,\N,9,22,1:30.899,210.022,Accident
4398,206,17,135,1,2,1,1,1,10,56,1:32:14.930,5534930,42,2,1:36.861,206.014,Finished
4399,206,335,135,2,4,2,2,2,8,56,+17.557,5552487,22,1,1:36.701,206.355,Finished
4400,206,669,73,6,3,3,3,3,6,56,+18.339,5553269,40,4,1:37.228,205.237,Finished
4401,206,350,20,9,5,4,4,4,5,56,+33.777,5568707,55,5,1:37.417,204.838,Finished
4402,206,500,73,5,1,5,5,5,4,56,+36.705,5571635,42,3,1:37.199,205.298,Finished
4403,206,250,170,3,12,6,6,6,3,56,+1:05.638,5600568,44,9,1:37.879,203.872,Finished
4404,206,778,201,12,8,7,7,7,2,56,+1:10.132,5605062,40,10,1:38.016,203.587,Finished
4405,206,420,170,4,11,8,8,8,1,56,+1:12.015,5606945,41,7,1:37.810,204.015,Finished
4406,206,837,212,17,19,9,9,9,0,56,+1:29.924,5624854,19,8,1:37.864,203.903,Finished
4407,206,811,169,15,10,10,10,10,0,56,+1:33.556,5628486,55,14,1:38.540,202.504,Finished
4408,206,53,87,8,22,11,11,11,0,55,\N,\N,32,15,1:38.566,202.451,+1 Lap
4409,206,138,87,7,15,12,12,12,0,55,\N,\N,54,16,1:38.658,202.262,+1 Lap
4410,206,679,190,22,14,13,13,13,0,55,\N,\N,37,13,1:38.496,202.595,+1 Lap
4411,206,727,200,19,17,14,14,14,0,55,\N,\N,54,18,1:39.098,201.364,+1 Lap
4412,206,697,201,11,9,15,15,15,0,55,\N,\N,52,19,1:39.243,201.070,+1 Lap
4413,206,201,190,23,18,16,16,16,0,55,\N,\N,32,20,1:39.566,200.417,+1 Lap
4414,206,461,200,18,16,17,17,17,0,55,\N,\N,21,12,1:38.447,202.695,+1 Lap
4415,206,423,20,10,7,18,18,18,0,55,\N,\N,53,17,1:38.874,201.820,+1 Lap
4416,206,656,212,16,6,19,R,19,0,42,\N,\N,18,6,1:37.704,204.237,Hydraulics
4417,206,183,169,14,13,20,R,20,0,36,\N,\N,28,11,1:38.098,203.416,Brakes
4418,206,10,185,21,20,21,R,21,0,7,\N,\N,5,21,1:41.495,196.608,Engine
4419,206,746,185,20,21,22,R,22,0,0,\N,\N,\N,\N,\N,\N,Collision
4420,207,500,73,5,1,1,1,1,10,57,1:33:27.515,5607515,42,1,1:34.067,207.120,Finished
4421,207,335,135,2,2,2,2,2,8,57,+2.360,5609875,18,2,1:34.270,206.674,Finished
4422,207,669,73,6,3,3,3,3,6,57,+10.839,5618354,39,3,1:34.357,206.483,Finished
4423,207,350,20,9,5,4,4,4,5,57,+13.831,5621346,38,5,1:34.470,206.236,Finished
4424,207,17,135,1,4,5,5,5,4,57,+14.426,5621941,46,4,1:34.420,206.346,Finished
4425,207,423,20,10,6,6,6,6,3,57,+45.529,5653044,46,6,1:34.819,205.477,Finished
4426,207,778,201,12,9,7,7,7,2,57,+1:21.371,5688886,40,7,1:35.153,204.756,Finished
4427,207,250,170,3,7,8,8,8,1,57,+1:21.701,5689216,51,8,1:35.200,204.655,Finished
4428,207,420,170,4,12,9,9,9,0,57,+1:29.411,5696926,27,10,1:35.475,204.065,Finished
4429,207,656,212,16,10,10,10,10,0,57,+1:29.916,5697431,51,11,1:35.556,203.893,Finished
4430,207,837,212,17,11,11,11,11,0,56,\N,\N,27,16,1:35.992,202.966,+1 Lap
4431,207,697,201,11,14,12,12,12,0,56,\N,\N,37,15,1:35.845,203.278,+1 Lap
4432,207,53,87,8,15,13,13,13,0,56,\N,\N,50,14,1:35.842,203.284,+1 Lap
4433,207,10,185,21,22,14,14,14,0,55,\N,\N,40,20,1:37.184,200.477,+2 Laps
4434,207,746,185,20,20,15,15,15,0,53,\N,\N,45,19,1:36.772,201.330,+4 Laps
4435,207,201,190,23,13,16,16,16,0,51,\N,\N,27,17,1:36.111,202.715,Engine
4436,207,811,169,15,8,17,R,17,0,41,\N,\N,37,12,1:35.705,203.575,Gearbox
4437,207,183,169,14,21,18,R,18,0,36,\N,\N,34,9,1:35.384,204.260,Driveshaft
4438,207,679,190,22,17,19,R,19,0,34,\N,\N,23,18,1:36.359,202.193,Engine
4439,207,461,200,18,18,20,R,20,0,26,\N,\N,23,13,1:35.723,203.537,Hydraulics
4440,207,138,87,7,16,21,R,21,0,0,\N,\N,\N,\N,\N,\N,Collision
4441,207,727,200,19,19,22,R,22,0,0,\N,\N,\N,\N,\N,\N,Collision
4442,208,500,73,5,1,1,1,1,10,65,1:31:36.230,5496230,14,1,1:22.680,202.685,Finished
4443,208,335,135,2,4,2,2,2,8,65,+6.790,5503020,20,2,1:22.876,202.205,Finished
4444,208,17,135,1,2,3,3,3,6,65,+17.456,5513686,17,3,1:22.966,201.986,Finished
4445,208,423,20,10,5,4,4,4,5,65,+31.615,5527845,20,5,1:23.129,201.590,Finished
4446,208,183,169,14,9,5,5,5,4,65,+58.331,5554561,18,8,1:23.524,200.636,Finished
4447,208,656,212,16,11,6,6,6,3,65,+59.538,5555768,60,10,1:23.693,200.231,Finished
4448,208,420,170,4,8,7,7,7,2,65,+1:02.128,5558358,32,4,1:22.980,201.952,Finished
4449,208,679,190,22,13,8,8,8,1,64,\N,\N,23,12,1:24.110,199.239,+1 Lap
4450,208,250,170,3,10,9,9,9,0,64,\N,\N,57,9,1:23.560,200.550,+1 Lap
4451,208,53,87,8,12,10,10,10,0,64,\N,\N,16,14,1:24.287,198.820,+1 Lap
4452,208,201,190,23,15,11,11,11,0,64,\N,\N,59,15,1:24.291,198.811,+1 Lap
4453,208,138,87,7,14,12,12,12,0,64,\N,\N,64,13,1:24.186,199.059,+1 Lap
4454,208,746,185,20,20,13,13,13,0,63,\N,\N,57,16,1:25.191,196.710,+2 Laps
4455,208,10,185,21,21,14,14,14,0,63,\N,\N,61,18,1:25.260,196.551,+2 Laps
4456,208,350,20,9,7,15,R,15,0,46,\N,\N,22,7,1:23.483,200.735,Gearbox
4457,208,697,201,11,17,16,R,16,0,44,\N,\N,37,11,1:24.003,199.492,Suspension
4458,208,461,200,18,16,17,R,17,0,19,\N,\N,18,17,1:25.207,196.673,Retired
4459,208,727,200,19,22,18,R,18,0,9,\N,\N,6,20,1:26.238,194.322,Tyre
4460,208,669,73,6,3,19,R,19,0,9,\N,\N,7,6,1:23.475,200.754,Suspension
4461,208,778,201,12,6,20,R,20,0,8,\N,\N,6,19,1:26.094,194.647,Fuel pressure
4462,208,811,169,15,19,21,R,21,0,7,\N,\N,4,21,1:26.323,194.131,Hydraulics
4463,208,837,212,17,18,22,R,22,0,1,\N,\N,\N,\N,\N,\N,Collision
4464,209,17,135,1,1,1,1,1,10,78,1:40:29.329,6029329,44,1,1:15.284,159.715,Finished
4465,209,335,135,2,2,2,2,2,8,78,+4.095,6033424,28,2,1:15.372,159.528,Finished
4466,209,500,73,5,3,3,3,3,6,78,+1:09.114,6098443,47,4,1:16.183,157.830,Finished
4467,209,250,170,3,4,4,4,4,5,77,\N,\N,54,5,1:16.254,157.683,+1 Lap
4468,209,423,20,10,8,5,5,5,4,77,\N,\N,39,3,1:16.006,158.198,+1 Lap
4469,209,350,20,9,7,6,6,6,3,77,\N,\N,30,12,1:17.041,156.072,+1 Lap
4470,209,837,212,17,11,7,7,7,2,77,\N,\N,40,7,1:16.658,156.852,+1 Lap
4471,209,669,73,6,16,8,8,8,1,77,\N,\N,62,6,1:16.592,156.987,+1 Lap
4472,209,727,200,19,18,9,9,9,0,77,\N,\N,73,10,1:16.867,156.426,+1 Lap
4473,209,53,87,8,9,10,10,10,0,77,\N,\N,69,13,1:17.080,155.993,+1 Lap
4474,209,138,87,7,10,11,11,11,0,77,\N,\N,40,9,1:16.802,156.558,+1 Lap
4475,209,656,212,16,5,12,12,12,0,77,\N,\N,70,11,1:16.991,156.174,+1 Lap
4476,209,420,170,4,15,13,13,13,0,76,\N,\N,72,14,1:17.100,155.953,Engine
4477,209,183,169,14,13,14,14,14,0,76,\N,\N,75,8,1:16.786,156.591,+2 Laps
4478,209,778,201,12,14,15,15,15,0,76,\N,\N,53,18,1:17.495,155.158,+2 Laps
4479,209,697,201,11,20,16,16,16,0,76,\N,\N,47,17,1:17.231,155.688,+2 Laps
4480,209,679,190,22,21,17,17,17,0,76,\N,\N,74,15,1:17.183,155.785,+2 Laps
4481,209,201,190,23,17,18,18,18,0,76,\N,\N,63,16,1:17.223,155.704,+2 Laps
4482,209,10,185,21,22,19,19,19,0,70,\N,\N,70,20,1:17.689,154.770,Driveshaft
4483,209,746,185,20,19,20,R,20,0,53,\N,\N,34,19,1:17.678,154.792,Accident
4484,209,811,169,15,6,21,R,21,0,17,\N,\N,17,21,1:18.998,152.206,Gearbox
4485,209,461,200,18,12,22,R,22,0,2,\N,\N,\N,\N,\N,\N,Accident
4486,210,335,135,2,1,1,1,1,10,70,1:44:11.292,6251292,37,2,1:16.494,205.239,Finished
4487,210,350,20,9,3,2,2,2,8,70,+4.343,6255635,19,3,1:16.696,204.699,Finished
4488,210,837,212,17,19,3,3,3,6,70,+5.325,6256617,67,11,1:17.947,201.413,Finished
4489,210,420,170,4,22,4,4,4,5,70,+6.729,6258021,67,13,1:18.368,200.331,Finished
4490,210,669,73,6,4,5,5,5,4,70,+13.007,6264299,21,5,1:16.861,204.259,Finished
4491,210,679,190,22,11,6,6,6,3,70,+16.698,6267990,47,12,1:18.035,201.186,Finished
4492,210,17,135,1,2,7,7,7,2,70,+21.936,6273228,46,1,1:16.367,205.580,Finished
4493,210,697,201,11,18,8,8,8,1,70,+22.888,6274180,38,10,1:17.910,201.509,Finished
4494,210,811,169,15,6,9,9,9,0,70,+22.960,6274252,47,9,1:17.618,202.267,Finished
4495,210,656,212,16,7,10,10,10,0,70,+23.984,6275276,42,6,1:17.156,203.478,Finished
4496,210,201,190,23,17,11,11,11,0,70,+24.318,6275610,36,15,1:18.780,199.284,Finished
4497,210,53,87,8,13,12,12,12,0,70,+30.439,6281731,62,14,1:18.543,199.885,Finished
4498,210,778,201,12,10,13,R,13,0,58,\N,\N,12,17,1:19.092,198.497,Accident
4499,210,461,200,18,12,14,R,14,0,54,\N,\N,9,19,1:19.375,197.790,Accident
4500,210,10,185,21,21,15,R,15,0,47,\N,\N,21,18,1:19.254,198.092,Front wing
4501,210,183,169,14,14,16,R,16,0,36,\N,\N,19,16,1:18.981,198.776,Gearbox
4502,210,423,20,10,8,17,R,17,0,26,\N,\N,19,8,1:17.529,202.499,Accident
4503,210,746,185,20,20,18,R,18,0,21,\N,\N,20,20,1:19.452,197.598,Accident
4504,210,727,200,19,16,19,R,19,0,8,\N,\N,6,21,1:20.092,196.019,Accident
4505,210,138,87,7,15,20,R,20,0,0,\N,\N,\N,\N,\N,\N,Gearbox
4506,210,500,73,5,5,21,D,21,0,51,\N,\N,22,4,1:16.849,204.291,Disqualified
4507,210,250,170,3,9,22,D,22,0,51,\N,\N,22,7,1:17.411,202.808,Disqualified
4508,211,335,135,2,1,1,1,1,10,73,1:31:09.965,5469965,20,2,1:13.222,206.101,Finished
4509,211,17,135,1,2,2,2,2,8,73,+1.500,5471465,21,3,1:13.257,206.003,Finished
4510,211,500,73,5,3,3,3,3,6,73,+12.800,5482765,50,4,1:13.380,205.658,Finished
4511,211,669,73,6,4,4,4,4,5,73,+15.400,5485365,49,1,1:13.117,206.397,Finished
4512,211,420,170,4,6,5,5,5,4,73,+41.400,5511365,67,7,1:13.998,203.940,Finished
4513,211,778,201,12,8,6,6,6,3,73,+1:06.700,5536665,30,10,1:14.016,203.891,Finished
4514,211,811,169,15,9,7,7,7,2,73,+1:07.300,5537265,57,8,1:14.004,203.924,Finished
4515,211,794,20,10,7,8,8,8,1,73,+1:07.700,5537665,53,6,1:13.862,204.316,Finished
4516,211,250,170,3,10,9,9,9,0,72,\N,\N,67,9,1:14.009,203.910,+1 Lap
4517,211,837,212,17,17,10,10,10,0,72,\N,\N,41,13,1:14.486,202.604,+1 Lap
4518,211,201,190,23,16,11,11,11,0,72,\N,\N,55,12,1:14.066,203.753,+1 Lap
4519,211,138,87,7,13,12,12,12,0,72,\N,\N,42,14,1:14.703,202.015,+1 Lap
4520,211,727,200,19,20,13,13,13,0,71,\N,\N,66,16,1:15.092,200.969,+2 Laps
4521,211,746,185,20,21,14,14,14,0,71,\N,\N,49,15,1:14.858,201.597,+2 Laps
4522,211,10,185,21,22,15,15,15,0,70,\N,\N,65,18,1:15.902,198.824,+3 Laps
4523,211,656,212,16,14,16,16,16,0,68,\N,\N,34,11,1:14.066,203.753,Engine
4524,211,461,200,18,19,17,17,17,0,68,\N,\N,64,17,1:15.426,200.079,Water pressure
4525,211,350,20,9,5,18,R,18,0,56,\N,\N,20,5,1:13.414,205.562,Transmission
4526,211,679,190,22,18,19,R,19,0,13,\N,\N,8,19,1:16.680,196.807,Spun off
4527,211,183,169,14,11,20,R,20,0,0,\N,\N,\N,\N,\N,\N,Collision
4528,211,53,87,8,15,21,R,21,0,0,\N,\N,\N,\N,\N,\N,Collision
4529,211,697,201,11,12,22,R,22,0,0,\N,\N,\N,\N,\N,\N,Collision
4530,212,669,73,6,3,1,1,1,10,70,1:30:54.200,5454200,20,2,1:16.207,208.374,Finished
4531,212,500,73,5,1,2,2,2,8,70,+2.414,5456614,42,1,1:16.099,208.670,Finished
4532,212,335,135,2,2,3,3,3,6,70,+32.153,5486353,39,4,1:16.587,207.340,Finished
4533,212,423,20,10,4,4,4,4,5,70,+41.727,5495927,44,10,1:17.153,205.819,Finished
4534,212,350,20,9,7,5,5,5,4,70,+48.801,5503001,70,7,1:16.875,206.563,Finished
4535,212,250,170,3,5,6,6,6,3,70,+51.940,5506140,70,5,1:16.703,207.027,Finished
4536,212,17,135,1,10,7,7,7,2,70,+56.516,5510716,36,3,1:16.495,207.590,Finished
4537,212,138,87,7,12,8,8,8,1,70,+58.885,5513085,70,6,1:16.770,206.846,Finished
4538,212,656,212,16,9,9,9,9,0,70,+1:08.505,5522705,69,9,1:17.011,206.199,Finished
4539,212,697,201,11,11,10,10,10,0,69,\N,\N,68,8,1:16.966,206.319,+1 Lap
4540,212,53,87,8,13,11,11,11,0,69,\N,\N,68,12,1:17.220,205.641,+1 Lap
4541,212,811,169,15,14,12,12,12,0,69,\N,\N,69,14,1:17.249,205.563,+1 Lap
4542,212,183,169,14,16,13,13,13,0,69,\N,\N,68,15,1:17.447,205.038,+1 Lap
4543,212,837,212,17,18,14,14,14,0,69,\N,\N,69,13,1:17.240,205.587,+1 Lap
4544,212,420,170,4,6,15,15,15,0,69,\N,\N,69,11,1:17.206,205.678,+1 Lap
4545,212,679,190,22,22,16,16,16,0,68,\N,\N,39,16,1:17.796,204.118,+2 Laps
4546,212,746,185,20,21,17,17,17,0,68,\N,\N,27,18,1:18.091,203.347,+2 Laps
4547,212,727,200,19,15,18,R,18,0,55,\N,\N,51,17,1:17.934,203.757,Gearbox
4548,212,10,185,21,20,19,R,19,0,28,\N,\N,27,19,1:18.955,201.122,Refuelling
4549,212,201,190,23,19,20,R,20,0,1,\N,\N,\N,\N,\N,\N,Collision
4550,212,778,201,12,8,21,R,21,0,1,\N,\N,\N,\N,\N,\N,Collision
4551,212,461,200,18,17,22,R,22,0,0,\N,\N,\N,\N,\N,\N,Collision
4552,213,669,73,6,2,1,1,1,10,59,1:21:43.074,4903074,17,1,1:20.638,229.514,Finished
4553,213,17,135,1,3,2,2,2,8,59,+2.459,4905533,35,3,1:21.117,228.159,Finished
4554,213,335,135,2,1,3,3,3,6,59,+39.373,4942447,11,4,1:21.675,226.600,Finished
4555,213,423,20,10,5,4,4,4,5,59,+53.319,4956393,14,6,1:22.105,225.413,Finished
4556,213,500,73,5,4,5,5,5,4,59,+54.063,4957137,17,2,1:20.858,228.890,Finished
4557,213,350,20,9,9,6,6,6,3,59,+56.336,4959410,17,5,1:21.991,225.727,Finished
4558,213,420,170,4,7,7,7,7,2,58,\N,\N,11,9,1:22.552,224.193,+1 Lap
4559,213,250,170,3,8,8,8,8,1,58,\N,\N,13,7,1:22.136,225.328,+1 Lap
4560,213,53,87,8,14,9,9,9,0,58,\N,\N,28,13,1:23.387,221.948,+1 Lap
4561,213,138,87,7,18,10,10,10,0,58,\N,\N,29,16,1:23.581,221.433,+1 Lap
4562,213,183,169,14,12,11,11,11,0,58,\N,\N,40,12,1:23.118,222.666,+1 Lap
4563,213,656,212,16,17,12,12,12,0,58,\N,\N,49,11,1:22.896,223.262,+1 Lap
4564,213,837,212,17,13,13,13,13,0,58,\N,\N,57,10,1:22.693,223.810,+1 Lap
4565,213,679,190,22,21,14,14,14,0,57,\N,\N,42,14,1:23.413,221.879,+2 Laps
4566,213,10,185,21,22,15,15,15,0,57,\N,\N,56,21,1:24.390,219.310,+2 Laps
4567,213,461,200,18,16,16,16,16,0,53,\N,\N,46,17,1:23.628,221.308,Gearbox
4568,213,778,201,12,10,17,R,17,0,43,\N,\N,17,18,1:23.708,221.097,Retired
4569,213,201,190,23,19,18,R,18,0,35,\N,\N,26,20,1:24.144,219.951,Mechanical
4570,213,727,200,19,15,19,R,19,0,29,\N,\N,19,15,1:23.570,221.462,Accident
4571,213,697,201,11,6,20,R,20,0,22,\N,\N,12,8,1:22.510,224.307,Wheel
4572,213,746,185,20,20,21,R,21,0,16,\N,\N,16,22,1:25.015,217.698,Engine
4573,213,811,169,15,11,22,R,22,0,8,\N,\N,6,19,1:23.767,220.941,Hydraulics
4574,214,17,135,1,2,1,1,1,10,60,2:06:26.358,7586358,35,2,1:33.231,198.783,Finished
4575,214,500,73,5,3,2,2,2,8,60,+8.155,7594513,34,1,1:32.853,199.592,Finished
4576,214,811,169,15,6,3,3,3,6,60,+1:05.674,7652032,29,8,1:34.449,196.220,Finished
4577,214,837,212,17,12,4,4,4,5,60,+1:05.937,7652295,33,5,1:34.235,196.665,Finished
4578,214,183,169,14,20,5,5,5,4,60,+1:13.656,7660014,48,6,1:34.316,196.496,Finished
4579,214,350,20,9,4,6,6,6,3,60,+1:20.298,7666656,49,7,1:34.354,196.417,Finished
4580,214,423,20,10,5,7,7,7,2,60,+1:22.415,7668773,49,9,1:34.451,196.216,Finished
4581,214,420,170,4,7,8,8,8,1,59,\N,\N,48,11,1:34.603,195.900,+1 Lap
4582,214,335,135,2,10,9,9,9,0,59,\N,\N,29,3,1:33.401,198.421,+1 Lap
4583,214,250,170,3,13,10,10,10,0,59,\N,\N,48,12,1:34.893,195.302,+1 Lap
4584,214,53,87,8,14,11,11,11,0,59,\N,\N,37,14,1:35.632,193.792,+1 Lap
4585,214,201,190,23,15,12,12,12,0,59,\N,\N,46,13,1:35.282,194.504,+1 Lap
4586,214,778,201,12,8,13,13,13,0,59,\N,\N,29,10,1:34.496,196.122,+1 Lap
4587,214,669,73,6,1,14,R,14,0,34,\N,\N,32,4,1:33.904,197.359,Hydraulics
4588,214,679,190,22,16,15,R,15,0,19,\N,\N,18,16,1:37.401,190.273,Retired
4589,214,697,201,11,9,16,R,16,0,18,\N,\N,18,15,1:36.195,192.658,Collision
4590,214,834,185,21,22,17,R,17,0,13,\N,\N,13,17,1:42.783,180.309,Hydraulics
4591,214,138,87,7,17,18,R,18,0,2,\N,\N,2,18,2:20.041,132.338,Spun off
4592,214,746,185,20,21,19,R,19,0,2,\N,\N,2,19,2:25.798,127.112,Spun off
4593,214,656,212,16,11,20,R,20,0,2,\N,\N,2,20,2:50.950,108.410,Spun off
4594,214,727,200,19,18,21,R,21,0,2,\N,\N,2,21,3:01.900,101.884,Spun off
4595,214,461,200,18,19,22,R,22,0,2,\N,\N,2,22,3:22.300,91.6100,Spun off
4596,215,335,135,2,1,1,1,1,10,70,1:35:52.991,5752991,13,2,1:20.171,196.724,Finished
4597,215,669,73,6,3,2,2,2,8,70,+0.715,5753706,70,1,1:20.047,197.029,Finished
4598,215,350,20,9,2,3,3,3,6,70,+43.129,5796120,16,5,1:20.582,195.721,Finished
4599,215,17,135,1,6,4,4,4,5,70,+44.858,5797849,49,3,1:20.324,196.349,Finished
4600,215,423,20,10,7,5,5,5,4,70,+47.616,5800607,40,4,1:20.419,196.117,Finished
4601,215,697,201,11,5,6,6,6,3,70,+50.669,5803660,69,9,1:20.961,194.804,Finished
4602,215,656,212,16,4,7,7,7,2,70,+59.139,5812130,68,6,1:20.672,195.502,Finished
4603,215,420,170,4,11,8,8,8,1,70,+1:08.104,5821095,69,8,1:20.935,194.867,Finished
4604,215,811,169,15,9,9,9,9,0,70,+1:16.331,5829322,63,7,1:20.915,194.915,Finished
4605,215,778,201,12,8,10,10,10,0,69,\N,\N,48,12,1:21.253,194.104,+1 Lap
4606,215,183,169,14,10,11,11,11,0,69,\N,\N,67,14,1:21.553,193.390,+1 Lap
4607,215,250,170,3,13,12,12,12,0,69,\N,\N,66,15,1:21.695,193.054,+1 Lap
4608,215,500,73,5,14,13,13,13,0,69,\N,\N,37,11,1:20.981,194.756,+1 Lap
4609,215,837,212,17,12,14,14,14,0,69,\N,\N,49,13,1:21.264,194.078,+1 Lap
4610,215,679,190,22,19,15,15,15,0,69,\N,\N,66,10,1:20.980,194.759,+1 Lap
4611,215,794,200,19,20,16,16,16,0,69,\N,\N,65,16,1:21.915,192.536,+1 Lap
4612,215,746,185,20,21,17,17,17,0,68,\N,\N,67,19,1:22.263,191.721,+2 Laps
4613,215,53,87,8,18,18,18,18,0,68,\N,\N,34,17,1:22.004,192.327,+2 Laps
4614,215,461,200,18,16,19,R,19,0,42,\N,\N,35,20,1:22.410,191.379,Electrical
4615,215,201,190,23,15,20,R,20,0,41,\N,\N,39,18,1:22.166,191.948,Accident
4616,215,138,87,7,17,21,R,21,0,35,\N,\N,25,21,1:22.906,190.234,Throttle
4617,215,838,185,21,22,22,R,22,0,4,\N,\N,4,22,1:26.741,181.824,Accident
4618,216,500,73,5,1,1,1,1,10,58,1:26:42.161,5202161,18,2,1:27.922,218.566,Finished
4619,216,669,73,6,3,2,2,2,8,58,+2.275,5204436,57,1,1:27.295,220.136,Finished
4620,216,17,135,1,4,3,3,3,6,58,+26.181,5228342,39,4,1:28.070,218.199,Finished
4621,216,350,20,9,6,4,4,4,5,58,+39.674,5241835,39,5,1:28.319,217.583,Finished
4622,216,335,135,2,2,5,5,5,4,58,+45.085,5247246,17,3,1:27.963,218.464,Finished
4623,216,420,170,4,7,6,6,6,3,58,+46.169,5248330,20,7,1:28.603,216.886,Finished
4624,216,656,212,16,8,7,7,7,2,58,+55.778,5257939,37,6,1:28.536,217.050,Finished
4625,216,423,20,10,5,8,8,8,1,58,+56.707,5258868,11,11,1:28.918,216.118,Finished
4626,216,250,170,3,10,9,9,9,0,58,+59.491,5261652,56,9,1:28.793,216.422,Finished
4627,216,183,169,14,13,10,10,10,0,58,+1:11.009,5273170,54,13,1:29.068,215.754,Finished
4628,216,837,212,17,14,11,11,11,0,58,+1:19.628,5281789,55,8,1:28.737,216.559,Finished
4629,216,697,201,11,16,12,12,12,0,57,\N,\N,55,12,1:28.924,216.103,+1 Lap
4630,216,138,87,7,21,13,13,13,0,57,\N,\N,34,10,1:28.873,216.227,+1 Lap
4631,216,201,190,23,11,14,14,14,0,57,\N,\N,38,17,1:29.658,214.334,+1 Lap
4632,216,461,200,18,15,15,15,15,0,57,\N,\N,56,16,1:29.563,214.561,+1 Lap
4633,216,778,201,12,9,16,16,16,0,57,\N,\N,39,14,1:29.459,214.811,+1 Lap
4634,216,53,87,8,22,17,17,17,0,57,\N,\N,35,15,1:29.513,214.681,+1 Lap
4635,216,679,190,22,17,18,18,18,0,57,\N,\N,56,18,1:29.916,213.719,+1 Lap
4636,216,794,200,19,18,19,19,19,0,57,\N,\N,39,19,1:29.983,213.560,+1 Lap
4637,216,838,185,21,20,20,20,20,0,56,\N,\N,21,22,1:30.951,211.287,+2 Laps
4638,216,746,185,20,19,21,21,21,0,53,\N,\N,52,20,1:30.617,212.066,Fuel pressure
4639,216,811,169,15,12,22,R,22,0,9,\N,\N,4,21,1:30.808,211.620,Hydraulics
4640,217,17,135,1,1,1,1,1,10,53,1:18:37.806,4717806,15,1,1:22.871,251.653,Finished
4641,217,335,135,2,2,2,2,2,8,53,+6.062,4723868,17,2,1:22.936,251.456,Finished
4642,217,669,73,6,5,3,3,3,6,53,+27.325,4745131,21,3,1:23.370,250.147,Finished
4643,217,350,20,9,4,4,4,4,5,53,+56.562,4774368,19,4,1:23.681,249.217,Finished
4644,217,423,20,10,6,5,5,5,4,53,+1:00.558,4778364,22,5,1:23.908,248.543,Finished
4645,217,656,212,16,8,6,6,6,3,53,+1:05.810,4783616,52,8,1:24.472,246.884,Finished
4646,217,420,170,4,7,7,7,7,2,53,+1:06.751,4784557,53,7,1:24.226,247.605,Finished
4647,217,138,87,7,10,8,8,8,1,53,+1:02.168,4779974,32,9,1:24.532,246.708,Finished
4648,217,811,169,15,11,9,9,9,0,53,+1:05.879,4783685,46,13,1:24.824,245.859,Finished
4649,217,53,87,8,12,10,10,10,0,53,+1:06.958,4784764,52,12,1:24.767,246.024,Finished
4650,217,778,201,12,9,11,11,11,0,53,+1:07.736,4785542,49,10,1:24.622,246.446,Finished
4651,217,250,170,3,15,12,12,12,0,52,\N,\N,32,14,1:24.849,245.787,+1 Lap
4652,217,837,212,17,13,13,13,13,0,52,\N,\N,42,16,1:25.000,245.350,+1 Lap
4653,217,201,190,23,14,14,14,14,0,52,\N,\N,46,17,1:25.116,245.016,+1 Lap
4654,217,697,201,11,18,15,15,15,0,52,\N,\N,49,15,1:24.951,245.492,+1 Lap
4655,217,679,190,22,17,16,16,16,0,52,\N,\N,49,11,1:24.669,246.309,+1 Lap
4656,217,461,200,18,19,17,17,17,0,52,\N,\N,45,19,1:25.373,244.278,+1 Lap
4657,217,794,200,19,16,18,18,18,0,52,\N,\N,47,18,1:25.313,244.450,+1 Lap
4658,217,746,185,20,21,19,19,19,0,52,\N,\N,30,20,1:25.377,244.267,+1 Lap
4659,217,838,185,21,22,20,20,20,0,52,\N,\N,34,21,1:25.478,243.978,+1 Lap
4660,217,500,73,5,3,21,R,21,0,10,\N,\N,8,6,1:23.971,248.357,Suspension
4661,217,183,169,14,20,22,R,22,0,1,\N,\N,\N,\N,\N,\N,Accident
4662,218,669,73,6,1,1,1,1,10,44,1:20:39.066,4839066,12,2,1:48.095,233.261,Finished
4663,218,500,73,5,2,2,2,2,8,44,+4.695,4843761,34,1,1:48.036,233.388,Finished
4664,218,17,135,1,3,3,3,3,6,44,+14.343,4853409,44,3,1:48.182,233.073,Finished
4665,218,335,135,2,4,4,4,4,5,44,+23.615,4862681,41,4,1:48.215,233.002,Finished
4666,218,350,20,9,6,5,5,5,4,44,+51.879,4890945,33,5,1:48.663,232.042,Finished
4667,218,656,212,16,5,6,6,6,3,44,+1:16.876,4915942,29,9,1:49.769,229.704,Finished
4668,218,811,169,15,7,7,7,7,2,44,+1:20.639,4919705,12,11,1:50.049,229.119,Finished
4669,218,420,170,4,9,8,8,8,1,44,+1:25.106,4924172,21,8,1:49.600,230.058,Finished
4670,218,423,20,10,14,9,9,9,0,44,+1:25.661,4924727,32,6,1:48.894,231.549,Finished
4671,218,697,201,11,10,10,10,10,0,44,+1:28.574,4927640,43,10,1:50.022,229.175,Finished
4672,218,778,201,12,8,11,11,11,0,44,+1:43.653,4942719,43,7,1:48.990,231.345,Finished
4673,218,461,200,18,13,12,12,12,0,43,\N,\N,40,13,1:50.730,227.710,+1 Lap
4674,218,53,87,8,17,13,13,13,0,43,\N,\N,43,12,1:50.678,227.817,+1 Lap
4675,218,746,185,20,19,14,14,14,0,43,\N,\N,29,15,1:50.902,227.357,+1 Lap
4676,218,679,190,22,18,15,15,15,0,43,\N,\N,32,14,1:50.886,227.390,+1 Lap
4677,218,201,190,23,20,16,16,16,0,43,\N,\N,43,19,1:51.391,226.359,+1 Lap
4678,218,838,185,21,21,17,17,17,0,43,\N,\N,30,20,1:51.648,225.838,+1 Lap
4679,218,138,87,7,12,18,R,18,0,36,\N,\N,22,16,1:51.141,226.868,Hydraulics
4680,218,837,212,17,15,19,R,19,0,34,\N,\N,18,18,1:51.270,226.605,Fuel pressure
4681,218,183,169,14,11,20,R,20,0,29,\N,\N,24,17,1:51.156,226.837,Hydraulics
4682,218,794,200,19,16,21,R,21,0,8,\N,\N,4,21,1:52.724,223.682,Steering
4683,218,250,170,3,22,22,R,22,0,1,\N,\N,\N,\N,\N,\N,Suspension
4684,219,335,135,2,1,1,1,1,10,67,2:00:34.579,7234579,27,1,1:28.193,186.259,Finished
4685,219,420,170,4,11,2,2,2,8,67,+8.377,7242956,34,9,1:29.655,183.222,Finished
4686,219,669,73,6,3,3,3,3,6,67,+9.478,7244057,29,8,1:29.619,183.295,Finished
4687,219,183,169,14,12,4,4,4,5,67,+20.297,7254876,56,11,1:30.086,182.345,Finished
4688,219,250,170,3,10,5,5,5,4,67,+38.864,7273443,33,12,1:30.387,181.738,Finished
4689,219,500,73,5,4,6,6,6,3,67,+49.042,7283621,32,7,1:29.588,183.359,Finished
4690,219,423,20,10,9,7,7,7,2,67,+49.285,7283864,32,4,1:29.021,184.527,Finished
4691,219,746,185,20,20,8,8,8,1,67,+1:00.129,7294708,54,18,1:31.891,178.763,Finished
4692,219,461,200,18,14,9,9,9,0,67,+1:20.622,7315201,35,13,1:30.653,181.205,Finished
4693,219,53,87,8,17,10,10,10,0,67,+1:28.342,7322921,57,15,1:31.060,180.395,Finished
4694,219,138,87,7,6,11,11,11,0,66,\N,\N,58,19,1:31.951,178.647,Suspension
4695,219,838,185,21,22,12,12,12,0,66,\N,\N,33,20,1:32.130,178.300,+1 Lap
4696,219,778,201,12,13,13,13,13,0,66,\N,\N,55,21,1:32.414,177.752,+1 Lap
4697,219,350,20,9,5,14,14,14,0,65,\N,\N,28,6,1:29.084,184.396,Technical
4698,219,679,190,22,21,15,15,15,0,65,\N,\N,54,16,1:31.507,179.514,Collision
4699,219,697,201,11,15,16,R,16,0,55,\N,\N,33,14,1:30.865,180.782,Puncture
4700,219,201,190,23,19,17,R,17,0,54,\N,\N,27,17,1:31.803,178.935,Throttle
4701,219,656,212,16,16,18,R,18,0,49,\N,\N,27,10,1:29.926,182.670,Electronics
4702,219,794,200,19,8,19,R,19,0,46,\N,\N,31,5,1:29.057,184.452,Collision
4703,219,811,169,15,7,20,R,20,0,45,\N,\N,30,3,1:28.940,184.695,Collision
4704,219,17,135,1,2,21,R,21,0,41,\N,\N,25,2,1:28.511,185.590,Accident
4705,219,837,212,17,18,22,R,22,0,19,\N,\N,19,22,2:05.636,130.749,Collision
4706,220,669,73,6,2,1,1,1,10,56,1:37:58.395,5878395,52,3,1:38.285,199.660,Finished
4707,220,17,135,1,4,2,2,2,8,56,+9.806,5888201,54,2,1:37.991,200.259,Finished
4708,220,500,73,5,3,3,3,3,6,56,+12.891,5891286,56,1,1:37.454,201.362,Finished
4709,220,794,200,19,17,4,4,4,5,56,+53.509,5931904,52,13,1:39.890,196.452,Finished
4710,220,138,87,7,10,5,5,5,4,56,+1:08.666,5947061,39,5,1:38.913,198.392,Finished
4711,220,461,200,18,11,6,6,6,3,56,+1:13.673,5952068,53,11,1:39.654,196.917,Finished
4712,220,350,20,9,8,7,7,7,2,56,+1:14.224,5952619,55,7,1:39.325,197.569,Finished
4713,220,183,169,14,5,8,8,8,1,56,+1:20.750,5959145,55,10,1:39.640,196.945,Finished
4714,220,420,170,4,13,9,9,9,0,56,+1:21.186,5959581,52,8,1:39.331,197.557,Finished
4715,220,811,169,15,7,10,10,10,0,56,+1:24.685,5963080,55,9,1:39.371,197.478,Finished
4716,220,250,170,3,18,11,11,11,0,56,+1:26.683,5965078,39,4,1:38.900,198.418,Finished
4717,220,837,212,17,19,12,12,12,0,55,\N,\N,54,12,1:39.743,196.741,+1 Lap
4718,220,778,201,12,12,13,13,13,0,55,\N,\N,55,14,1:39.911,196.410,+1 Lap
4719,220,679,190,22,20,14,14,14,0,55,\N,\N,54,15,1:40.126,195.989,+1 Lap
4720,220,53,87,8,16,15,15,15,0,55,\N,\N,55,16,1:40.516,195.228,+1 Lap
4721,220,656,212,16,15,16,16,16,0,54,\N,\N,54,6,1:39.233,197.752,+2 Laps
4722,220,838,185,21,22,17,17,17,0,53,\N,\N,52,17,1:40.764,194.748,+3 Laps
4723,220,423,20,10,9,18,R,18,0,33,\N,\N,32,18,1:40.926,194.435,Hydraulics
4724,220,335,135,2,1,19,R,19,0,30,\N,\N,22,19,1:43.131,190.278,Spun off
4725,220,697,201,11,6,20,R,20,0,25,\N,\N,25,20,1:44.062,188.576,Spun off
4726,220,746,185,20,21,21,R,21,0,24,\N,\N,22,21,1:47.603,182.370,Accident
4727,220,201,190,23,14,22,R,22,0,11,\N,\N,9,22,1:51.765,175.579,Brakes
4728,221,669,73,6,3,1,1,1,10,71,1:28:15.270,5295270,66,1,1:12.445,214.126,Finished
4729,221,500,73,5,1,2,2,2,8,71,+1.493,5296763,71,3,1:12.584,213.716,Finished
4730,221,17,135,1,4,3,3,3,6,71,+57.019,5352289,59,6,1:13.150,212.062,Finished
4731,221,656,212,16,10,4,4,4,5,71,+1:02.848,5358118,56,7,1:13.159,212.036,Finished
4732,221,423,20,10,7,5,5,5,4,71,+1:10.957,5366227,61,4,1:12.686,213.416,Finished
4733,221,350,20,9,6,6,6,6,3,71,+1:11.317,5366587,53,10,1:13.452,211.190,Finished
4734,221,335,135,2,2,7,7,7,2,70,\N,\N,58,2,1:12.506,213.946,+1 Lap
4735,221,778,201,12,8,8,8,8,1,70,\N,\N,68,8,1:13.361,211.452,+1 Lap
4736,221,183,169,14,9,9,9,9,0,70,\N,\N,22,13,1:14.195,209.076,+1 Lap
4737,221,543,212,17,19,10,10,10,0,70,\N,\N,69,5,1:13.116,212.161,+1 Lap
4738,221,697,201,11,15,11,11,11,0,70,\N,\N,65,9,1:13.368,211.432,+1 Lap
4739,221,679,190,22,18,12,12,12,0,69,\N,\N,39,19,1:14.914,207.069,+2 Laps
4740,221,461,200,18,14,13,13,13,0,69,\N,\N,56,11,1:13.643,210.643,+2 Laps
4741,221,201,190,23,20,14,14,14,0,68,\N,\N,64,14,1:14.329,208.699,+3 Laps
4742,221,746,185,20,21,15,R,15,0,43,\N,\N,13,20,1:15.202,206.276,Brakes
4743,221,53,87,8,11,16,R,16,0,40,\N,\N,32,17,1:14.742,207.545,Engine
4744,221,420,170,4,17,17,R,17,0,35,\N,\N,31,18,1:14.891,207.133,Accident
4745,221,794,200,19,13,18,R,18,0,34,\N,\N,18,16,1:14.423,208.435,Hydraulics
4746,221,138,87,7,16,19,R,19,0,20,\N,\N,20,12,1:14.039,209.516,Engine
4747,221,811,169,15,5,20,R,20,0,14,\N,\N,13,15,1:14.398,208.505,Gearbox
4748,221,838,185,21,22,21,R,21,0,2,\N,\N,2,21,1:50.404,140.505,Collision
4749,221,250,170,3,12,22,R,22,0,2,\N,\N,2,22,2:02.680,126.446,Collision
4750,222,335,135,22,1,1,1,1,10,58,1:34:50.616,5690616,39,2,1:27.452,218.300,Finished
4751,222,350,20,3,5,2,2,2,8,58,+5.478,5696094,41,3,1:27.739,217.586,Finished
4752,222,656,212,7,7,3,3,3,6,58,+8.163,5698779,41,5,1:28.090,216.719,Finished
4753,222,17,170,5,11,4,4,4,5,58,+17.181,5707797,58,7,1:28.603,215.464,Finished
4754,222,420,135,23,3,5,5,5,4,58,+18.014,5708630,43,1,1:27.418,218.385,Finished
4755,222,543,212,8,13,6,6,6,3,57,\N,\N,50,14,1:29.639,212.974,+1 Lap
4756,222,104,200,14,17,7,7,7,2,55,\N,\N,54,8,1:29.534,213.224,Engine
4757,222,669,73,1,15,8,8,8,1,53,\N,\N,20,4,1:27.903,217.180,Engine
4758,222,423,20,4,2,9,R,9,0,47,\N,\N,15,9,1:28.753,215.100,Collision
4759,222,304,201,12,18,10,R,10,0,43,\N,\N,23,13,1:29.558,213.166,Accident
4760,222,679,190,18,19,11,R,11,0,32,\N,\N,24,15,1:30.892,210.038,Transmission
4761,222,604,170,6,20,12,R,12,0,30,\N,\N,20,16,1:31.384,208.907,Clutch
4762,222,500,73,2,4,13,R,13,0,29,\N,\N,23,6,1:28.175,216.510,Engine
4763,222,183,169,9,8,14,R,14,0,25,\N,\N,21,11,1:29.502,213.300,Collision
4764,222,778,201,11,6,15,R,15,0,19,\N,\N,18,10,1:29.310,213.758,Electrical
4765,222,746,77,20,22,16,R,16,0,8,\N,\N,8,17,1:32.021,207.461,Hydraulics
4766,222,811,169,10,14,17,R,17,0,0,\N,\N,\N,\N,\N,\N,Collision
4767,222,138,87,16,12,18,R,18,0,0,\N,\N,\N,\N,\N,\N,Collision
4768,222,201,190,19,21,19,R,19,0,0,\N,\N,\N,\N,\N,\N,Collision
4769,222,794,200,15,9,20,R,20,0,0,\N,\N,\N,\N,\N,\N,Collision
4770,222,250,77,21,16,21,R,21,0,0,\N,\N,\N,\N,\N,\N,Collision
4771,222,53,87,17,10,22,D,22,0,58,\N,\N,44,8,1:28.736,215.141,Disqualified
4772,223,669,73,1,2,1,1,1,10,56,1:31:18.555,5478555,37,2,1:35.405,209.158,Finished
4773,223,423,20,4,4,2,2,2,8,56,+19.570,5498125,39,6,1:35.921,208.033,Finished
4774,223,420,135,23,8,3,3,3,6,56,+38.450,5517005,19,7,1:35.922,208.031,Finished
4775,223,778,201,11,3,4,4,4,5,56,+45.832,5524387,53,8,1:36.068,207.715,Finished
4776,223,335,135,22,9,5,5,5,4,56,+46.548,5525103,53,3,1:35.462,209.033,Finished
4777,223,350,20,3,5,6,6,6,3,56,+49.833,5528388,55,1,1:35.366,209.244,Finished
4778,223,811,169,10,6,7,7,7,2,56,+1:08.130,5546685,53,12,1:36.696,206.366,Finished
4779,223,17,170,5,7,8,8,8,1,56,+1:10.041,5548596,40,10,1:36.288,207.240,Finished
4780,223,183,169,9,12,9,9,9,0,56,+1:16.220,5554775,55,9,1:36.206,207.417,Finished
4781,223,138,87,16,11,10,10,10,0,56,+1:26.214,5564769,56,4,1:35.715,208.481,Finished
4782,223,604,170,6,13,11,11,11,0,56,+1:32.202,5570757,52,15,1:36.956,205.812,Finished
4783,223,250,77,21,17,12,12,12,0,55,\N,\N,52,16,1:36.962,205.800,+1 Lap
4784,223,53,87,17,14,13,13,13,0,55,\N,\N,55,11,1:36.693,206.372,+1 Lap
4785,223,656,212,7,16,14,14,14,0,55,\N,\N,55,13,1:36.782,206.182,+1 Lap
4786,223,201,190,19,21,15,15,15,0,55,\N,\N,55,18,1:38.171,203.265,+1 Lap
4787,223,679,190,18,19,16,16,16,0,54,\N,\N,53,19,1:38.504,202.578,+2 Laps
4788,223,543,212,8,22,17,17,17,0,54,\N,\N,19,17,1:37.711,204.222,+2 Laps
4789,223,794,200,15,15,18,R,18,0,39,\N,\N,37,14,1:36.870,205.995,Engine
4790,223,500,73,2,1,19,R,19,0,30,\N,\N,15,5,1:35.914,208.048,Spun off
4791,223,746,77,20,20,20,R,20,0,5,\N,\N,3,20,1:40.330,198.891,Hydraulics
4792,223,304,201,12,10,21,R,21,0,1,\N,\N,\N,\N,\N,\N,Collision
4793,223,104,200,14,18,22,R,22,0,0,\N,\N,\N,\N,\N,\N,Spun off
4794,224,500,73,2,2,1,1,1,10,57,1:31:06.970,5466970,38,3,1:33.600,208.153,Finished
4795,224,669,73,1,4,2,2,2,8,57,+3.339,5470309,35,4,1:33.709,207.911,Finished
4796,224,423,20,4,1,3,3,3,6,57,+4.998,5471968,55,5,1:33.775,207.765,Finished
4797,224,350,20,3,6,4,4,4,5,57,+8.409,5475379,48,2,1:33.565,208.231,Finished
4798,224,420,135,23,5,5,5,5,4,57,+26.789,5493759,49,1,1:33.193,209.062,Finished
4799,224,778,201,11,7,6,6,6,3,57,+41.314,5508284,45,7,1:34.204,206.819,Finished
4800,224,811,169,10,11,7,7,7,2,57,+45.473,5512443,51,8,1:34.305,206.597,Finished
4801,224,656,212,7,8,8,8,8,1,57,+55.889,5522859,57,6,1:34.072,207.109,Finished
4802,224,304,201,12,13,9,9,9,0,57,+1:09.500,5536470,56,9,1:34.807,205.503,Finished
4803,224,17,170,5,10,10,10,10,0,57,+1:17.181,5544151,35,13,1:35.194,204.668,Finished
4804,224,53,87,17,12,11,11,11,0,57,+1:17.862,5544832,40,10,1:34.855,205.399,Finished
4805,224,250,77,21,18,12,12,12,0,56,\N,\N,56,11,1:35.057,204.963,+1 Lap
4806,224,335,135,22,3,13,13,13,0,56,\N,\N,25,19,1:35.520,203.969,+1 Lap
4807,224,543,212,8,16,14,14,14,0,56,\N,\N,30,17,1:35.433,204.155,+1 Lap
4808,224,104,200,14,15,15,15,15,0,56,\N,\N,33,15,1:35.333,204.369,+1 Lap
4809,224,201,190,19,21,16,16,16,0,56,\N,\N,45,14,1:35.324,204.389,+1 Lap
4810,224,679,190,18,22,17,17,17,0,56,\N,\N,56,20,1:35.891,203.180,+1 Lap
4811,224,183,169,9,17,18,18,18,0,56,\N,\N,43,16,1:35.351,204.331,+1 Lap
4812,224,746,77,20,20,19,19,19,0,56,\N,\N,55,18,1:35.442,204.136,+2 Laps
4813,224,604,170,6,14,20,R,20,0,40,\N,\N,31,12,1:35.129,204.808,Gearbox
4814,224,138,87,16,9,21,R,21,0,19,\N,\N,11,21,1:36.125,202.686,Collision
4815,224,794,200,15,19,22,R,22,0,0,\N,\N,\N,\N,\N,\N,Engine
4816,225,669,73,1,1,1,1,1,10,66,1:38:19.051,5899051,46,1,1:21.670,205.191,Finished
4817,225,500,73,2,3,2,2,2,8,66,+3.228,5902279,45,2,1:21.801,204.863,Finished
4818,225,335,135,22,5,3,3,3,6,66,+4.187,5903238,20,3,1:22.017,204.323,Finished
4819,225,423,20,4,4,4,4,4,5,66,+5.694,5904745,20,4,1:22.106,204.102,Finished
4820,225,811,169,10,7,5,5,5,4,66,+35.938,5934989,19,8,1:22.564,202.969,Finished
4821,225,138,87,16,13,6,6,6,3,66,+53.010,5952061,66,5,1:22.353,203.489,Finished
4822,225,543,212,8,12,7,7,7,2,66,+58.244,5957295,48,15,1:23.549,200.576,Finished
4823,225,778,201,11,8,8,8,8,1,66,+59.435,5958486,45,10,1:22.758,202.494,Finished
4824,225,350,20,3,9,9,9,9,0,66,+1:03.073,5962124,21,7,1:22.519,203.080,Finished
4825,225,250,77,21,19,10,10,10,0,65,\N,\N,40,14,1:23.439,200.841,+1 Lap
4826,225,304,201,12,14,11,11,11,0,65,\N,\N,57,12,1:23.007,201.886,+1 Lap
4827,225,183,169,9,17,12,12,12,0,65,\N,\N,57,11,1:22.842,202.288,+1 Lap
4828,225,679,190,18,22,13,13,13,0,65,\N,\N,34,17,1:24.617,198.045,+1 Lap
4829,225,656,212,7,15,14,R,14,0,41,\N,\N,20,13,1:23.319,201.130,Engine
4830,225,17,170,5,2,15,R,15,0,34,\N,\N,15,9,1:22.683,202.677,Engine
4831,225,53,87,17,11,16,R,16,0,34,\N,\N,21,16,1:23.858,199.837,Collision
4832,225,420,135,23,6,17,R,17,0,21,\N,\N,19,6,1:22.453,203.243,Accident
4833,225,201,190,19,21,18,R,18,0,8,\N,\N,6,20,1:26.864,192.922,Radiator
4834,225,104,200,14,16,19,R,19,0,7,\N,\N,6,19,1:25.999,194.862,Collision
4835,225,604,170,6,10,20,R,20,0,6,\N,\N,6,18,1:25.444,196.128,Collision
4836,225,746,77,20,20,21,R,21,0,0,\N,\N,\N,\N,\N,\N,Collision
4837,225,794,200,15,18,22,R,22,0,0,\N,\N,\N,\N,\N,\N,Collision
4838,226,500,73,2,1,1,1,1,10,58,1:26:49.451,5209451,16,3,1:26.666,221.734,Finished
4839,226,335,135,22,3,2,2,2,8,58,+3.779,5213230,31,2,1:26.529,222.085,Finished
4840,226,669,73,1,4,3,3,3,6,58,+4.271,5213722,20,1,1:26.506,222.144,Finished
4841,226,423,20,4,5,4,4,4,5,58,+21.945,5231396,17,4,1:26.780,221.442,Finished
4842,226,350,20,3,9,5,5,5,4,58,+38.741,5248192,20,5,1:27.219,220.328,Finished
4843,226,17,170,5,7,6,6,6,3,58,+53.724,5263175,57,6,1:27.280,220.174,Finished
4844,226,811,169,10,6,7,7,7,2,58,+1:04.229,5273680,14,7,1:27.630,219.294,Finished
4845,226,656,212,7,11,8,8,8,1,58,+1:11.406,5280857,55,9,1:27.795,218.882,Finished
4846,226,183,169,9,10,9,9,9,0,58,+1:15.270,5284721,41,12,1:27.966,218.457,Finished
4847,226,778,201,11,8,10,10,10,0,58,+1:16.344,5285795,52,11,1:27.926,218.556,Finished
4848,226,138,87,16,13,11,11,11,0,57,\N,\N,57,13,1:27.998,218.377,+1 Lap
4849,226,420,135,23,2,12,12,12,0,57,\N,\N,55,8,1:27.640,219.269,+1 Lap
4850,226,304,201,12,15,13,13,13,0,57,\N,\N,28,16,1:28.303,217.623,+1 Lap
4851,226,53,87,17,12,14,14,14,0,57,\N,\N,56,14,1:28.017,218.330,+1 Lap
4852,226,604,170,6,17,15,15,15,0,57,\N,\N,40,10,1:27.867,218.703,+1 Lap
4853,226,746,77,20,19,16,16,16,0,57,\N,\N,35,18,1:28.780,216.454,+1 Lap
4854,226,794,200,15,14,17,17,17,0,57,\N,\N,38,15,1:28.180,217.926,+1 Lap
4855,226,104,200,14,18,18,R,18,0,24,\N,\N,19,17,1:28.745,216.539,Suspension
4856,226,543,212,8,16,19,R,19,0,1,\N,\N,\N,\N,\N,\N,Collision
4857,226,250,77,21,20,20,R,20,0,0,\N,\N,\N,\N,\N,\N,Collision
4858,227,335,135,22,3,1,1,1,10,76,2:00:42.742,7242742,71,6,1:18.510,153.152,Finished
4859,227,423,20,4,5,2,2,2,8,76,+3.064,7245806,75,5,1:17.933,154.286,Finished
4860,227,500,73,2,1,3,3,3,6,76,+4.811,7247553,76,4,1:17.886,154.379,Finished
4861,227,811,169,10,9,4,4,4,5,76,+19.295,7262037,74,8,1:19.036,152.133,Finished
4862,227,794,200,15,19,5,5,5,4,76,+24.657,7267399,74,7,1:18.787,152.614,Finished
4863,227,53,87,17,14,6,6,6,3,76,+28.408,7271150,75,9,1:19.574,151.104,Finished
4864,227,543,212,8,13,7,7,7,2,76,+30.180,7272922,75,13,1:19.910,150.469,Finished
4865,227,420,135,23,4,8,8,8,1,76,+33.191,7275933,74,2,1:17.282,155.586,Finished
4866,227,669,73,1,2,9,9,9,0,76,+33.792,7276534,74,1,1:16.689,156.789,Finished
4867,227,17,170,5,7,10,10,10,0,75,\N,\N,73,3,1:17.869,154.413,+1 Lap
4868,227,138,87,16,11,11,11,11,0,75,\N,\N,74,10,1:19.582,151.089,+1 Lap
4869,227,304,201,12,10,12,12,12,0,75,\N,\N,75,11,1:19.618,151.021,+1 Lap
4870,227,778,201,11,8,13,13,13,0,75,\N,\N,75,12,1:19.830,150.620,+1 Lap
4871,227,350,20,3,12,14,14,14,0,72,\N,\N,72,14,1:20.251,149.829,+4 Laps
4872,227,746,77,20,18,15,R,15,0,67,\N,\N,60,16,1:22.039,146.564,Collision
4873,227,656,212,7,6,16,R,16,0,59,\N,\N,58,15,1:21.270,147.951,Accident
4874,227,604,170,6,17,17,R,17,0,47,\N,\N,40,17,1:31.187,131.860,Accident
4875,227,250,77,21,20,18,R,18,0,36,\N,\N,33,18,1:32.849,129.500,Gearbox
4876,227,183,169,9,15,19,R,19,0,7,\N,\N,7,20,1:42.112,117.753,Accident
4877,227,104,200,14,16,20,R,20,0,7,\N,\N,7,19,1:41.150,118.872,Collision
4878,228,423,20,4,2,1,1,1,10,70,1:36:24.227,5784227,47,4,1:17.539,202.473,Finished
4879,228,350,20,3,8,2,2,2,8,70,+16.495,5800722,25,2,1:17.430,202.758,Finished
4880,228,183,169,9,13,3,3,3,6,70,+23.352,5807579,36,7,1:18.085,201.057,Finished
4881,228,304,201,12,11,4,4,4,5,70,+42.627,5826854,31,17,1:19.087,198.510,Finished
4882,228,500,73,2,6,5,5,5,4,70,+43.934,5828161,11,6,1:18.006,201.261,Finished
4883,228,778,201,11,14,6,6,6,3,70,+47.775,5832002,38,15,1:18.870,199.056,Finished
4884,228,53,87,17,9,7,7,7,2,70,+53.597,5837824,35,10,1:18.301,200.503,Finished
4885,228,794,200,15,19,8,8,8,1,70,+54.120,5838347,33,12,1:18.532,199.913,Finished
4886,228,420,135,23,7,9,9,9,0,70,+54.433,5838660,62,11,1:18.462,200.091,Finished
4887,228,656,212,7,5,10,10,10,0,70,+54.749,5838976,14,5,1:17.977,201.336,Finished
4888,228,138,87,16,20,11,11,11,0,70,+1:07.540,5851767,58,19,1:19.352,197.847,Finished
4889,228,811,169,10,10,12,12,12,0,70,+1:11.299,5855526,51,8,1:18.201,200.759,Finished
4890,228,104,200,14,18,13,13,13,0,69,\N,\N,34,13,1:18.620,199.689,+1 Lap
4891,228,250,77,21,17,14,R,14,0,51,\N,\N,41,16,1:19.066,198.563,Spun off
4892,228,543,212,8,12,15,R,15,0,46,\N,\N,30,14,1:18.784,199.273,Accident
4893,228,17,170,5,4,16,R,16,0,44,\N,\N,16,9,1:18.225,200.697,Spun off
4894,228,604,170,6,15,17,R,17,0,43,\N,\N,16,18,1:19.239,198.129,Brakes
4895,228,669,73,1,3,18,R,18,0,19,\N,\N,14,1,1:17.387,202.871,Collision
4896,228,335,135,22,1,19,R,19,0,19,\N,\N,4,3,1:17.506,202.559,Collision
4897,228,746,77,20,16,20,R,20,0,13,\N,\N,7,20,1:20.666,194.624,Gearbox
4898,229,500,73,2,2,1,1,1,10,70,1:31:50.245,5510245,20,2,1:16.729,206.956,Finished
4899,229,669,73,1,1,2,2,2,8,70,+17.984,5528229,16,1,1:16.630,207.224,Finished
4900,229,778,201,11,4,3,3,3,6,70,+28.250,5538495,12,7,1:17.567,204.721,Finished
4901,229,420,135,23,10,4,4,4,5,70,+28.929,5539174,46,3,1:17.134,205.870,Finished
4902,229,423,20,4,5,5,5,5,4,70,+30.512,5540757,16,4,1:17.172,205.768,Finished
4903,229,811,169,10,6,6,6,6,3,70,+40.304,5550549,22,6,1:17.507,204.879,Finished
4904,229,604,170,6,9,7,7,7,2,70,+41.033,5551278,24,10,1:17.758,204.218,Finished
4905,229,17,170,5,3,8,8,8,1,70,+43.372,5553617,39,8,1:17.641,204.525,Finished
4906,229,183,169,9,7,9,9,9,0,70,+51.021,5561266,23,12,1:17.818,204.060,Finished
4907,229,335,135,22,13,10,10,10,0,70,+54.538,5564783,40,5,1:17.453,205.022,Finished
4908,229,304,201,12,8,11,11,11,0,70,+57.700,5567945,45,13,1:17.836,204.013,Finished
4909,229,794,200,15,12,12,12,12,0,70,+58.065,5568310,36,11,1:17.760,204.212,Finished
4910,229,350,20,3,11,13,13,13,0,70,+1:02.079,5572324,46,9,1:17.716,204.328,Finished
4911,229,53,87,17,20,14,14,14,0,69,\N,\N,54,14,1:17.969,203.665,+1 Lap
4912,229,543,212,8,15,15,15,15,0,69,\N,\N,60,15,1:18.054,203.443,+1 Lap
4913,229,656,212,7,19,16,16,16,0,69,\N,\N,38,17,1:18.311,202.776,+1 Lap
4914,229,104,200,14,14,17,17,17,0,69,\N,\N,28,16,1:18.216,203.022,+1 Lap
4915,229,250,77,21,17,18,18,18,0,69,\N,\N,53,19,1:18.557,202.141,+1 Lap
4916,229,746,77,20,18,19,19,19,0,69,\N,\N,41,18,1:18.462,202.385,+1 Lap
4917,229,138,87,16,16,20,R,20,0,16,\N,\N,15,20,1:20.876,196.345,Collision
4918,230,335,135,22,4,1,1,1,10,60,1:39:09.440,5949440,16,3,1:32.817,199.398,Finished
4919,230,350,20,3,5,2,2,2,8,60,+1:08.577,6018017,21,2,1:32.719,199.609,Finished
4920,230,53,87,17,16,3,3,3,6,60,+1:22.273,6031713,21,11,1:33.386,198.183,Finished
4921,230,669,73,1,3,4,4,4,5,59,\N,\N,18,1,1:32.150,200.842,+1 Lap
4922,230,420,135,23,1,5,5,5,4,59,\N,\N,17,5,1:33.130,198.728,+1 Lap
4923,230,17,170,5,6,6,6,6,3,59,\N,\N,17,6,1:33.133,198.722,+1 Lap
4924,230,778,201,11,14,7,7,7,2,59,\N,\N,22,13,1:33.808,197.292,+1 Lap
4925,230,543,212,8,15,8,8,8,1,59,\N,\N,21,14,1:34.277,196.310,+1 Lap
4926,230,656,212,7,20,9,9,9,0,59,\N,\N,21,16,1:34.797,195.234,+1 Lap
4927,230,811,169,10,2,10,10,10,0,59,\N,\N,17,4,1:32.952,199.109,+1 Lap
4928,230,104,200,14,13,11,11,11,0,59,\N,\N,21,9,1:33.367,198.224,+1 Lap
4929,230,304,201,12,12,12,12,12,0,59,\N,\N,19,15,1:34.610,195.619,+1 Lap
4930,230,500,73,2,9,13,13,13,0,58,\N,\N,19,8,1:33.257,198.458,+2 Laps
4931,230,423,20,4,10,14,R,14,0,39,\N,\N,22,12,1:33.539,197.859,Spun off
4932,230,138,87,16,17,15,R,15,0,38,\N,\N,21,10,1:33.376,198.205,Spun off
4933,230,604,170,6,7,16,R,16,0,35,\N,\N,21,7,1:33.203,198.573,Spun off
4934,230,250,77,21,19,17,R,17,0,16,\N,\N,21,17,1:34.930,194.960,Spun off
4935,230,746,77,20,18,18,R,18,0,10,\N,\N,5,18,1:38.160,188.545,Spun off
4936,230,794,200,15,8,19,R,19,0,0,\N,\N,\N,\N,\N,\N,Collision
4937,230,183,169,9,11,20,R,20,0,0,\N,\N,\N,\N,\N,\N,Collision
4938,231,335,135,22,1,1,1,1,10,67,1:31:20.874,5480874,17,2,1:16.039,216.552,Finished
4939,231,604,170,6,17,2,2,2,8,67,+5.586,5486460,66,9,1:16.910,214.099,Finished
4940,231,500,73,2,2,3,3,3,6,67,+9.339,5490213,19,5,1:16.502,215.241,Finished
4941,231,350,20,3,12,4,4,4,5,67,+9.825,5490699,52,1,1:15.987,216.700,Finished
4942,231,420,135,23,3,5,5,5,4,67,+12.411,5493285,63,4,1:16.495,215.261,Finished
4943,231,669,73,1,6,6,6,6,3,67,+14.403,5495277,66,3,1:16.342,215.692,Finished
4944,231,423,20,4,7,7,7,7,2,67,+22.682,5503556,17,6,1:16.610,214.937,Finished
4945,231,794,200,15,9,8,8,8,1,67,+33.299,5514173,20,8,1:16.772,214.484,Finished
4946,231,778,201,11,4,9,9,9,0,67,+37.158,5518032,17,12,1:17.023,213.785,Finished
4947,231,656,212,7,13,10,10,10,0,67,+37.625,5518499,34,15,1:17.380,212.799,Finished
4948,231,17,170,5,5,11,11,11,0,67,+38.600,5519474,17,13,1:17.115,213.530,Finished
4949,231,104,200,14,15,12,12,12,0,67,+39.111,5519985,63,10,1:16.969,213.935,Finished
4950,231,183,169,9,10,13,13,13,0,67,+54.971,5535845,18,11,1:16.994,213.866,Finished
4951,231,543,212,8,16,14,14,14,0,67,+1:00.003,5540877,23,17,1:17.691,211.947,Finished
4952,231,746,77,20,19,15,15,15,0,67,+1:09.488,5550362,66,18,1:17.889,211.408,Finished
4953,231,250,77,21,20,16,16,16,0,67,+1:24.093,5564967,67,20,1:18.208,210.546,Finished
4954,231,138,87,16,14,17,17,17,0,66,\N,\N,56,16,1:17.636,212.097,+1 Lap
4955,231,53,87,17,18,18,R,18,0,50,\N,\N,30,19,1:17.986,211.145,Collision
4956,231,811,169,10,8,19,R,19,0,40,\N,\N,20,14,1:17.206,213.278,Engine
4957,231,304,201,12,11,20,R,20,0,35,\N,\N,24,7,1:16.712,214.652,Suspension
4958,232,420,135,23,2,1,1,1,10,70,1:37:27.067,5847067,19,7,1:21.753,192.917,Finished
4959,232,304,201,12,5,2,2,2,8,70,+11.061,5858128,42,6,1:21.671,193.111,Finished
4960,232,669,73,1,6,3,3,3,6,70,+16.856,5863923,61,1,1:21.195,194.243,Finished
4961,232,17,170,5,7,4,4,4,5,70,+21.614,5868681,47,8,1:21.793,192.823,Finished
4962,232,335,135,22,1,5,5,5,4,70,+23.048,5870115,15,3,1:21.493,193.533,Finished
4963,232,604,170,6,10,6,6,6,3,70,+32.298,5879365,64,4,1:21.537,193.428,Finished
4964,232,778,201,11,9,7,7,7,2,70,+36.449,5883516,65,5,1:21.638,193.189,Finished
4965,232,423,20,4,4,8,8,8,1,70,+48.321,5895388,70,9,1:21.941,192.475,Finished
4966,232,811,169,10,8,9,9,9,0,70,+58.834,5905901,67,10,1:22.125,192.043,Finished
4967,232,350,20,3,15,10,10,10,0,70,+1:07.709,5914776,67,11,1:22.183,191.908,Finished
4968,232,183,169,9,13,11,11,11,0,70,+1:10.407,5917474,67,16,1:22.732,190.634,Finished
4969,232,138,87,16,12,12,12,12,0,69,\N,\N,63,13,1:22.397,191.409,+1 Lap
4970,232,543,212,8,16,13,13,13,0,69,\N,\N,67,18,1:23.307,189.319,+1 Lap
4971,232,656,212,7,14,14,14,14,0,69,\N,\N,57,12,1:22.397,191.409,+1 Lap
4972,232,250,77,21,18,15,15,15,0,69,\N,\N,68,15,1:22.641,190.844,+1 Lap
4973,232,53,87,17,17,16,16,16,0,68,\N,\N,65,14,1:22.436,191.319,+2 Laps
4974,232,500,73,2,3,17,17,17,0,67,\N,\N,16,2,1:21.355,193.861,Engine
4975,232,104,200,14,19,18,18,18,0,67,\N,\N,29,17,1:23.220,189.516,+3 Laps
4976,232,746,77,20,20,19,R,19,0,62,\N,\N,29,19,1:23.650,188.542,Brakes
4977,232,794,200,15,11,20,R,20,0,22,\N,\N,17,20,1:24.222,187.262,Overheating
4978,233,500,73,2,1,1,1,1,10,57,1:35:32.339,5732339,36,1,1:38.708,197.637,Finished
4979,233,335,135,22,2,2,2,2,8,57,+5.611,5737950,16,2,1:38.884,197.285,Finished
4980,233,423,20,4,3,3,3,3,6,57,+37.353,5769692,38,4,1:39.330,196.399,Finished
4981,233,420,135,23,5,4,4,4,5,57,+39.703,5772042,19,3,1:39.112,196.831,Finished
4982,233,778,201,11,7,5,5,5,4,57,+50.684,5783023,37,12,1:39.657,195.755,Finished
4983,233,794,200,15,6,6,6,6,3,57,+52.625,5784964,36,6,1:39.485,196.093,Finished
4984,233,304,201,12,13,7,7,7,2,57,+1:07.990,5800329,54,8,1:39.535,195.995,Finished
4985,233,656,212,7,9,8,8,8,1,57,+1:11.457,5803796,35,10,1:39.577,195.912,Finished
4986,233,350,20,3,8,9,9,9,0,57,+1:22.177,5814516,57,7,1:39.526,196.013,Finished
4987,233,104,200,14,10,10,10,10,0,57,+1:29.794,5822133,35,11,1:39.639,195.790,Finished
4988,233,604,170,6,15,11,11,11,0,57,+1:32.717,5825056,29,9,1:39.544,195.977,Finished
4989,233,811,169,10,14,12,12,12,0,56,\N,\N,27,14,1:40.264,194.570,+1 Lap
4990,233,138,87,16,16,13,13,13,0,56,\N,\N,21,18,1:40.763,193.606,+1 Lap
4991,233,250,77,21,18,14,14,14,0,56,\N,\N,54,15,1:40.353,194.397,+1 Lap
4992,233,543,212,8,11,15,15,15,0,56,\N,\N,56,13,1:39.803,195.469,+1 Lap
4993,233,53,87,17,19,16,16,16,0,56,\N,\N,56,16,1:40.593,193.933,+1 Lap
4994,233,183,169,9,17,17,17,17,0,56,\N,\N,13,19,1:40.978,193.194,+1 Lap
4995,233,669,73,1,4,18,R,18,0,45,\N,\N,34,5,1:39.424,196.214,Engine
4996,233,746,77,20,20,19,R,19,0,41,\N,\N,28,17,1:40.661,193.802,Accident
4997,233,17,170,5,12,20,R,20,0,0,\N,\N,\N,\N,\N,\N,Collision
4998,234,500,73,2,2,1,1,1,10,44,1:22:59.394,4979394,26,3,1:48.222,232.987,Finished
4999,234,350,20,3,5,2,2,2,8,44,+9.383,4988777,36,7,1:49.067,231.182,Finished
5000,234,335,135,22,1,3,3,3,6,44,+10.539,4989933,20,2,1:48.135,233.175,Finished
5001,234,17,170,5,6,4,4,4,5,44,+14.478,4993872,25,9,1:49.238,230.820,Finished
5002,234,794,200,15,10,5,5,5,4,44,+14.576,4993970,16,8,1:49.086,231.142,Finished
5003,234,423,20,4,8,6,6,6,3,44,+15.037,4994431,36,5,1:48.965,231.399,Finished
5004,234,104,200,14,9,7,7,7,2,44,+16.735,4996129,31,6,1:49.002,231.320,Finished
5005,234,811,169,10,7,8,8,8,1,44,+42.776,5022170,34,10,1:49.515,230.236,Finished
5006,234,304,201,12,13,9,9,9,0,44,+1:07.045,5046439,37,12,1:50.255,228.691,Finished
5007,234,420,135,23,3,10,10,10,0,43,\N,\N,35,4,1:48.223,232.985,Gearbox
5008,234,183,169,9,14,11,11,11,0,43,\N,\N,19,11,1:50.177,228.853,+1 Lap
5009,234,656,212,7,15,12,12,12,0,43,\N,\N,32,15,1:50.656,227.862,+1 Lap
5010,234,746,77,20,18,13,13,13,0,43,\N,\N,27,13,1:50.487,228.211,+1 Lap
5011,234,543,212,8,19,14,14,14,0,43,\N,\N,35,17,1:50.970,227.218,+1 Lap
5012,234,138,87,16,17,15,15,15,0,43,\N,\N,19,16,1:50.671,227.832,+1 Lap
5013,234,778,201,11,11,16,16,16,0,43,\N,\N,32,14,1:50.543,228.095,+1 Lap
5014,234,250,77,21,20,17,17,17,0,43,\N,\N,17,19,1:51.701,225.731,+1 Lap
5015,234,669,73,1,4,18,18,18,0,42,\N,\N,24,1,1:47.930,233.618,Spun off
5016,234,53,87,17,16,19,R,19,0,19,\N,\N,10,20,1:52.072,224.983,Gearbox
5017,234,604,170,6,12,20,R,20,0,13,\N,\N,12,18,1:51.118,226.915,Spun off
5018,235,794,200,15,1,1,1,1,10,53,1:26:47.494,5207494,53,14,1:30.510,230.414,Finished
5019,235,420,135,23,2,2,2,2,8,53,+12.512,5220006,53,13,1:30.300,230.950,Finished
5020,235,423,20,4,11,3,3,3,6,53,+20.471,5227965,52,12,1:30.298,230.955,Finished
5021,235,17,170,5,8,4,4,4,5,53,+23.903,5231397,51,9,1:29.961,231.820,Finished
5022,235,350,20,3,10,5,5,5,4,53,+27.748,5235242,53,6,1:29.807,232.217,Finished
5023,235,500,73,2,6,6,6,6,3,53,+28.816,5236310,52,4,1:29.696,232.505,Finished
5024,235,335,135,22,15,7,7,7,2,53,+29.912,5237406,52,5,1:29.721,232.440,Finished
5025,235,811,169,10,3,8,8,8,1,53,+32.048,5239542,52,3,1:29.681,232.544,Finished
5026,235,669,73,1,14,9,9,9,0,53,+39.468,5246962,53,1,1:28.047,236.859,Finished
5027,235,604,170,6,17,10,10,10,0,53,+54.445,5261939,53,16,1:30.918,229.380,Finished
5028,235,304,201,12,9,11,11,11,0,53,+58.888,5266382,53,8,1:29.948,231.853,Finished
5029,235,543,212,8,18,12,12,12,0,53,+1:02.015,5269509,53,11,1:30.215,231.167,Finished
5030,235,778,201,11,7,13,13,13,0,53,+1:05.954,5273448,52,15,1:30.853,229.544,Finished
5031,235,656,212,7,5,14,14,14,0,53,+1:08.635,5276129,53,10,1:30.019,231.671,Finished
5032,235,138,87,16,19,15,15,15,0,53,+1:13.370,5280864,52,7,1:29.827,232.166,Finished
5033,235,183,169,9,13,16,16,16,0,52,\N,\N,49,17,1:32.459,225.557,+1 Lap
5034,235,53,87,17,16,17,17,17,0,52,\N,\N,42,19,1:33.918,222.053,+1 Lap
5035,235,104,200,14,4,18,18,18,0,52,\N,\N,52,2,1:29.258,233.646,+1 Lap
5036,235,746,77,20,20,19,19,19,0,51,\N,\N,51,18,1:33.458,223.146,+2 Laps
5037,235,250,77,21,12,20,R,20,0,11,\N,\N,6,20,1:37.304,214.326,Accident
5038,236,17,170,5,15,1,1,1,10,61,1:57:16.304,7036304,55,3,1:45.768,172.464,Finished
5039,236,656,212,7,8,2,2,2,8,61,+2.957,7039261,39,5,1:46.454,171.352,Finished
5040,236,335,135,22,2,3,3,3,6,61,+5.917,7042221,14,4,1:46.072,171.969,Finished
5041,236,304,201,12,7,4,4,4,5,61,+8.155,7044459,50,8,1:47.044,170.408,Finished
5042,236,794,200,15,6,5,5,5,4,61,+10.268,7046572,13,9,1:47.271,170.047,Finished
5043,236,350,20,3,9,6,6,6,3,61,+11.101,7047405,14,11,1:47.306,169.992,Finished
5044,236,183,169,9,14,7,7,7,2,61,+16.387,7052691,41,13,1:47.562,169.587,Finished
5045,236,543,212,8,10,8,8,8,1,61,+18.489,7054793,13,10,1:47.287,170.022,Finished
5046,236,138,87,16,12,9,9,9,0,61,+19.885,7056189,61,15,1:48.128,168.700,Finished
5047,236,420,135,23,5,10,10,10,0,61,+26.902,7063206,14,12,1:47.337,169.943,Finished
5048,236,423,20,4,4,11,11,11,0,61,+27.975,7064279,14,6,1:46.899,170.639,Finished
5049,236,104,200,14,17,12,12,12,0,61,+29.432,7065736,29,14,1:47.820,169.181,Finished
5050,236,500,73,2,1,13,13,13,0,61,+35.170,7071474,13,2,1:45.757,172.482,Finished
5051,236,250,77,21,20,14,14,14,0,61,+43.571,7079875,28,16,1:49.101,167.195,Finished
5052,236,669,73,1,3,15,15,15,0,57,\N,\N,14,1,1:45.599,172.740,Accident
5053,236,778,201,11,11,16,R,16,0,50,\N,\N,32,7,1:46.972,170.523,Hydraulics
5054,236,746,77,20,19,17,R,17,0,49,\N,\N,38,18,1:49.270,166.936,Accident
5055,236,811,169,10,13,18,R,18,0,29,\N,\N,13,17,1:49.183,167.069,Transmission
5056,236,53,87,17,18,19,R,19,0,14,\N,\N,13,19,1:50.320,165.348,Mechanical
5057,236,604,170,6,16,20,R,20,0,13,\N,\N,13,20,1:50.449,165.154,Accident
5058,237,17,170,5,4,1,1,1,10,67,1:30:21.892,5421892,41,3,1:19.101,207.668,Finished
5059,237,423,20,4,6,2,2,2,8,67,+5.283,5427175,16,7,1:19.292,207.168,Finished
5060,237,669,73,1,2,3,3,3,6,67,+6.400,5428292,66,2,1:18.995,207.947,Finished
5061,237,604,170,6,12,4,4,4,5,67,+20.570,5442462,54,4,1:19.199,207.411,Finished
5062,237,778,201,11,7,5,5,5,4,67,+23.767,5445659,18,9,1:19.524,206.564,Finished
5063,237,794,200,15,9,6,6,6,3,67,+39.207,5461099,21,12,1:19.617,206.322,Finished
5064,237,500,73,2,5,7,7,7,2,67,+46.158,5468050,55,1,1:18.426,209.456,Finished
5065,237,811,169,10,13,8,8,8,1,67,+50.811,5472703,30,13,1:19.820,205.798,Finished
5066,237,350,20,3,16,9,9,9,0,67,+54.120,5476012,67,8,1:19.461,206.727,Finished
5067,237,104,200,14,10,10,10,10,0,67,+59.085,5480977,49,6,1:19.262,207.246,Finished
5068,237,656,212,7,15,11,11,11,0,67,+1:02.096,5483988,66,10,1:19.531,206.545,Finished
5069,237,335,135,22,1,12,12,12,0,67,+1:18.900,5500792,65,11,1:19.560,206.470,Finished
5070,237,53,87,17,17,13,13,13,0,66,\N,\N,66,16,1:20.575,203.869,+1 Lap
5071,237,138,87,16,18,14,14,14,0,66,\N,\N,66,17,1:20.849,203.178,+1 Lap
5072,237,543,212,8,14,15,15,15,0,66,\N,\N,32,15,1:20.364,204.404,+1 Lap
5073,237,250,77,21,20,16,R,16,0,21,\N,\N,20,19,1:21.577,201.365,Gearbox
5074,237,420,135,23,3,17,R,17,0,16,\N,\N,12,5,1:19.258,207.257,Engine
5075,237,746,77,20,19,18,R,18,0,8,\N,\N,6,18,1:21.189,202.327,Tyre
5076,237,304,201,12,8,19,R,19,0,6,\N,\N,4,14,1:20.254,204.685,Driver Seat
5077,237,183,169,9,11,20,R,20,0,0,\N,\N,\N,\N,\N,\N,Collision
5078,238,335,135,22,1,1,1,1,10,56,1:31:57.403,5517403,13,1,1:36.325,203.722,Finished
5079,238,500,73,2,3,2,2,2,8,56,+14.925,5532328,36,4,1:36.591,203.161,Finished
5080,238,669,73,1,2,3,3,3,6,56,+16.445,5533848,14,2,1:36.483,203.389,Finished
5081,238,17,170,5,4,4,4,4,5,56,+18.370,5535773,56,5,1:36.659,203.018,Finished
5082,238,350,20,3,9,5,5,5,4,56,+28.923,5546326,56,3,1:36.498,203.357,Finished
5083,238,423,20,4,11,6,6,6,3,56,+33.219,5550622,56,7,1:36.854,202.610,Finished
5084,238,304,201,12,12,7,7,7,2,56,+41.722,5559125,56,6,1:36.727,202.876,Finished
5085,238,604,170,6,10,8,8,8,1,56,+56.645,5574048,56,8,1:36.996,202.313,Finished
5086,238,794,200,15,6,9,9,9,0,56,+1:04.339,5581742,55,9,1:37.212,201.863,Finished
5087,238,183,169,9,15,10,10,10,0,56,+1:14.842,5592245,27,14,1:37.753,200.746,Finished
5088,238,53,87,17,13,11,11,11,0,56,+1:25.061,5602464,56,16,1:37.845,200.558,Finished
5089,238,543,212,8,17,12,12,12,0,56,+1:30.847,5608250,54,17,1:38.019,200.202,Finished
5090,238,104,200,14,8,13,13,13,0,56,+1:31.457,5608860,36,12,1:37.452,201.366,Finished
5091,238,811,169,10,16,14,14,14,0,56,+1:32.422,5609825,10,13,1:37.680,200.896,Finished
5092,238,656,212,7,14,15,15,15,0,55,\N,\N,38,10,1:37.246,201.793,+1 Lap
5093,238,138,87,16,18,16,16,16,0,55,\N,\N,54,15,1:37.773,200.705,+1 Lap
5094,238,250,77,21,20,17,17,17,0,55,\N,\N,54,18,1:38.372,199.483,+1 Lap
5095,238,420,135,23,5,18,R,18,0,49,\N,\N,32,11,1:37.302,201.677,Hydraulics
5096,238,746,77,20,19,19,R,19,0,13,\N,\N,13,19,1:39.683,196.860,Engine
5097,238,778,201,11,7,20,R,20,0,2,\N,\N,2,20,2:39.612,122.945,Collision
5098,239,500,73,2,1,1,1,1,10,71,1:34:11.435,5651435,36,1,1:13.736,210.377,Finished
5099,239,17,170,5,6,2,2,2,8,71,+13.298,5664733,39,8,1:14.229,208.980,Finished
5100,239,669,73,1,3,3,3,3,6,71,+16.235,5667670,59,3,1:14.117,209.296,Finished
5101,239,794,200,15,7,4,4,4,5,71,+38.011,5689446,25,7,1:14.214,209.022,Finished
5102,239,335,135,22,4,5,5,5,4,71,+38.907,5690342,31,4,1:14.159,209.177,Finished
5103,239,304,201,12,10,6,6,6,3,71,+44.368,5695803,32,2,1:14.057,209.465,Finished
5104,239,420,135,23,5,7,7,7,2,71,+55.074,5706509,36,6,1:14.207,209.042,Finished
5105,239,778,201,11,2,8,8,8,1,71,+1:08.433,5719868,40,5,1:14.167,209.155,Finished
5106,239,811,169,10,12,9,9,9,0,71,+1:19.666,5731101,40,14,1:15.033,206.741,Finished
5107,239,350,20,3,8,10,10,10,0,70,\N,\N,41,10,1:14.652,207.796,+1 Lap
5108,239,423,20,4,13,11,11,11,0,70,\N,\N,61,9,1:14.375,208.570,+1 Lap
5109,239,656,212,7,18,12,12,12,0,70,\N,\N,35,12,1:14.934,207.014,+1 Lap
5110,239,138,87,16,17,13,13,13,0,70,\N,\N,59,11,1:14.759,207.498,+1 Lap
5111,239,104,200,14,9,14,14,14,0,70,\N,\N,57,13,1:14.951,206.967,+1 Lap
5112,239,53,87,17,15,15,15,15,0,70,\N,\N,35,16,1:15.414,205.696,+1 Lap
5113,239,746,77,20,20,16,16,16,0,69,\N,\N,60,17,1:15.773,204.721,+2 Laps
5114,239,543,212,8,16,17,17,17,0,69,\N,\N,50,18,1:15.865,204.473,+2 Laps
5115,239,250,77,21,19,18,18,18,0,69,\N,\N,36,15,1:15.212,206.249,+2 Laps
5116,239,604,170,6,11,19,R,19,0,0,\N,\N,\N,\N,\N,\N,Accident
5117,239,183,169,9,14,20,R,20,0,0,\N,\N,\N,\N,\N,\N,Collision
5118,240,138,28,22,1,1,1,1,10,58,1:34:15.784,5655784,17,3,1:28.020,216.891,Finished
5119,240,53,28,23,2,2,2,2,8,58,+0.807,5656591,43,14,1:29.066,214.344,Finished
5120,240,778,201,9,20,3,3,3,6,58,+1.604,5657388,50,10,1:28.916,214.706,Finished
5121,240,304,201,10,19,4,4,4,5,58,+4.435,5660219,53,6,1:28.416,215.920,Finished
5122,240,17,170,7,10,5,5,5,4,58,+4.879,5660663,53,9,1:28.712,215.199,Finished
5123,240,656,212,16,5,6,6,6,3,58,+5.722,5661506,48,1,1:27.706,217.668,Finished
5124,240,133,200,12,13,7,7,7,2,58,+6.004,5661788,34,16,1:29.230,213.950,Finished
5125,240,104,200,11,17,8,8,8,1,58,+6.298,5662082,50,17,1:29.823,212.537,Finished
5126,240,746,77,20,16,9,9,9,0,58,+6.335,5662119,43,11,1:28.943,214.640,Finished
5127,240,350,20,6,9,10,10,10,0,58,+7.085,5662869,48,5,1:28.283,216.245,Finished
5128,240,250,77,21,15,11,11,11,0,58,+7.374,5663158,51,12,1:29.005,214.491,Finished
5129,240,811,169,14,8,12,12,12,0,57,\N,\N,38,8,1:28.508,215.695,+1 Lap
5130,240,794,169,15,3,13,13,13,0,56,\N,\N,8,4,1:28.140,216.596,Collision
5131,240,423,20,5,4,14,14,14,0,55,\N,\N,36,2,1:27.988,216.970,Collision
5132,240,669,73,4,7,15,15,15,0,55,\N,\N,35,7,1:28.488,215.744,Differential
5133,240,500,73,3,6,16,R,16,0,45,\N,\N,30,15,1:29.141,214.164,Suspension
5134,240,604,170,8,14,17,R,17,0,24,\N,\N,17,19,1:30.502,210.943,Spun off
5135,240,543,212,17,11,18,R,18,0,17,\N,\N,6,18,1:29.923,212.301,Accident
5136,240,420,135,2,12,19,R,19,0,0,\N,\N,\N,\N,\N,\N,Collision
5137,240,335,135,1,18,20,D,20,0,58,\N,\N,39,13,1:29.020,214.455,Disqualified
5138,241,138,28,22,1,1,1,1,5,31,1:10:52.092,4252092,18,1,1:36.641,206.483,Finished
5139,241,350,20,6,10,2,2,2,4,31,+22.722,4274814,17,10,1:39.084,201.392,Finished
5140,241,304,201,10,3,3,3,3,3,31,+23.513,4275605,18,16,1:39.406,200.740,Finished
5141,241,778,201,9,2,4,4,4,2.5,31,+46.173,4298265,12,3,1:37.591,204.473,Finished
5142,241,53,28,23,8,5,5,5,2,31,+47.360,4299452,17,2,1:37.484,204.698,Finished
5143,241,811,169,14,5,6,6,6,1.5,31,+52.333,4304425,14,5,1:37.672,204.304,Finished
5144,241,335,135,1,12,7,7,7,1,31,+1:00.733,4312825,17,11,1:39.141,201.276,Finished
5145,241,656,212,16,4,8,8,8,0.5,31,+1:11.576,4323668,13,4,1:37.598,204.459,Finished
5146,241,500,73,3,16,9,9,9,0,31,+1:16.932,4329024,17,13,1:39.250,201.055,Finished
5147,241,104,200,11,15,10,10,10,0,31,+1:42.164,4354256,17,12,1:39.242,201.072,Finished
5148,241,17,170,7,9,11,11,11,0,31,\N,\N,17,9,1:39.006,201.551,+1 Lap
5149,241,543,212,17,11,12,12,12,0,31,\N,\N,17,15,1:39.387,200.778,+1 Lap
5150,241,604,170,8,17,13,13,13,0,31,\N,\N,18,14,1:39.268,201.019,+1 Lap
5151,241,669,73,4,7,14,14,14,0,31,\N,\N,17,7,1:38.453,202.683,+1 Lap
5152,241,794,169,15,13,15,15,15,0,30,\N,\N,10,6,1:38.427,202.737,Spun off
5153,241,133,200,12,20,16,16,16,0,30,\N,\N,16,8,1:38.938,201.689,Spun off
5154,241,746,77,20,19,17,17,17,0,30,\N,\N,17,18,1:39.464,200.623,+1 Lap
5155,241,250,77,21,18,18,18,18,0,29,\N,\N,16,17,1:39.407,200.738,Spun off
5156,241,423,20,5,6,19,R,19,0,1,\N,\N,\N,\N,\N,\N,Engine
5157,241,420,135,2,14,20,R,20,0,0,\N,\N,\N,\N,\N,\N,Spun off
5158,242,794,169,15,1,1,1,1,10,56,1:57:43.485,7063485,42,2,1:52.627,174.235,Finished
5159,242,811,169,14,3,2,2,2,8,56,+10.970,7074455,42,4,1:52.980,173.690,Finished
5160,242,138,28,22,5,3,3,3,6,56,+44.975,7108460,44,6,1:53.546,172.825,Finished
5161,242,53,28,23,4,4,4,4,5,56,+1:03.704,7127189,42,1,1:52.592,174.289,Finished
5162,242,420,135,2,12,5,5,5,4,56,+1:05.102,7128587,41,10,1:54.516,171.361,Finished
5163,242,335,135,1,9,6,6,6,3,56,+1:11.866,7135351,39,12,1:54.665,171.138,Finished
5164,242,304,201,10,19,7,7,7,2,56,+1:14.476,7137961,42,3,1:52.703,174.117,Finished
5165,242,133,200,12,10,8,8,8,1,56,+1:16.439,7139924,42,11,1:54.590,171.250,Finished
5166,242,17,170,7,2,9,9,9,0,56,+1:24.309,7147794,38,9,1:54.481,171.413,Finished
5167,242,669,73,4,8,10,10,10,0,56,+1:31.750,7155235,38,15,1:55.396,170.054,Finished
5168,242,104,200,11,15,11,11,11,0,56,+1:34.156,7157641,43,5,1:53.474,172.934,Finished
5169,242,350,20,6,11,12,12,12,0,56,+1:35.834,7159319,40,7,1:54.158,171.898,Finished
5170,242,423,20,5,17,13,13,13,0,56,+1:46.853,7170338,44,14,1:55.350,170.122,Finished
5171,242,250,77,21,20,14,14,14,0,55,\N,\N,37,18,1:56.239,168.821,+1 Lap
5172,242,656,212,16,7,15,15,15,0,55,\N,\N,55,8,1:54.243,171.770,+1 Lap
5173,242,604,170,8,16,16,16,16,0,54,\N,\N,42,16,1:55.535,169.849,+2 Laps
5174,242,746,77,20,18,17,17,17,0,50,\N,\N,41,13,1:54.777,170.971,Spun off
5175,242,543,212,17,14,18,R,18,0,43,\N,\N,38,17,1:56.167,168.925,Retired
5176,242,500,73,3,13,19,R,19,0,20,\N,\N,16,19,1:56.484,168.466,Electronics
5177,242,778,201,9,6,20,R,20,0,18,\N,\N,14,20,2:00.330,163.081,Collision
5178,243,138,28,22,4,1,1,1,10,57,1:31:48.182,5508182,11,3,1:34.588,205.979,Finished
5179,243,794,169,15,3,2,2,2,8,57,+7.187,5515369,16,4,1:34.756,205.614,Finished
5180,243,778,201,9,1,3,3,3,6,57,+9.170,5517352,10,1,1:34.556,206.049,Finished
5181,243,335,135,1,5,4,4,4,5,57,+22.096,5530278,13,6,1:34.915,205.269,Finished
5182,243,53,28,23,6,5,5,5,4,57,+37.779,5545961,25,5,1:34.901,205.300,Finished
5183,243,669,73,4,10,6,6,6,3,57,+42.057,5550239,42,11,1:35.498,204.016,Finished
5184,243,304,201,10,2,7,7,7,2,57,+42.880,5551062,6,2,1:34.574,206.010,Finished
5185,243,17,170,7,7,8,8,8,1,57,+52.775,5560957,29,14,1:35.722,203.539,Finished
5186,243,656,212,16,9,9,9,9,0,57,+58.198,5566380,37,15,1:35.816,203.339,Finished
5187,243,604,170,8,15,10,10,10,0,57,+1:05.149,5573331,37,10,1:35.441,204.138,Finished
5188,243,811,169,14,18,11,11,11,0,57,+1:07.641,5575823,50,8,1:35.165,204.730,Finished
5189,243,420,135,2,11,12,12,12,0,57,+1:17.824,5586006,54,12,1:35.520,203.969,Finished
5190,243,104,200,11,20,13,13,13,0,57,+1:18.805,5586987,30,9,1:35.410,204.205,Finished
5191,243,500,73,3,8,14,14,14,0,56,\N,\N,41,7,1:35.065,204.946,+1 Lap
5192,243,250,77,21,17,15,15,15,0,56,\N,\N,9,19,1:36.376,202.158,+1 Lap
5193,243,746,77,20,19,16,16,16,0,56,\N,\N,28,18,1:36.219,202.488,+1 Lap
5194,243,133,200,12,16,17,17,17,0,56,\N,\N,38,20,1:36.473,201.954,+1 Lap
5195,243,423,20,5,13,18,18,18,0,56,\N,\N,50,13,1:35.706,203.573,+1 Lap
5196,243,350,20,6,14,19,19,19,0,56,\N,\N,52,16,1:35.924,203.110,+1 Lap
5197,243,543,212,17,12,20,R,20,0,48,\N,\N,39,17,1:36.153,202.627,Oil pressure
5198,244,138,28,22,1,1,1,1,10,66,1:37:19.202,5839202,17,2,1:22.899,202.149,Finished
5199,244,53,28,23,3,2,2,2,8,66,+13.056,5852258,28,1,1:22.762,202.484,Finished
5200,244,811,169,14,5,3,3,3,6,66,+13.924,5853126,18,5,1:23.112,201.631,Finished
5201,244,794,169,15,2,4,4,4,5,66,+18.941,5858143,41,4,1:23.090,201.684,Finished
5202,244,17,170,7,8,5,5,5,4,66,+43.166,5882368,14,6,1:23.420,200.887,Finished
5203,244,500,73,3,4,6,6,6,3,66,+50.827,5890029,14,3,1:23.089,201.687,Finished
5204,244,350,20,6,13,7,7,7,2,66,+52.312,5891514,29,10,1:23.878,199.790,Finished
5205,244,656,212,16,9,8,8,8,1,66,+1:05.211,5904413,24,7,1:23.621,200.404,Finished
5206,244,335,135,1,14,9,9,9,0,65,\N,\N,29,9,1:23.839,199.883,+1 Lap
5207,244,304,201,10,6,10,10,10,0,65,\N,\N,44,12,1:24.134,199.182,+1 Lap
5208,244,423,20,5,10,11,11,11,0,65,\N,\N,26,11,1:24.078,199.314,+1 Lap
5209,244,604,170,8,12,12,12,12,0,65,\N,\N,41,14,1:24.286,198.823,+1 Lap
5210,244,543,212,17,11,13,13,13,0,65,\N,\N,38,13,1:24.155,199.132,+1 Lap
5211,244,250,77,21,20,14,14,14,0,65,\N,\N,63,8,1:23.796,199.985,+1 Lap
5212,244,669,73,4,16,15,R,15,0,17,\N,\N,16,15,1:24.490,198.342,Hydraulics
5213,244,420,135,2,18,16,R,16,0,7,\N,\N,6,16,1:28.719,188.888,Gearbox
5214,244,778,201,9,7,17,R,17,0,0,\N,\N,\N,\N,\N,\N,Collision
5215,244,133,200,12,15,18,R,18,0,0,\N,\N,\N,\N,\N,\N,Collision
5216,244,104,200,11,17,19,R,19,0,0,\N,\N,\N,\N,\N,\N,Collision
5217,244,746,77,20,19,20,R,20,0,0,\N,\N,\N,\N,\N,\N,Collision
5218,245,138,28,22,1,1,1,1,10,78,1:40:44.282,6044282,49,2,1:15.190,159.914,Finished
5219,245,53,28,23,3,2,2,2,8,78,+7.666,6051948,46,7,1:15.685,158.868,Finished
5220,245,669,73,4,2,3,3,3,6,78,+13.442,6057724,47,5,1:15.382,159.507,Finished
5221,245,500,73,3,5,4,4,4,5,78,+15.110,6059392,50,1,1:15.154,159.991,Finished
5222,245,811,169,14,8,5,5,5,4,78,+15.730,6060012,45,3,1:15.321,159.636,Finished
5223,245,656,212,16,6,6,6,6,3,78,+33.586,6077868,48,9,1:15.772,158.686,Finished
5224,245,17,170,7,9,7,7,7,2,78,+37.839,6082121,64,4,1:15.371,159.530,Finished
5225,245,104,200,11,14,8,8,8,1,78,+1:03.142,6107424,47,13,1:16.178,157.840,Finished
5226,245,250,77,21,13,9,9,9,0,78,+1:05.040,6109322,74,16,1:16.419,157.343,Finished
5227,245,304,201,10,20,10,10,10,0,77,\N,\N,72,12,1:16.066,158.073,+1 Lap
5228,245,350,20,6,16,11,11,11,0,77,\N,\N,49,15,1:16.268,157.654,+1 Lap
5229,245,335,135,1,19,12,12,12,0,77,\N,\N,65,8,1:15.706,158.824,+1 Lap
5230,245,778,201,9,18,13,13,13,0,77,\N,\N,57,11,1:16.011,158.187,+1 Lap
5231,245,746,77,20,15,14,14,14,0,77,\N,\N,66,14,1:16.245,157.702,+1 Lap
5232,245,543,212,17,10,15,15,15,0,76,\N,\N,73,10,1:15.792,158.644,Accident
5233,245,420,135,2,7,16,R,16,0,51,\N,\N,48,6,1:15.672,158.896,Accident
5234,245,423,20,5,17,17,R,17,0,28,\N,\N,25,17,1:17.558,155.032,Brakes
5235,245,794,169,15,4,18,R,18,0,15,\N,\N,15,18,1:17.634,154.880,Accident
5236,245,604,170,8,12,19,R,19,0,10,\N,\N,7,19,1:18.514,153.144,Collision
5237,245,133,200,12,11,20,R,20,0,10,\N,\N,7,20,1:18.582,153.012,Collision
5238,246,138,28,22,2,1,1,1,10,58,1:26:24.848,5184848,40,1,1:27.579,219.422,Finished
5239,246,811,169,14,4,2,2,2,8,58,+6.714,5191562,42,3,1:27.809,218.847,Finished
5240,246,794,169,15,1,3,3,3,6,58,+7.461,5192309,51,2,1:27.622,219.314,Finished
5241,246,778,201,9,5,4,4,4,5,58,+27.843,5212691,40,4,1:27.868,218.700,Finished
5242,246,656,212,16,9,5,5,5,4,58,+31.539,5216387,36,11,1:28.222,217.823,Finished
5243,246,500,73,3,7,6,6,6,3,58,+39.996,5224844,41,9,1:28.176,217.936,Finished
5244,246,423,20,5,10,7,7,7,2,58,+46.247,5231095,58,7,1:28.008,218.352,Finished
5245,246,304,201,10,13,8,8,8,1,58,+46.959,5231807,56,5,1:27.883,218.663,Finished
5246,246,669,73,4,6,9,9,9,0,58,+50.246,5235094,58,8,1:28.061,218.221,Finished
5247,246,17,170,7,8,10,10,10,0,58,+1:02.420,5247268,57,13,1:28.389,217.411,Finished
5248,246,350,20,6,11,11,11,11,0,58,+1:04.327,5249175,43,10,1:28.214,217.842,Finished
5249,246,543,212,17,12,12,12,12,0,58,+1:06.376,5251224,58,6,1:27.988,218.402,Finished
5250,246,335,135,1,16,13,13,13,0,58,+1:20.454,5265302,53,15,1:28.562,216.986,Finished
5251,246,420,135,2,14,14,14,14,0,57,\N,\N,41,18,1:29.174,215.497,+1 Lap
5252,246,133,200,12,18,15,15,15,0,57,\N,\N,57,16,1:28.624,216.835,+1 Lap
5253,246,604,170,8,17,16,16,16,0,57,\N,\N,45,12,1:28.340,217.532,+1 Lap
5254,246,746,77,20,15,17,17,17,0,57,\N,\N,55,19,1:29.192,215.454,+1 Lap
5255,246,104,200,11,20,18,18,18,0,57,\N,\N,53,17,1:29.022,215.865,+1 Lap
5256,246,53,28,23,3,19,R,19,0,47,\N,\N,37,14,1:28.526,217.075,Gearbox
5257,246,250,77,21,19,20,R,20,0,4,\N,\N,3,20,1:34.070,204.281,Brakes
5258,247,794,169,15,1,1,1,1,10,60,1:22:49.328,4969328,16,1,1:20.735,229.238,Finished
5259,247,811,169,14,3,2,2,2,8,60,+15.188,4984516,57,2,1:20.915,228.728,Finished
5260,247,53,28,23,2,3,3,3,6,60,+41.175,5010503,18,5,1:21.429,227.285,Finished
5261,247,500,73,3,11,4,4,4,5,60,+45.043,5014371,22,6,1:21.509,227.062,Finished
5262,247,656,212,16,7,5,5,5,4,60,+45.915,5015243,17,3,1:21.054,228.336,Finished
5263,247,138,28,22,6,6,6,6,3,60,+46.285,5015613,54,4,1:21.189,227.956,Finished
5264,247,778,201,9,4,7,7,7,2,60,+1:08.307,5037635,17,9,1:21.806,226.237,Finished
5265,247,669,73,4,9,8,8,8,1,60,+1:09.622,5038950,14,7,1:21.656,226.653,Finished
5266,247,304,201,10,8,9,9,9,0,60,+1:09.823,5039151,51,8,1:21.671,226.611,Finished
5267,247,250,77,21,16,10,10,10,0,60,+1:11.522,5040850,20,10,1:21.810,226.226,Finished
5268,247,543,212,17,5,11,11,11,0,60,+1:14.023,5043351,14,11,1:21.845,226.129,Finished
5269,247,604,170,8,14,12,12,12,0,59,\N,\N,25,17,1:22.505,224.320,+1 Lap
5270,247,423,20,5,12,13,13,13,0,59,\N,\N,41,14,1:22.182,225.202,+1 Lap
5271,247,17,170,7,10,14,14,14,0,59,\N,\N,36,12,1:21.852,226.110,+1 Lap
5272,247,350,20,6,15,15,15,15,0,59,\N,\N,59,13,1:21.956,225.823,+1 Lap
5273,247,335,135,1,18,16,16,16,0,59,\N,\N,24,18,1:22.576,224.128,+1 Lap
5274,247,746,77,20,20,17,17,17,0,59,\N,\N,50,20,1:23.475,221.714,+1 Lap
5275,247,133,200,12,19,18,18,18,0,59,\N,\N,24,19,1:22.711,223.762,+1 Lap
5276,247,104,200,11,17,19,R,19,0,37,\N,\N,26,16,1:22.466,224.427,Collision
5277,247,420,135,2,13,20,R,20,0,36,\N,\N,32,15,1:22.418,224.557,Collision
5278,248,811,169,14,1,1,1,1,10,60,1:36:43.310,5803310,37,3,1:34.003,197.151,Finished
5279,248,794,169,15,4,2,2,2,8,60,+9.252,5812562,42,4,1:34.089,196.970,Finished
5280,248,500,73,3,8,3,3,3,6,60,+15.906,5819216,53,8,1:34.458,196.201,Finished
5281,248,656,212,16,15,4,4,4,5,60,+21.099,5824409,50,7,1:34.403,196.315,Finished
5282,248,138,28,22,3,5,5,5,4,60,+23.609,5826919,53,6,1:34.252,196.630,Finished
5283,248,53,28,23,2,6,6,6,3,60,+24.468,5827778,54,11,1:34.676,195.749,Finished
5284,248,17,170,7,12,7,7,7,2,60,+24.888,5828198,49,1,1:33.365,198.498,Finished
5285,248,420,135,2,6,8,8,8,1,60,+58.692,5862002,59,17,1:35.524,194.011,Finished
5286,248,304,201,10,20,9,9,9,0,60,+1:01.457,5864767,40,16,1:35.369,194.327,Finished
5287,248,350,20,6,11,10,10,10,0,60,+1:01.925,5865235,42,10,1:34.559,195.991,Finished
5288,248,250,77,21,18,11,11,11,0,60,+1:02.327,5865637,54,13,1:35.301,194.465,Finished
5289,248,543,212,17,13,12,12,12,0,60,+1:02.876,5866186,49,5,1:34.238,196.659,Finished
5290,248,604,170,8,10,13,13,13,0,60,+1:08.328,5871638,46,12,1:34.876,195.337,Finished
5291,248,423,20,5,16,14,14,14,0,60,+1:09.555,5872865,47,9,1:34.537,196.037,Finished
5292,248,746,77,20,7,15,15,15,0,60,+1:11.941,5875251,43,14,1:35.366,194.333,Finished
5293,248,133,200,12,17,16,16,16,0,60,+1:30.225,5893535,24,19,1:36.279,192.490,Finished
5294,248,778,201,9,14,17,17,17,0,60,+1:30.970,5894280,52,2,1:33.654,197.885,Finished
5295,248,335,135,1,5,18,18,18,0,59,\N,\N,46,15,1:35.367,194.331,+1 Lap
5296,248,669,73,4,9,19,R,19,0,34,\N,\N,4,18,1:36.080,192.889,Engine
5297,248,104,200,11,19,20,R,20,0,18,\N,\N,10,20,1:37.498,190.083,Hydraulics
5298,249,335,135,1,4,1,1,1,10,70,1:38:23.876,5903876,16,4,1:22.479,191.219,Finished
5299,249,669,73,4,7,2,2,2,8,70,+11.529,5915405,70,2,1:22.434,191.323,Finished
5300,249,811,169,14,3,3,3,3,6,70,+16.886,5920762,65,1,1:21.931,192.498,Finished
5301,249,656,212,16,5,4,4,4,5,70,+26.967,5930843,65,3,1:22.468,191.245,Finished
5302,249,420,135,2,6,5,5,5,4,70,+34.392,5938268,63,8,1:22.958,190.115,Finished
5303,249,304,201,10,13,6,6,6,3,70,+35.237,5939113,63,5,1:22.506,191.157,Finished
5304,249,138,28,22,8,7,7,7,2,70,+55.088,5958964,57,6,1:22.706,190.694,Finished
5305,249,778,201,9,11,8,8,8,1,70,+1:08.172,5972048,65,13,1:23.261,189.423,Finished
5306,249,543,212,17,9,9,9,9,0,70,+1:08.774,5972650,55,11,1:23.180,189.608,Finished
5307,249,53,28,23,12,10,10,10,0,70,+1:09.256,5973132,55,9,1:23.024,189.964,Finished
5308,249,350,20,6,15,11,11,11,0,70,+1:10.612,5974488,65,14,1:23.282,189.375,Finished
5309,249,604,170,8,14,12,12,12,0,70,+1:11.512,5975388,65,15,1:23.418,189.067,Finished
5310,249,423,20,5,18,13,13,13,0,70,+1:14.046,5977922,65,12,1:23.224,189.507,Finished
5311,249,250,77,21,16,14,14,14,0,69,\N,\N,40,10,1:23.174,189.621,+1 Lap
5312,249,14,200,11,19,15,15,15,0,69,\N,\N,69,16,1:23.444,189.008,+1 Lap
5313,249,133,200,12,10,16,16,16,0,69,\N,\N,69,7,1:22.955,190.122,+1 Lap
5314,249,794,169,15,2,17,R,17,0,29,\N,\N,18,17,1:23.457,188.978,Suspension
5315,249,17,170,7,1,18,R,18,0,15,\N,\N,4,18,1:23.529,188.815,Wheel
5316,249,746,77,20,17,19,R,19,0,1,\N,\N,\N,\N,\N,\N,Overheating
5317,249,500,73,3,0,20,W,20,0,0,\N,\N,\N,\N,\N,\N,Withdrew
5318,250,53,28,23,3,1,1,1,10,57,1:35:51.289,5751289,39,3,1:38.990,197.074,Finished
5319,250,335,135,1,1,2,2,2,8,57,+2.358,5753647,57,4,1:39.056,196.943,Finished
5320,250,669,73,4,6,3,3,3,6,57,+15.994,5767283,39,5,1:39.207,196.643,Finished
5321,250,420,135,2,2,4,4,4,5,57,+20.032,5771321,56,7,1:39.341,196.378,Finished
5322,250,656,212,16,7,5,5,5,4,57,+20.870,5772159,52,6,1:39.329,196.401,Finished
5323,250,17,170,7,8,6,6,6,3,57,+27.744,5779033,46,10,1:39.494,196.076,Finished
5324,250,138,28,22,5,7,7,7,2,57,+34.913,5786202,46,2,1:38.874,197.305,Finished
5325,250,423,20,5,10,8,8,8,1,57,+36.667,5787956,55,8,1:39.374,196.312,Finished
5326,250,811,169,14,9,9,9,9,0,57,+44.910,5796199,50,11,1:39.528,196.009,Finished
5327,250,746,77,20,12,10,10,10,0,57,+47.935,5799224,36,12,1:39.622,195.824,Finished
5328,250,350,20,6,11,11,11,11,0,57,+48.822,5800111,53,13,1:39.704,195.663,Finished
5329,250,250,77,21,16,12,12,12,0,57,+1:03.614,5814903,53,17,1:40.111,194.867,Finished
5330,250,778,201,9,18,13,13,13,0,57,+1:04.527,5815816,52,15,1:39.941,195.199,Finished
5331,250,304,201,10,13,14,14,14,0,57,+1:26.519,5837808,55,1,1:38.683,197.687,Finished
5332,250,319,170,8,14,15,15,15,0,57,+1:31.774,5843063,41,9,1:39.428,196.206,Finished
5333,250,14,200,11,19,16,16,16,0,56,\N,\N,29,19,1:40.935,193.276,+1 Lap
5334,250,41,73,3,20,17,17,17,0,56,\N,\N,52,18,1:40.590,193.939,+1 Lap
5335,250,543,212,17,17,18,18,18,0,54,\N,\N,53,14,1:39.747,195.578,+3 Laps
5336,250,133,200,12,15,19,R,19,0,41,\N,\N,37,20,1:41.042,193.072,Brakes
5337,250,794,169,15,4,20,R,20,0,23,\N,\N,13,16,1:39.992,195.099,Engine
5338,251,669,73,4,6,1,1,1,10,44,1:23:50.995,5030995,42,4,1:47.674,234.173,Finished
5339,251,250,77,21,1,2,2,2,8,44,+0.939,5031934,43,6,1:47.737,234.036,Finished
5340,251,794,169,15,8,3,3,3,6,44,+3.875,5034870,38,1,1:47.263,235.070,Finished
5341,251,423,20,5,5,4,4,4,5,44,+9.966,5040961,41,3,1:47.664,234.195,Finished
5342,251,350,20,6,3,5,5,5,4,44,+11.276,5042271,35,2,1:47.371,234.834,Finished
5343,251,420,135,2,15,6,6,6,3,44,+32.763,5063758,24,13,1:48.348,232.716,Finished
5344,251,53,28,23,4,7,7,7,2,44,+35.461,5066456,37,12,1:48.257,232.912,Finished
5345,251,656,212,16,10,8,8,8,1,44,+36.208,5067203,41,8,1:47.766,233.973,Finished
5346,251,811,169,14,9,9,9,9,0,44,+36.959,5067954,39,9,1:47.783,233.936,Finished
5347,251,304,201,10,7,10,10,10,0,44,+41.490,5072485,40,5,1:47.736,234.038,Finished
5348,251,746,77,20,11,11,11,11,0,44,+42.636,5073631,42,10,1:47.859,233.771,Finished
5349,251,133,200,12,16,12,12,12,0,44,+46.106,5077101,42,7,1:47.763,233.980,Finished
5350,251,543,212,17,18,13,13,13,0,44,+54.241,5085236,42,11,1:48.205,233.024,Finished
5351,251,41,73,3,20,14,14,14,0,44,+1:42.177,5133172,41,15,1:49.803,229.633,Finished
5352,251,17,170,7,13,15,R,15,0,26,\N,\N,23,14,1:48.634,232.104,Retired
5353,251,778,201,9,2,16,R,16,0,21,\N,\N,16,16,1:50.029,229.161,Brakes
5354,251,138,28,22,14,17,R,17,0,0,\N,\N,\N,\N,\N,\N,Collision
5355,251,319,170,8,19,18,R,18,0,0,\N,\N,\N,\N,\N,\N,Collision
5356,251,335,135,1,12,19,R,19,0,0,\N,\N,\N,\N,\N,\N,Collision
5357,251,14,200,11,17,20,R,20,0,0,\N,\N,\N,\N,\N,\N,Collision
5358,252,53,28,23,5,1,1,1,10,53,1:16:21.706,4581706,48,5,1:24.967,245.445,Finished
5359,252,138,28,22,6,2,2,2,8,53,+2.866,4584572,46,4,1:24.935,245.538,Finished
5360,252,669,73,4,3,3,3,3,6,53,+30.664,4612370,36,2,1:24.761,246.042,Finished
5361,252,746,77,20,2,4,4,4,5,53,+31.131,4612837,36,1,1:24.739,246.106,Finished
5362,252,17,170,7,8,5,5,5,4,53,+59.182,4640888,50,8,1:25.199,244.777,Finished
5363,252,420,135,2,4,6,6,6,3,53,+1:00.693,4642399,51,6,1:25.109,245.036,Finished
5364,252,350,20,6,15,7,7,7,2,53,+1:22.412,4664118,30,9,1:25.488,243.950,Finished
5365,252,794,169,15,9,8,8,8,1,53,+1:25.407,4667113,50,7,1:25.194,244.791,Finished
5366,252,250,73,3,14,9,9,9,0,53,+1:26.856,4668562,28,10,1:25.498,243.921,Finished
5367,252,543,212,17,17,10,10,10,0,53,+2:42.163,4743869,51,16,1:25.976,242.565,Finished
5368,252,304,201,10,16,11,11,11,0,53,+2:43.925,4745631,50,14,1:25.751,243.201,Finished
5369,252,335,135,1,1,12,12,12,0,52,\N,\N,52,3,1:24.802,245.923,Accident
5370,252,133,200,12,19,13,13,13,0,52,\N,\N,50,11,1:25.564,243.733,+1 Lap
5371,252,778,201,9,11,14,14,14,0,52,\N,\N,49,13,1:25.700,243.346,+1 Lap
5372,252,319,170,8,12,15,15,15,0,52,\N,\N,51,12,1:25.609,243.605,+1 Lap
5373,252,656,212,16,18,16,16,16,0,51,\N,\N,50,15,1:25.901,242.777,+2 Laps
5374,252,461,77,21,7,17,R,17,0,22,\N,\N,22,17,1:26.041,242.382,Transmission
5375,252,14,200,11,20,18,R,18,0,19,\N,\N,17,19,1:27.846,237.401,Retired
5376,252,423,20,5,13,19,R,19,0,15,\N,\N,12,18,1:27.819,237.474,Oil leak
5377,252,811,169,14,10,20,R,20,0,0,\N,\N,\N,\N,\N,\N,Collision
5378,253,335,135,1,1,1,1,1,10,61,1:56:06.337,6966337,36,2,1:48.345,168.561,Finished
5379,253,304,201,10,6,2,2,2,8,61,+9.634,6975971,34,6,1:48.396,168.482,Finished
5380,253,17,170,7,5,3,3,3,6,61,+16.624,6982961,53,1,1:48.240,168.725,Finished
5381,253,794,169,15,2,4,4,4,5,61,+20.621,6986958,10,7,1:48.398,168.479,Finished
5382,253,138,28,22,11,5,5,5,4,61,+30.015,6996352,54,4,1:48.369,168.524,Finished
5383,253,53,28,23,9,6,6,6,3,61,+31.858,6998195,50,8,1:48.598,168.168,Finished
5384,253,420,135,2,8,7,7,7,2,61,+36.157,7002494,36,11,1:49.283,167.114,Finished
5385,253,423,20,5,7,8,8,8,1,61,+55.054,7021391,44,10,1:48.847,167.784,Finished
5386,253,543,212,17,10,9,9,9,0,61,+56.054,7022391,45,13,1:49.371,166.980,Finished
5387,253,669,73,4,12,10,10,10,0,61,+58.892,7025229,54,5,1:48.391,168.490,Finished
5388,253,656,212,16,3,11,11,11,0,61,+59.777,7026114,9,3,1:48.352,168.550,Finished
5389,253,778,201,9,14,12,12,12,0,61,+1:13.009,7039346,54,9,1:48.816,167.831,Finished
5390,253,250,73,3,17,13,13,13,0,61,+1:19.890,7046227,49,14,1:49.417,166.910,Finished
5391,253,461,77,21,19,14,14,14,0,61,+1:33.502,7059839,48,15,1:49.852,166.249,Finished
5392,253,14,200,11,16,15,R,15,0,47,\N,\N,32,18,1:52.483,162.360,Brakes
5393,253,133,200,12,13,16,R,16,0,47,\N,\N,17,16,1:50.636,165.071,Gearbox
5394,253,811,169,14,4,17,R,17,0,45,\N,\N,35,12,1:49.319,167.059,Brakes
5395,253,746,77,20,15,18,R,18,0,23,\N,\N,15,19,1:52.623,162.158,Collision
5396,253,350,20,6,20,19,R,19,0,19,\N,\N,18,17,1:51.346,164.018,Collision
5397,253,319,170,8,18,20,R,20,0,3,\N,\N,2,20,1:57.192,155.836,Brakes
5398,254,794,169,15,1,1,1,1,10,53,1:28:20.443,5300443,43,2,1:32.572,225.826,Finished
5399,254,778,201,9,2,2,2,2,8,53,+4.877,5305320,38,4,1:33.152,224.420,Finished
5400,254,335,135,1,3,3,3,3,6,53,+6.472,5306915,13,6,1:33.259,224.162,Finished
5401,254,669,73,4,5,4,4,4,5,53,+7.940,5308383,33,3,1:32.999,224.789,Finished
5402,254,656,212,16,7,5,5,5,4,53,+8.793,5309236,43,9,1:33.595,223.358,Finished
5403,254,350,20,6,4,6,6,6,3,53,+9.509,5309952,13,10,1:33.600,223.346,Finished
5404,254,53,28,23,6,7,7,7,2,53,+10.641,5311084,17,13,1:33.910,222.608,Finished
5405,254,138,28,22,10,8,8,8,1,53,+11.474,5311917,42,5,1:33.251,224.182,Finished
5406,254,423,20,5,9,9,9,9,0,53,+11.777,5312220,44,7,1:33.334,223.982,Finished
5407,254,17,170,7,16,10,10,10,0,53,+13.065,5313508,28,14,1:33.946,222.523,Finished
5408,254,420,135,2,11,11,11,11,0,53,+13.735,5314178,35,12,1:33.801,222.867,Finished
5409,254,250,73,3,14,12,12,12,0,53,+14.596,5315039,33,8,1:33.479,223.635,Finished
5410,254,746,77,20,8,13,13,13,0,53,+14.959,5315402,36,11,1:33.668,223.184,Finished
5411,254,461,77,21,18,14,14,14,0,53,+15.734,5316177,36,16,1:34.294,221.702,Finished
5412,254,543,212,17,15,15,15,15,0,53,+17.973,5318416,26,18,1:34.783,220.558,Finished
5413,254,319,170,8,17,16,16,16,0,52,\N,\N,39,17,1:34.643,220.884,+1 Lap
5414,254,811,169,14,19,17,17,17,0,51,\N,\N,50,1,1:32.569,225.833,+2 Laps
5415,254,14,200,11,12,18,R,18,0,43,\N,\N,34,15,1:34.049,222.279,Accident
5416,254,133,200,12,13,19,R,19,0,11,\N,\N,5,19,1:35.392,219.150,Clutch
5417,254,304,201,10,20,20,W,20,0,0,\N,\N,\N,\N,\N,\N,Injured
5418,255,811,169,14,2,1,1,1,10,71,1:32:23.081,5543081,25,1,1:13.733,210.386,Finished
5419,255,423,20,5,8,2,2,2,8,71,+7.626,5550707,38,4,1:14.155,209.188,Finished
5420,255,335,135,1,17,3,3,3,6,71,+18.944,5562025,59,6,1:14.345,208.654,Finished
5421,255,794,169,15,15,4,4,4,5,71,+19.652,5562733,59,2,1:13.890,209.939,Finished
5422,255,138,28,22,14,5,5,5,4,71,+29.005,5572086,46,7,1:14.353,208.631,Finished
5423,255,669,73,4,5,6,6,6,3,71,+33.340,5576421,47,9,1:14.558,208.058,Finished
5424,255,133,200,12,6,7,7,7,2,71,+35.991,5579072,58,10,1:14.563,208.044,Finished
5425,255,53,28,23,1,8,8,8,1,71,+45.454,5588535,20,3,1:13.950,209.768,Finished
5426,255,420,135,2,16,9,9,9,0,71,+48.499,5591580,68,5,1:14.303,208.772,Finished
5427,255,418,201,10,11,10,10,10,0,71,+1:03.324,5606405,71,11,1:14.676,207.729,Finished
5428,255,250,73,3,19,11,11,11,0,71,+1:10.665,5613746,55,14,1:14.931,207.022,Finished
5429,255,461,77,21,20,12,12,12,0,71,+1:11.388,5614469,43,16,1:14.990,206.859,Finished
5430,255,319,170,8,13,13,13,13,0,70,\N,\N,54,12,1:14.789,207.415,+1 Lap
5431,255,14,200,11,12,14,14,14,0,70,\N,\N,59,13,1:14.861,207.216,+1 Lap
5432,255,543,212,17,9,15,R,15,0,30,\N,\N,21,17,1:15.073,206.630,Accident
5433,255,656,212,16,7,16,R,16,0,27,\N,\N,16,8,1:14.370,208.584,Gearbox
5434,255,350,20,6,18,17,R,17,0,21,\N,\N,19,15,1:14.988,206.865,Out of fuel
5435,255,746,77,20,3,18,R,18,0,0,\N,\N,\N,\N,\N,\N,Accident
5436,255,778,201,9,4,19,R,19,0,0,\N,\N,\N,\N,\N,\N,Accident
5437,255,17,170,7,10,20,R,20,0,0,\N,\N,\N,\N,\N,\N,Accident
5438,256,794,169,15,2,1,1,1,10,55,1:34:03.414,5643414,54,1,1:40.279,199.387,Finished
5439,256,811,169,14,3,2,2,2,8,55,+17.857,5661271,14,5,1:40.571,198.808,Finished
5440,256,138,28,22,5,3,3,3,6,55,+18.467,5661881,49,6,1:40.642,198.668,Finished
5441,256,53,28,23,4,4,4,4,5,55,+22.735,5666149,54,4,1:40.449,199.050,Finished
5442,256,350,20,6,8,5,5,5,4,55,+26.253,5669667,54,7,1:40.672,198.609,Finished
5443,256,418,201,10,12,6,6,6,3,55,+28.343,5671757,55,11,1:40.779,198.398,Finished
5444,256,778,201,9,6,7,7,7,2,55,+34.366,5677780,49,8,1:40.723,198.508,Finished
5445,256,133,200,12,10,8,8,8,1,55,+41.294,5684708,55,2,1:40.326,199.294,Finished
5446,256,656,212,16,9,9,9,9,0,55,+45.941,5689355,49,15,1:40.997,197.970,Finished
5447,256,423,20,5,7,10,10,10,0,55,+48.180,5691594,54,14,1:40.924,198.113,Finished
5448,256,420,135,2,18,11,11,11,0,55,+52.798,5696212,53,18,1:41.316,197.346,Finished
5449,256,669,73,4,11,12,12,12,0,55,+54.317,5697731,54,12,1:40.843,198.272,Finished
5450,256,543,212,17,13,13,13,13,0,55,+59.839,5703253,54,9,1:40.754,198.447,Finished
5451,256,17,170,7,15,14,14,14,0,55,+1:09.687,5713101,54,10,1:40.757,198.441,Finished
5452,256,461,77,21,16,15,15,15,0,55,+1:34.450,5737864,54,17,1:41.277,197.422,Finished
5453,256,250,73,3,20,16,16,16,0,54,\N,\N,54,16,1:41.132,197.705,+1 Lap
5454,256,746,77,20,17,17,17,17,0,54,\N,\N,34,13,1:40.904,198.152,+1 Lap
5455,256,319,170,8,19,18,18,18,0,54,\N,\N,47,19,1:42.274,195.498,+1 Lap
5456,256,335,135,1,1,19,R,19,0,20,\N,\N,16,3,1:40.367,199.212,Brakes
5457,256,14,200,11,14,20,R,20,0,18,\N,\N,16,20,1:43.318,193.522,Gearbox
5458,257,17,73,8,3,1,1,1,25,49,1:39:20.396,5960396,45,1,1:58.287,191.706,Finished
5459,257,500,73,7,2,2,2,2,18,49,+16.099,5976495,38,5,1:59.732,189.392,Finished
5460,257,335,135,2,4,3,3,3,15,49,+23.182,5983578,42,4,1:59.560,189.665,Finished
5461,257,794,169,5,1,4,4,4,12,49,+38.799,5999195,32,12,2:00.218,188.627,Finished
5462,257,656,140,4,5,5,5,5,10,49,+40.213,6000609,45,13,2:00.236,188.599,Finished
5463,257,696,140,3,7,6,6,6,8,49,+44.163,6004559,45,11,2:00.204,188.649,Finished
5464,257,138,135,1,8,7,7,7,6,49,+45.280,6005676,45,9,1:59.970,189.017,Finished
5465,257,811,169,6,6,8,8,8,4,49,+46.360,6006756,45,3,1:59.487,189.781,Finished
5466,257,461,77,15,12,9,9,9,2,49,+53.008,6013404,39,7,1:59.906,189.118,Finished
5467,257,53,212,9,11,10,10,10,1,49,+1:02.489,6022885,47,6,1:59.833,189.233,Finished
5468,257,423,170,11,9,11,11,11,0,49,+1:09.093,6029489,33,14,2:00.474,188.226,Finished
5469,257,746,77,14,10,12,12,12,0,49,+1:22.958,6043354,49,2,1:59.393,189.930,Finished
5470,257,14,200,17,18,13,13,13,0,49,+1:32.656,6053052,28,8,1:59.964,189.026,Finished
5471,257,377,212,10,13,14,14,14,0,48,\N,\N,34,15,2:01.401,186.789,+1 Lap
5472,257,420,120,19,21,15,15,15,0,47,\N,\N,47,17,2:02.701,184.810,+2 Laps
5473,257,133,200,16,15,16,16,16,0,46,\N,\N,41,10,2:00.080,188.844,Electrical
5474,257,778,120,18,20,17,17,17,0,46,\N,\N,34,18,2:02.930,184.465,Hydraulics
5475,257,867,172,22,14,18,R,18,0,28,\N,\N,27,16,2:01.650,186.406,Hydraulics
5476,257,706,88,21,23,19,R,19,0,17,\N,\N,14,22,2:09.127,175.613,Overheating
5477,257,304,209,24,19,20,R,20,0,16,\N,\N,11,21,2:07.062,178.467,Gearbox
5478,257,593,170,12,17,21,R,21,0,13,\N,\N,7,19,2:04.307,182.422,Suspension
5479,257,418,172,23,16,22,R,22,0,11,\N,\N,4,20,2:05.044,181.347,Hydraulics
5480,257,868,209,25,22,23,R,23,0,2,\N,\N,2,23,2:09.361,175.295,Hydraulics
5481,257,158,88,20,24,24,R,24,0,1,\N,\N,\N,\N,\N,\N,Accident
5482,258,138,135,1,4,1,1,1,25,58,1:33:36.531,5616531,52,6,1:29.291,213.804,Finished
5483,258,423,170,11,9,2,2,2,18,58,+12.034,5628565,52,8,1:29.570,213.138,Finished
5484,258,500,73,7,5,3,3,3,15,58,+14.488,5631019,52,7,1:29.537,213.216,Finished
5485,258,17,73,8,3,4,4,4,12,58,+16.304,5632835,47,10,1:29.707,212.812,Finished
5486,258,656,140,4,6,5,5,5,10,58,+16.683,5633214,53,2,1:28.489,215.742,Finished
5487,258,335,135,2,11,6,6,6,8,58,+29.898,5646429,47,3,1:28.506,215.700,Finished
5488,258,461,77,15,13,7,7,7,6,58,+59.847,5676378,55,9,1:29.685,212.865,Finished
5489,258,53,212,9,8,8,8,8,4,58,+1:00.536,5677067,58,5,1:29.210,213.998,Finished
5490,258,811,169,6,2,9,9,9,2,58,+1:07.319,5683850,47,1,1:28.358,216.061,Finished
5491,258,696,140,3,7,10,10,10,1,58,+1:09.391,5685922,58,4,1:29.185,214.058,Finished
5492,258,14,200,17,17,11,11,11,0,58,+1:11.301,5687832,49,11,1:29.713,212.798,Finished
5493,258,867,172,22,14,12,12,12,0,58,+1:14.084,5690615,54,12,1:30.587,210.745,Finished
5494,258,420,120,19,19,13,13,13,0,56,\N,\N,52,14,1:33.638,203.878,+2 Laps
5495,258,158,88,20,22,14,14,14,0,53,\N,\N,48,16,1:35.045,200.860,+5 Laps
5496,258,304,209,24,23,15,R,15,0,41,\N,\N,37,15,1:34.230,202.597,Suspension
5497,258,868,209,25,24,16,R,16,0,26,\N,\N,17,17,1:36.607,197.613,Hydraulics
5498,258,794,169,5,1,17,R,17,0,25,\N,\N,22,13,1:31.556,208.515,Wheel
5499,258,746,77,14,10,18,R,18,0,9,\N,\N,6,19,1:43.223,184.947,Engine
5500,258,593,170,12,18,19,R,19,0,9,\N,\N,6,18,1:43.132,185.110,Spun off
5501,258,706,88,21,21,20,R,20,0,4,\N,\N,4,20,2:27.276,129.626,Hydraulics
5502,258,133,200,16,12,21,R,21,0,0,\N,\N,\N,\N,\N,\N,Collision
5503,258,377,212,10,15,22,R,22,0,0,\N,\N,\N,\N,\N,\N,Collision
5504,258,418,172,23,16,23,R,23,0,0,\N,\N,\N,\N,\N,\N,Collision
5505,258,778,120,18,20,24,W,24,0,0,\N,\N,\N,\N,\N,\N,Hydraulics
5506,259,794,169,5,3,1,1,1,25,56,1:33:48.412,5628412,53,6,1:37.813,204.009,Finished
5507,259,811,169,6,1,2,2,2,18,56,+4.849,5633261,53,1,1:37.054,205.605,Finished
5508,259,656,140,4,2,3,3,3,15,56,+13.504,5641916,53,8,1:38.129,203.352,Finished
5509,259,423,170,11,6,4,4,4,12,56,+18.589,5647001,55,7,1:38.074,203.466,Finished
5510,259,746,77,14,4,5,5,5,10,56,+21.059,5649471,55,9,1:38.160,203.288,Finished
5511,259,335,135,2,20,6,6,6,8,56,+23.471,5651883,32,4,1:37.745,204.151,Finished
5512,259,500,73,7,21,7,7,7,6,56,+27.068,5655480,48,5,1:37.784,204.070,Finished
5513,259,138,135,1,17,8,8,8,4,56,+37.918,5666330,49,10,1:38.501,202.584,Finished
5514,259,14,200,17,14,9,9,9,2,56,+1:10.602,5699014,44,13,1:39.489,200.572,Finished
5515,259,377,212,10,5,10,10,10,1,56,+1:13.399,5701811,51,11,1:39.124,201.311,Finished
5516,259,133,200,16,13,11,11,11,0,56,+1:18.938,5707350,54,3,1:37.610,204.433,Finished
5517,259,53,212,9,7,12,12,12,0,55,\N,\N,46,12,1:39.428,200.695,+1 Lap
5518,259,17,73,8,19,13,13,13,0,54,\N,\N,41,2,1:37.231,205.230,Engine
5519,259,868,209,25,24,14,14,14,0,53,\N,\N,28,18,1:43.224,193.315,+3 Laps
5520,259,158,88,20,22,15,15,15,0,53,\N,\N,40,21,1:44.790,190.426,+3 Laps
5521,259,706,88,21,23,16,16,16,0,52,\N,\N,39,22,1:45.334,189.443,+4 Laps
5522,259,778,120,18,18,17,17,17,0,51,\N,\N,31,20,1:43.753,192.329,+5 Laps
5523,259,420,120,19,15,18,R,18,0,46,\N,\N,44,17,1:42.701,194.299,+10 Laps
5524,259,593,170,12,11,19,R,19,0,32,\N,\N,32,14,1:40.693,198.174,Gearbox
5525,259,461,77,15,10,20,R,20,0,12,\N,\N,9,16,1:42.594,194.502,Throttle
5526,259,696,140,3,8,21,R,21,0,9,\N,\N,9,15,1:42.084,195.474,Wheel
5527,259,418,172,23,9,22,R,22,0,8,\N,\N,6,19,1:43.340,193.098,Engine
5528,259,304,209,24,16,23,R,23,0,2,\N,\N,2,23,1:46.388,187.566,Spun off
5529,259,867,172,22,12,24,W,24,0,0,\N,\N,\N,\N,\N,\N,Engine
5530,260,138,135,1,5,1,1,1,25,56,1:46:42.163,6402163,14,4,1:42.886,190.731,Finished
5531,260,335,135,2,6,2,2,2,18,56,+1.530,6403693,13,1,1:42.061,192.273,Finished
5532,260,656,140,4,4,3,3,3,15,56,+9.484,6411647,14,5,1:43.245,190.068,Finished
5533,260,17,73,8,3,4,4,4,12,56,+11.869,6414032,14,9,1:44.134,188.445,Finished
5534,260,423,170,11,8,5,5,5,10,56,+22.213,6424376,14,6,1:43.630,189.362,Finished
5535,260,794,169,5,1,6,6,6,8,56,+33.310,6435473,14,2,1:42.358,191.715,Finished
5536,260,593,170,12,14,7,7,7,6,56,+47.600,6449763,14,8,1:43.801,189.050,Finished
5537,260,811,169,6,2,8,8,8,4,56,+52.172,6454335,14,3,1:42.609,191.246,Finished
5538,260,500,73,7,7,9,9,9,2,56,+57.796,6459959,14,13,1:44.594,187.616,Finished
5539,260,696,140,3,9,10,10,10,1,56,+1:01.749,6463912,14,10,1:44.298,188.149,Finished
5540,260,746,77,14,10,11,11,11,0,56,+1:02.874,6465037,14,11,1:44.364,188.030,Finished
5541,260,53,212,9,11,12,12,12,0,56,+1:03.665,6465828,17,14,1:45.559,185.901,Finished
5542,260,14,200,17,12,13,13,13,0,56,+1:11.416,6473579,14,7,1:43.755,189.134,Finished
5543,260,420,120,19,21,14,14,14,0,55,\N,\N,14,15,1:47.141,183.156,+1 Lap
5544,260,377,212,10,16,15,15,15,0,55,\N,\N,13,12,1:44.549,187.697,+1 Lap
5545,260,706,88,21,23,16,16,16,0,54,\N,\N,16,17,1:48.216,181.337,+2 Laps
5546,260,158,88,20,24,17,17,17,0,52,\N,\N,15,18,1:48.788,180.383,+4 Laps
5547,260,778,120,18,20,18,R,18,0,26,\N,\N,14,19,1:49.675,178.925,Hydraulics
5548,260,868,209,25,22,19,R,19,0,8,\N,\N,7,20,1:53.185,173.376,Clutch
5549,260,867,172,22,17,20,R,20,0,7,\N,\N,6,16,1:47.739,182.140,Technical
5550,260,133,200,16,13,21,R,21,0,0,\N,\N,\N,\N,\N,\N,Accident
5551,260,418,172,23,15,22,R,22,0,0,\N,\N,\N,\N,\N,\N,Accident
5552,260,461,77,15,18,23,R,23,0,0,\N,\N,\N,\N,\N,\N,Accident
5553,260,304,209,24,19,24,W,24,0,0,\N,\N,\N,\N,\N,\N,Engine
5554,261,811,169,6,1,1,1,1,25,66,1:35:44.101,5744101,62,2,1:24.828,197.552,Finished
5555,261,17,73,8,4,2,2,2,18,66,+24.065,5768166,57,3,1:24.846,197.510,Finished
5556,261,794,169,5,2,3,3,3,15,66,+51.338,5795439,56,5,1:25.176,196.745,Finished
5557,261,696,140,3,6,4,4,4,12,66,+1:02.195,5806296,64,10,1:25.529,195.933,Finished
5558,261,138,135,1,5,5,5,5,10,66,+1:03.728,5807829,64,4,1:25.166,196.768,Finished
5559,261,500,73,7,9,6,6,6,8,66,+1:05.767,5809868,64,9,1:25.497,196.006,Finished
5560,261,746,77,14,11,7,7,7,6,66,+1:12.941,5817042,65,13,1:25.845,195.212,Finished
5561,261,423,170,11,7,8,8,8,4,66,+1:13.677,5817778,66,7,1:25.466,196.077,Finished
5562,261,53,212,9,17,9,9,9,2,65,\N,\N,59,12,1:25.728,195.478,+1 Lap
5563,261,14,200,17,15,10,10,10,1,65,\N,\N,63,11,1:25.655,195.645,+1 Lap
5564,261,593,170,12,19,11,11,11,0,65,\N,\N,63,8,1:25.470,196.068,+1 Lap
5565,261,418,172,23,10,12,12,12,0,65,\N,\N,62,15,1:26.083,194.672,+1 Lap
5566,261,656,140,4,8,13,13,13,0,65,\N,\N,50,6,1:25.455,196.103,+1 Lap
5567,261,335,135,2,3,14,14,14,0,64,\N,\N,59,1,1:24.357,198.655,Puncture
5568,261,461,77,15,16,15,15,15,0,64,\N,\N,63,14,1:25.924,195.032,Engine
5569,261,377,212,10,13,16,16,16,0,64,\N,\N,63,17,1:26.863,192.924,+2 Laps
5570,261,778,120,18,18,17,17,17,0,63,\N,\N,56,18,1:29.564,187.106,+3 Laps
5571,261,304,209,24,22,18,18,18,0,63,\N,\N,60,19,1:29.776,186.664,+3 Laps
5572,261,868,209,25,23,19,19,19,0,62,\N,\N,47,20,1:29.904,186.398,+4 Laps
5573,261,133,200,16,14,20,R,20,0,42,\N,\N,41,16,1:26.724,193.233,Hydraulics
5574,261,158,88,20,24,21,R,21,0,27,\N,\N,26,22,1:32.041,182.071,Suspension
5575,261,867,172,22,12,22,R,22,0,18,\N,\N,9,21,1:30.411,185.353,Collision
5576,261,706,88,21,21,23,R,23,0,0,\N,\N,\N,\N,\N,\N,Accident
5577,261,420,120,19,20,24,W,24,0,0,\N,\N,\N,\N,\N,\N,Gearbox
5578,262,811,169,6,1,1,1,1,25,78,1:50:13.355,6613355,63,2,1:15.318,159.643,Finished
5579,262,794,169,5,3,2,2,2,18,78,+0.448,6613803,71,1,1:15.192,159.910,Finished
5580,262,423,170,11,2,3,3,3,15,78,+1.675,6615030,72,3,1:15.353,159.568,Finished
5581,262,500,73,7,4,4,4,4,12,78,+2.666,6616021,68,4,1:15.503,159.251,Finished
5582,262,335,135,2,5,5,5,5,10,78,+4.363,6617718,68,10,1:16.219,157.755,Finished
5583,262,17,73,8,24,6,6,6,8,78,+6.341,6619696,73,6,1:15.905,158.408,Finished
5584,262,656,140,4,6,7,7,7,6,78,+6.651,6620006,65,7,1:15.959,158.295,Finished
5585,262,746,77,14,12,8,8,8,4,78,+6.970,6620325,72,8,1:15.963,158.287,Finished
5586,262,461,77,15,10,9,9,9,2,78,+7.305,6620660,72,9,1:16.142,157.915,Finished
5587,262,133,200,16,13,10,10,10,1,78,+8.199,6621554,68,13,1:16.493,157.190,Finished
5588,262,14,200,17,17,11,11,11,0,78,+9.135,6622490,73,11,1:16.381,157.421,Finished
5589,262,696,140,3,7,12,12,12,0,78,+5.712,6619067,71,5,1:15.580,159.089,Finished
5590,262,593,170,12,14,13,13,13,0,73,\N,\N,60,12,1:16.405,157.371,Brakes
5591,262,158,88,20,23,14,14,14,0,70,\N,\N,69,19,1:19.553,151.144,Collision
5592,262,778,120,18,19,15,15,15,0,70,\N,\N,69,18,1:19.340,151.550,Collision
5593,262,420,120,19,18,16,R,16,0,58,\N,\N,57,14,1:18.401,153.365,Steering
5594,262,706,88,21,22,17,R,17,0,58,\N,\N,58,20,1:20.130,150.056,Hydraulics
5595,262,53,212,9,9,18,R,18,0,30,\N,\N,22,16,1:19.074,152.060,Suspension
5596,262,418,172,23,16,19,R,19,0,26,\N,\N,24,15,1:18.775,152.637,Gearbox
5597,262,868,209,25,21,20,R,20,0,25,\N,\N,19,22,1:22.255,146.179,Wheel
5598,262,304,209,24,20,21,R,21,0,22,\N,\N,11,21,1:20.775,148.857,Track rod
5599,262,867,172,22,15,22,R,22,0,21,\N,\N,21,17,1:19.270,151.684,Hydraulics
5600,262,138,135,1,8,23,R,23,0,2,\N,\N,2,23,2:14.285,89.5400,Engine
5601,262,377,212,10,11,24,R,24,0,0,\N,\N,\N,\N,\N,\N,Front wing
5602,263,335,135,2,2,1,1,1,25,58,1:28:47.620,5327620,54,12,1:30.075,213.342,Finished
5603,263,138,135,1,4,2,2,2,18,58,+2.645,5330265,42,7,1:29.895,213.769,Finished
5604,263,811,169,6,1,3,3,3,15,58,+24.285,5351905,54,2,1:29.195,215.447,Finished
5605,263,696,140,3,5,4,4,4,12,58,+31.110,5358730,53,6,1:29.810,213.971,Finished
5606,263,656,140,4,6,5,5,5,10,58,+32.266,5359886,52,9,1:29.977,213.574,Finished
5607,263,423,170,11,7,6,6,6,8,58,+32.824,5360444,57,4,1:29.580,214.521,Finished
5608,263,500,73,7,8,7,7,7,6,58,+36.635,5364255,58,10,1:29.996,213.529,Finished
5609,263,17,73,8,12,8,8,8,4,58,+46.544,5374164,56,11,1:30.011,213.493,Finished
5610,263,746,77,14,11,9,9,9,2,58,+49.029,5376649,55,8,1:29.959,213.617,Finished
5611,263,418,172,23,10,10,10,10,1,58,+1:05.650,5393270,42,16,1:30.891,211.426,Finished
5612,263,867,172,22,13,11,11,11,0,58,+1:05.944,5393564,50,14,1:30.421,212.525,Finished
5613,263,14,200,17,16,12,12,12,0,58,+1:07.800,5395420,50,3,1:29.535,214.628,Finished
5614,263,461,77,15,18,13,13,13,0,57,\N,\N,53,18,1:31.421,210.201,+1 Lap
5615,263,53,212,9,15,14,14,14,0,57,\N,\N,53,17,1:30.933,211.329,+1 Lap
5616,263,593,170,12,9,15,15,15,0,57,\N,\N,57,1,1:29.165,215.519,+1 Lap
5617,263,133,200,16,14,16,16,16,0,57,\N,\N,57,5,1:29.588,214.501,+1 Lap
5618,263,377,212,10,17,17,17,17,0,57,\N,\N,51,15,1:30.620,212.059,+1 Lap
5619,263,304,209,24,21,18,18,18,0,55,\N,\N,48,19,1:32.265,208.278,+3 Laps
5620,263,868,209,25,23,19,19,19,0,55,\N,\N,55,20,1:33.257,206.062,+3 Laps
5621,263,158,88,20,24,20,20,20,0,52,\N,\N,37,24,1:34.585,203.169,Fuel pump
5622,263,706,88,21,22,21,R,21,0,46,\N,\N,35,21,1:34.247,203.898,Fuel pressure
5623,263,794,169,5,3,22,R,22,0,39,\N,\N,37,13,1:30.181,213.091,Collision
5624,263,420,120,19,20,23,R,23,0,33,\N,\N,26,22,1:34.363,203.647,Hydraulics
5625,263,778,120,18,19,24,R,24,0,32,\N,\N,26,23,1:34.463,203.432,Hydraulics
5626,264,335,135,2,1,1,1,1,25,70,1:33:53.456,5633456,62,2,1:17.806,201.778,Finished
5627,264,138,135,1,4,2,2,2,18,70,+2.254,5635710,66,4,1:18.144,200.906,Finished
5628,264,17,73,8,3,3,3,3,15,70,+9.214,5642670,44,6,1:18.207,200.744,Finished
5629,264,794,169,5,2,4,4,4,12,70,+37.817,5671273,62,8,1:18.417,200.206,Finished
5630,264,811,169,6,7,5,5,5,10,70,+39.291,5672747,62,5,1:18.148,200.895,Finished
5631,264,656,140,4,10,6,6,6,8,70,+56.084,5689540,68,3,1:17.832,201.711,Finished
5632,264,423,170,11,8,7,7,7,6,70,+57.300,5690756,67,1,1:16.972,203.965,Finished
5633,264,133,200,16,15,8,8,8,4,69,\N,\N,39,15,1:19.784,196.776,+1 Lap
5634,264,461,77,15,5,9,9,9,2,69,\N,\N,66,11,1:19.349,197.855,+1 Lap
5635,264,746,77,14,9,10,10,10,1,69,\N,\N,68,13,1:19.530,197.404,+1 Lap
5636,264,696,140,3,13,11,11,11,0,69,\N,\N,44,14,1:19.577,197.288,+1 Lap
5637,264,14,200,17,16,12,12,12,0,69,\N,\N,69,16,1:19.842,196.633,+1 Lap
5638,264,377,212,10,12,13,13,13,0,69,\N,\N,64,9,1:18.912,198.950,+1 Lap
5639,264,53,212,9,11,14,14,14,0,69,\N,\N,65,10,1:19.175,198.289,+1 Lap
5640,264,500,73,7,6,15,15,15,0,69,\N,\N,45,7,1:18.325,200.441,+1 Lap
5641,264,420,120,19,19,16,16,16,0,68,\N,\N,65,18,1:20.654,194.653,+2 Laps
5642,264,593,170,12,14,17,17,17,0,68,\N,\N,58,12,1:19.453,197.596,+2 Laps
5643,264,158,88,20,24,18,18,18,0,66,\N,\N,47,21,1:21.884,191.729,+4 Laps
5644,264,868,209,25,23,19,19,19,0,65,\N,\N,49,22,1:21.937,191.605,+5 Laps
5645,264,304,209,24,21,20,R,20,0,55,\N,\N,43,20,1:21.669,192.234,Mechanical
5646,264,778,120,18,20,21,R,21,0,47,\N,\N,38,19,1:20.791,194.323,Brakes
5647,264,867,172,22,17,22,R,22,0,31,\N,\N,21,17,1:20.574,194.846,Engine
5648,264,706,88,21,22,23,R,23,0,14,\N,\N,5,23,1:24.524,185.741,Hydraulics
5649,264,418,172,23,18,24,R,24,0,1,\N,\N,\N,\N,\N,\N,Accident
5650,265,794,169,5,1,1,1,1,25,57,1:40:29.571,6029571,52,3,1:39.141,196.774,Finished
5651,265,335,135,2,3,2,2,2,18,57,+5.042,6034613,56,4,1:39.156,196.744,Finished
5652,265,138,135,1,7,3,3,3,15,57,+12.658,6042229,54,1,1:38.766,197.521,Finished
5653,265,53,212,9,9,4,4,4,12,57,+25.627,6055198,56,5,1:39.489,196.085,Finished
5654,265,423,170,11,6,5,5,5,10,57,+27.122,6056693,55,7,1:39.542,195.981,Finished
5655,265,746,77,14,13,6,6,6,8,57,+30.168,6059739,52,8,1:39.803,195.469,Finished
5656,265,418,172,23,18,7,7,7,6,57,+30.965,6060536,57,6,1:39.517,196.030,Finished
5657,265,17,73,8,4,8,8,8,4,57,+32.809,6062380,50,10,1:39.889,195.300,Finished
5658,265,133,200,16,11,9,9,9,2,57,+36.299,6065870,53,11,1:40.084,194.920,Finished
5659,265,656,140,4,12,10,10,10,1,57,+44.382,6073953,57,9,1:39.878,195.322,Finished
5660,265,500,73,7,5,11,11,11,0,57,+46.621,6076192,52,13,1:40.208,194.679,Finished
5661,265,867,172,22,16,12,12,12,0,57,+47.414,6076985,56,16,1:40.430,194.248,Finished
5662,265,14,200,17,17,13,13,13,0,57,+48.239,6077810,55,15,1:40.327,194.448,Finished
5663,265,593,170,12,10,14,14,14,0,57,+48.287,6077858,57,12,1:40.100,194.889,Finished
5664,265,696,140,3,15,15,15,15,0,57,+48.826,6078397,53,2,1:38.968,197.118,Finished
5665,265,461,77,15,14,16,16,16,0,57,+50.890,6080461,52,14,1:40.305,194.490,Finished
5666,265,868,209,25,21,17,17,17,0,56,\N,\N,45,20,1:42.414,190.485,+1 Lap
5667,265,158,88,20,23,18,18,18,0,55,\N,\N,51,22,1:43.820,187.905,+2 Laps
5668,265,304,209,24,22,19,19,19,0,55,\N,\N,48,19,1:42.319,190.662,+2 Laps
5669,265,706,88,21,24,20,20,20,0,55,\N,\N,55,21,1:42.927,189.536,+2 Laps
5670,265,778,120,18,19,21,21,21,0,53,\N,\N,53,18,1:41.770,191.691,+4 Laps
5671,265,377,212,10,8,22,R,22,0,49,\N,\N,46,17,1:40.790,193.554,Exhaust
5672,265,420,120,19,20,23,R,23,0,8,\N,\N,8,24,1:46.130,183.816,Collision
5673,265,811,169,6,2,24,R,24,0,8,\N,\N,5,23,1:44.064,187.465,Collision
5674,266,811,169,6,2,1,1,1,25,52,1:24:38.200,5078200,45,4,1:32.364,229.608,Finished
5675,266,335,135,2,4,2,2,2,18,52,+1.360,5079560,43,6,1:32.758,228.633,Finished
5676,266,656,140,4,5,3,3,3,15,52,+21.307,5099507,50,7,1:32.952,228.156,Finished
5677,266,138,135,1,14,4,4,4,12,52,+21.986,5100186,52,9,1:33.003,228.031,Finished
5678,266,53,212,9,8,5,5,5,10,52,+31.456,5109656,50,11,1:33.615,226.540,Finished
5679,266,418,172,23,12,6,6,6,8,52,+32.171,5110371,52,10,1:33.558,226.678,Finished
5680,266,794,169,5,1,7,7,7,6,52,+36.734,5114934,52,3,1:31.967,230.600,Finished
5681,266,746,77,14,11,8,8,8,4,52,+40.932,5119132,42,16,1:34.337,224.806,Finished
5682,266,696,140,3,10,9,9,9,2,52,+41.599,5119799,47,15,1:34.171,225.203,Finished
5683,266,377,212,10,13,10,10,10,1,52,+42.012,5120212,48,13,1:33.989,225.639,Finished
5684,266,461,77,15,20,11,11,11,0,52,+42.459,5120659,51,14,1:34.018,225.569,Finished
5685,266,133,200,16,16,12,12,12,0,52,+47.627,5125827,52,8,1:32.980,228.087,Finished
5686,266,593,170,12,15,13,13,13,0,52,+59.374,5137574,52,5,1:32.484,229.311,Finished
5687,266,17,73,8,3,14,14,14,0,52,+1:02.385,5140585,52,1,1:30.874,233.373,Finished
5688,266,500,73,7,7,15,15,15,0,52,+1:07.489,5145689,52,2,1:31.646,231.407,Finished
5689,266,778,120,18,21,16,16,16,0,51,\N,\N,44,20,1:36.519,219.724,+1 Lap
5690,266,420,120,19,18,17,17,17,0,51,\N,\N,48,18,1:36.251,220.336,+1 Lap
5691,266,304,209,24,19,18,18,18,0,50,\N,\N,49,19,1:36.415,219.961,+2 Laps
5692,266,158,88,20,23,19,19,19,0,50,\N,\N,40,23,1:38.798,214.656,+2 Laps
5693,266,838,88,21,24,20,20,20,0,50,\N,\N,50,22,1:38.309,215.723,+2 Laps
5694,266,14,200,17,17,21,R,21,0,44,\N,\N,43,12,1:33.748,226.219,Brakes
5695,266,867,172,22,9,22,R,22,0,29,\N,\N,23,17,1:35.883,221.182,Collision
5696,266,423,170,11,6,23,R,23,0,19,\N,\N,12,21,1:36.846,218.982,Driveshaft
5697,266,868,209,25,22,24,R,24,0,9,\N,\N,7,24,1:40.641,210.725,Hydraulics
5698,267,17,73,8,2,1,1,1,25,67,1:27:38.864,5258864,66,2,1:15.880,217.005,Finished
5699,267,500,73,7,3,2,2,2,18,67,+4.196,5263060,66,3,1:16.097,216.386,Finished
5700,267,794,169,5,1,3,3,3,15,67,+5.121,5263985,67,1,1:15.824,217.166,Finished
5701,267,335,135,2,6,4,4,4,12,67,+26.896,5285760,65,5,1:16.503,215.238,Finished
5702,267,138,135,1,5,5,5,5,10,67,+29.482,5288346,65,4,1:16.451,215.385,Finished
5703,267,811,169,6,4,6,6,6,8,67,+43.606,5302470,57,9,1:16.678,214.747,Finished
5704,267,423,170,11,7,7,7,7,6,66,\N,\N,62,16,1:17.166,213.389,+1 Lap
5705,267,656,140,4,9,8,8,8,4,66,\N,\N,66,8,1:16.609,214.940,+1 Lap
5706,267,696,140,3,11,9,9,9,2,66,\N,\N,66,14,1:17.088,213.605,+1 Lap
5707,267,593,170,12,13,10,10,10,1,66,\N,\N,62,17,1:17.198,213.300,+1 Lap
5708,267,418,172,23,12,11,11,11,0,66,\N,\N,63,15,1:17.100,213.571,+1 Lap
5709,267,53,212,9,8,12,12,12,0,66,\N,\N,63,13,1:17.029,213.768,+1 Lap
5710,267,377,212,10,10,13,13,13,0,66,\N,\N,61,11,1:16.836,214.305,+1 Lap
5711,267,867,172,22,14,14,14,14,0,66,\N,\N,61,6,1:16.527,215.171,+1 Lap
5712,267,14,200,17,15,15,15,15,0,66,\N,\N,66,12,1:16.971,213.929,+1 Lap
5713,267,461,77,15,21,16,16,16,0,65,\N,\N,64,7,1:16.596,214.977,+2 Laps
5714,267,746,77,14,19,17,17,17,0,65,\N,\N,65,10,1:16.687,214.722,+2 Laps
5715,267,304,209,24,23,18,18,18,0,64,\N,\N,62,18,1:18.211,210.538,+3 Laps
5716,267,706,88,21,20,19,19,19,0,63,\N,\N,57,21,1:20.861,203.638,+4 Laps
5717,267,420,120,19,18,20,R,20,0,56,\N,\N,51,19,1:20.664,204.135,Collision
5718,267,868,209,25,24,21,R,21,0,50,\N,\N,49,20,1:20.703,204.037,Gearbox
5719,267,838,88,20,22,22,R,22,0,19,\N,\N,16,22,1:23.541,197.105,Engine
5720,267,778,120,18,17,23,R,23,0,3,\N,\N,2,23,2:14.452,122.470,Gearbox
5721,267,133,200,16,16,24,R,24,0,1,\N,\N,\N,\N,\N,\N,Collision
5722,268,811,169,6,2,1,1,1,25,70,1:41:05.571,6065571,46,2,1:22.651,190.821,Finished
5723,268,17,73,8,3,2,2,2,18,70,+17.821,6083392,67,4,1:23.195,189.573,Finished
5724,268,794,169,5,1,3,3,3,15,70,+19.252,6084823,70,1,1:22.362,191.491,Finished
5725,268,500,73,7,4,4,4,4,12,70,+27.474,6093045,69,5,1:23.329,189.269,Finished
5726,268,593,170,12,7,5,5,5,10,70,+1:13.192,6138763,61,6,1:23.799,188.207,Finished
5727,268,377,212,10,10,6,6,6,8,70,+1:16.723,6142294,66,7,1:24.204,187.302,Finished
5728,268,867,172,22,9,7,7,7,6,69,\N,\N,65,10,1:24.342,186.995,+1 Lap
5729,268,138,135,1,11,8,8,8,4,69,\N,\N,61,8,1:24.205,187.300,+1 Lap
5730,268,418,172,23,23,9,9,9,2,69,\N,\N,68,9,1:24.282,187.128,+1 Lap
5731,268,53,212,9,12,10,10,10,1,69,\N,\N,68,3,1:22.811,190.452,+1 Lap
5732,268,696,140,3,14,11,11,11,0,69,\N,\N,64,12,1:25.372,184.739,+1 Lap
5733,268,133,200,16,15,12,12,12,0,69,\N,\N,58,13,1:25.449,184.573,+1 Lap
5734,268,461,77,15,16,13,13,13,0,69,\N,\N,58,11,1:25.358,184.770,+1 Lap
5735,268,420,120,19,19,14,14,14,0,67,\N,\N,64,18,1:27.457,180.335,+3 Laps
5736,268,778,120,18,20,15,15,15,0,67,\N,\N,58,17,1:27.429,180.393,+3 Laps
5737,268,304,209,24,18,16,16,16,0,67,\N,\N,59,19,1:27.674,179.889,+3 Laps
5738,268,706,88,21,22,17,17,17,0,67,\N,\N,61,21,1:28.093,179.033,+3 Laps
5739,268,868,209,25,21,18,18,18,0,66,\N,\N,62,16,1:27.287,180.686,+4 Laps
5740,268,838,88,20,24,19,19,19,0,66,\N,\N,59,23,1:29.278,176.657,+4 Laps
5741,268,335,135,2,5,20,R,20,0,23,\N,\N,22,14,1:26.258,182.842,Gearbox
5742,268,423,170,11,8,21,R,21,0,23,\N,\N,21,15,1:26.825,181.648,Retired
5743,268,656,140,4,6,22,R,22,0,15,\N,\N,13,20,1:27.954,179.316,Wheel
5744,268,746,77,14,13,23,R,23,0,15,\N,\N,12,22,1:28.177,178.862,Collision
5745,268,14,200,17,17,24,R,24,0,1,\N,\N,\N,\N,\N,\N,Engine
5746,269,335,135,2,2,1,1,1,25,44,1:29:04.268,5344268,32,1,1:49.069,231.178,Finished
5747,269,811,169,6,1,2,2,2,18,44,+1.571,5345839,32,2,1:49.395,230.489,Finished
5748,269,423,170,11,3,3,3,3,15,44,+3.493,5347761,29,3,1:49.807,229.624,Finished
5749,269,500,73,7,6,4,4,4,12,44,+8.264,5352532,26,4,1:50.111,228.990,Finished
5750,269,746,77,14,8,5,5,5,10,44,+9.094,5353362,25,5,1:50.477,228.232,Finished
5751,269,656,140,4,14,6,6,6,8,44,+12.359,5356627,31,10,1:51.688,225.757,Finished
5752,269,696,140,3,21,7,7,7,6,44,+15.548,5359816,32,13,1:51.914,225.301,Finished
5753,269,418,172,23,17,8,8,8,4,44,+16.678,5360946,29,11,1:51.749,225.634,Finished
5754,269,593,170,12,23,9,9,9,2,44,+23.851,5368119,32,7,1:51.175,226.799,Finished
5755,269,461,77,15,12,10,10,10,1,44,+34.831,5379099,31,14,1:52.267,224.593,Finished
5756,269,867,172,22,24,11,11,11,0,44,+36.019,5380287,31,15,1:52.537,224.054,Finished
5757,269,133,200,16,16,12,12,12,0,44,+39.895,5384163,30,17,1:52.966,223.203,Finished
5758,269,14,200,17,11,13,13,13,0,44,+49.457,5393725,31,9,1:51.576,225.984,Finished
5759,269,377,212,10,9,14,14,14,0,43,\N,\N,28,12,1:51.864,225.402,+1 Lap
5760,269,794,169,5,4,15,15,15,0,43,\N,\N,22,6,1:50.868,227.427,+1 Lap
5761,269,420,120,19,13,16,16,16,0,43,\N,\N,23,22,1:55.797,217.746,+1 Lap
5762,269,868,209,25,22,17,17,17,0,43,\N,\N,25,21,1:55.705,217.919,+1 Lap
5763,269,304,209,24,20,18,18,18,0,43,\N,\N,31,19,1:55.268,218.745,+1 Lap
5764,269,778,120,18,15,19,19,19,0,43,\N,\N,24,18,1:55.103,219.059,+1 Lap
5765,269,838,88,20,19,20,20,20,0,42,\N,\N,31,20,1:55.484,218.336,+2 Laps
5766,269,17,73,8,10,21,R,21,0,37,\N,\N,29,8,1:51.374,226.393,Accident
5767,269,138,135,1,5,22,R,22,0,15,\N,\N,6,16,1:52.879,223.375,Collision
5768,269,706,88,21,18,23,R,23,0,5,\N,\N,5,23,2:20.201,179.844,Retired
5769,269,53,212,9,7,24,R,24,0,0,\N,\N,\N,\N,\N,\N,Collision
5770,270,17,73,8,1,1,1,1,25,53,1:16:24.572,4584572,52,1,1:24.139,247.861,Finished
5771,270,138,135,1,2,2,2,2,18,53,+2.938,4587510,46,8,1:24.598,246.516,Finished
5772,270,500,73,7,3,3,3,3,15,53,+4.223,4588795,51,6,1:24.575,246.583,Finished
5773,270,794,169,5,6,4,4,4,12,53,+28.196,4612768,50,4,1:24.493,246.822,Finished
5774,270,656,140,4,7,5,5,5,10,53,+29.942,4614514,52,3,1:24.491,246.828,Finished
5775,270,811,169,6,4,6,6,6,8,53,+31.276,4615848,52,2,1:24.278,247.452,Finished
5776,270,377,212,10,8,7,7,7,6,53,+32.812,4617384,52,7,1:24.576,246.580,Finished
5777,270,423,170,11,9,8,8,8,4,53,+34.028,4618600,48,5,1:24.560,246.627,Finished
5778,270,696,140,3,12,9,9,9,2,53,+44.948,4629520,49,11,1:24.947,245.503,Finished
5779,270,53,212,9,10,10,10,10,1,53,+1:04.213,4648785,48,14,1:25.239,244.662,Finished
5780,270,133,200,16,14,11,11,11,0,53,+1:05.056,4649628,51,13,1:25.224,244.705,Finished
5781,270,461,77,15,19,12,12,12,0,53,+1:06.106,4650678,51,12,1:25.102,245.056,Finished
5782,270,593,170,12,20,13,13,13,0,53,+1:18.919,4663491,53,9,1:24.644,246.382,Finished
5783,270,867,172,22,16,14,14,14,0,52,\N,\N,47,16,1:26.325,241.584,+1 Lap
5784,270,14,200,17,15,15,15,15,0,52,\N,\N,51,15,1:25.472,243.995,+1 Lap
5785,270,746,77,14,11,16,16,16,0,52,\N,\N,51,10,1:24.937,245.532,+1 Lap
5786,270,304,209,24,24,17,17,17,0,51,\N,\N,50,17,1:27.765,237.620,+2 Laps
5787,270,420,120,19,18,18,18,18,0,51,\N,\N,50,18,1:27.822,237.466,+2 Laps
5788,270,838,88,20,23,19,19,19,0,51,\N,\N,45,20,1:28.875,234.653,+2 Laps
5789,270,868,209,25,21,20,20,20,0,50,\N,\N,46,19,1:28.171,236.526,+3 Laps
5790,270,778,120,18,17,21,R,21,0,46,\N,\N,30,21,1:29.017,234.278,Engine
5791,270,706,88,21,22,22,R,22,0,11,\N,\N,10,22,1:30.880,229.476,Retired
5792,270,335,135,2,5,23,R,23,0,0,\N,\N,\N,\N,\N,\N,Collision
5793,270,418,172,23,13,24,R,24,0,0,\N,\N,\N,\N,\N,\N,Gearbox
5794,271,17,73,8,1,1,1,1,25,61,1:57:53.579,7073579,58,1,1:47.976,169.137,Finished
5795,271,794,169,5,2,2,2,2,18,61,+0.293,7073872,59,2,1:48.141,168.879,Finished
5796,271,811,169,6,5,3,3,3,15,61,+29.141,7102720,54,5,1:49.706,166.470,Finished
5797,271,138,135,1,4,4,4,4,12,61,+30.384,7103963,61,7,1:49.711,166.462,Finished
5798,271,656,140,4,7,5,5,5,10,61,+49.394,7122973,55,8,1:50.125,165.837,Finished
5799,271,53,212,9,6,6,6,6,8,61,+56.101,7129680,52,9,1:50.334,165.522,Finished
5800,271,423,170,11,8,7,7,7,6,61,+1:26.559,7160138,56,3,1:49.255,167.157,Finished
5801,271,500,73,7,24,8,8,8,4,61,+1:53.297,7186876,45,12,1:52.079,162.945,Finished
5802,271,746,77,14,15,9,9,9,2,61,+2:02.416,7195995,45,15,1:52.473,162.374,Finished
5803,271,377,212,10,17,10,10,10,1,61,+2:12.791,7206370,45,13,1:52.213,162.751,Finished
5804,271,593,170,12,12,11,11,11,0,60,\N,\N,46,11,1:51.903,163.202,+1 Lap
5805,271,14,200,17,11,12,12,12,0,60,\N,\N,43,14,1:52.333,162.577,+1 Lap
5806,271,696,140,3,9,13,13,13,0,60,\N,\N,54,4,1:49.680,166.509,+1 Lap
5807,271,133,200,16,13,14,14,14,0,60,\N,\N,59,6,1:49.710,166.464,+1 Lap
5808,271,868,209,25,20,15,15,15,0,59,\N,\N,55,17,1:52.513,162.317,+2 Laps
5809,271,420,120,19,19,16,16,16,0,58,\N,\N,53,18,1:53.051,161.544,Engine
5810,271,304,209,24,18,17,R,17,0,49,\N,\N,38,19,1:53.559,160.822,Hydraulics
5811,271,350,172,22,14,18,R,18,0,36,\N,\N,29,16,1:52.475,162.372,Collision
5812,271,335,135,2,3,19,R,19,0,35,\N,\N,31,10,1:50.750,164.901,Collision
5813,271,415,88,20,22,20,R,20,0,31,\N,\N,23,22,1:57.766,155.077,Hydraulics
5814,271,418,172,23,10,21,R,21,0,30,\N,\N,22,20,1:53.957,160.260,Accident
5815,271,706,88,21,23,22,R,22,0,29,\N,\N,19,23,1:57.962,154.819,Accident
5816,271,778,120,18,21,23,R,23,0,27,\N,\N,20,21,1:56.386,156.915,Hydraulics
5817,271,461,77,15,16,24,R,24,0,1,\N,\N,\N,\N,\N,\N,Collision
5818,272,794,169,5,1,1,1,1,25,53,1:30:27.323,5427323,51,3,1:33.653,223.219,Finished
5819,272,811,169,6,2,2,2,2,18,53,+0.905,5428228,53,1,1:33.474,223.647,Finished
5820,272,17,73,8,4,3,3,3,15,53,+2.721,5430044,53,4,1:33.823,222.815,Finished
5821,272,138,135,1,5,4,4,4,12,53,+13.522,5440845,53,2,1:33.529,223.515,Finished
5822,272,335,135,2,8,5,5,5,10,53,+39.595,5466918,35,9,1:35.182,219.633,Finished
5823,272,696,140,3,10,6,6,6,8,53,+59.933,5487256,52,7,1:34.853,220.395,Finished
5824,272,418,172,23,14,7,7,7,6,53,+1:04.038,5491361,50,6,1:34.486,221.251,Finished
5825,272,350,172,22,11,8,8,8,4,53,+1:09.648,5496971,52,10,1:35.521,218.854,Finished
5826,272,53,212,9,7,9,9,9,2,53,+1:10.846,5498169,53,11,1:35.597,218.680,Finished
5827,272,133,200,16,18,10,10,10,1,53,+1:12.806,5500129,52,8,1:35.116,219.786,Finished
5828,272,14,200,17,16,11,11,11,0,52,\N,\N,49,5,1:34.365,221.535,+1 Lap
5829,272,420,120,19,20,12,12,12,0,52,\N,\N,51,14,1:37.620,214.148,+1 Lap
5830,272,778,120,18,19,13,13,13,0,51,\N,\N,28,15,1:39.710,209.660,+2 Laps
5831,272,304,209,24,22,14,14,14,0,51,\N,\N,51,17,1:39.813,209.443,+2 Laps
5832,272,706,88,21,23,15,15,15,0,51,\N,\N,49,18,1:40.329,208.366,+2 Laps
5833,272,838,88,20,24,16,16,16,0,50,\N,\N,33,16,1:39.806,209.458,+3 Laps
5834,272,656,140,4,6,17,R,17,0,47,\N,\N,44,12,1:36.108,217.517,Suspension
5835,272,746,77,14,15,18,R,18,0,44,\N,\N,43,13,1:36.319,217.041,Oil leak
5836,272,423,170,11,3,19,R,19,0,2,\N,\N,2,19,2:41.378,129.541,Wheel
5837,272,377,212,10,9,20,R,20,0,0,\N,\N,\N,\N,\N,\N,Accident
5838,272,500,73,7,12,21,R,21,0,0,\N,\N,\N,\N,\N,\N,Accident
5839,272,593,170,12,13,22,R,22,0,0,\N,\N,\N,\N,\N,\N,Accident
5840,272,461,77,15,17,23,R,23,0,0,\N,\N,\N,\N,\N,\N,Accident
5841,272,868,209,25,21,24,R,24,0,0,\N,\N,\N,\N,\N,\N,Suspension
5842,273,17,73,8,3,1,1,1,25,55,2:48:20.810,10100810,42,1,1:50.257,183.335,Finished
5843,273,335,135,2,4,2,2,2,18,55,+14.999,10115809,42,3,1:50.430,183.048,Finished
5844,273,500,73,7,6,3,3,3,15,55,+30.868,10131678,44,4,1:50.502,182.928,Finished
5845,273,696,140,3,9,4,4,4,12,55,+39.688,10140498,43,8,1:51.835,180.748,Finished
5846,273,423,170,11,8,5,5,5,10,55,+47.734,10148544,45,7,1:51.604,181.122,Finished
5847,273,461,77,15,17,6,6,6,8,55,+53.571,10154381,45,5,1:51.371,181.501,Finished
5848,273,53,212,9,10,7,7,7,6,55,+1:09.257,10170067,45,6,1:51.564,181.187,Finished
5849,273,418,172,23,12,8,8,8,4,55,+1:17.889,10178699,42,14,1:53.086,178.748,Finished
5850,273,350,172,22,13,9,9,9,2,55,+1:20.107,10180917,42,15,1:53.263,178.469,Finished
5851,273,377,212,10,11,10,10,10,1,55,+1:20.851,10181661,43,10,1:51.982,180.511,Finished
5852,273,14,200,17,15,11,11,11,0,55,+1:24.146,10184956,43,9,1:51.962,180.543,Finished
5853,273,138,135,1,7,12,12,12,0,55,+1:29.939,10190749,42,11,1:52.193,180.171,Finished
5854,273,420,120,19,21,13,13,13,0,54,\N,\N,43,16,1:55.018,175.746,+1 Lap
5855,273,706,88,21,24,14,14,14,0,53,\N,\N,30,20,1:59.290,169.452,+2 Laps
5856,273,838,88,20,23,15,15,15,0,53,\N,\N,36,19,1:58.313,170.851,+2 Laps
5857,273,746,77,14,14,16,R,16,0,46,\N,\N,40,12,1:52.601,179.518,Collision
5858,273,794,169,5,1,17,R,17,0,45,\N,\N,44,2,1:50.375,183.139,Engine
5859,273,593,170,12,20,18,R,18,0,39,\N,\N,39,13,1:53.031,178.835,Accident
5860,273,304,209,24,19,19,R,19,0,31,\N,\N,29,18,1:58.102,171.157,Collision
5861,273,133,200,16,16,20,R,20,0,30,\N,\N,27,17,1:56.768,173.112,Collision
5862,273,868,209,25,22,21,R,21,0,25,\N,\N,25,23,2:02.635,164.830,Accident
5863,273,778,120,18,18,22,R,22,0,25,\N,\N,20,24,2:05.161,161.503,Hydraulics
5864,273,811,169,6,2,23,R,23,0,18,\N,\N,18,21,2:00.025,168.414,Accident
5865,273,656,140,4,5,24,R,24,0,18,\N,\N,18,22,2:00.652,167.539,Collision
5866,274,794,169,5,2,1,1,1,25,71,1:33:11.803,5591803,70,6,1:14.283,208.828,Finished
5867,274,811,169,6,3,2,2,2,18,71,+4.243,5596046,69,4,1:14.047,209.493,Finished
5868,274,17,73,8,5,3,3,3,15,71,+6.807,5598610,67,2,1:13.855,210.038,Finished
5869,274,335,135,2,4,4,4,4,12,71,+14.634,5606437,66,1,1:13.851,210.049,Finished
5870,274,138,135,1,11,5,5,5,10,71,+15.593,5607396,71,3,1:13.932,209.819,Finished
5871,274,656,140,4,13,6,6,6,8,71,+35.320,5627123,65,5,1:14.184,209.107,Finished
5872,274,696,140,3,8,7,7,7,6,71,+43.456,5635259,71,12,1:15.219,206.229,Finished
5873,274,377,212,10,1,8,8,8,4,70,\N,\N,70,8,1:14.985,206.873,+1 Lap
5874,274,423,170,11,7,9,9,9,2,70,\N,\N,61,11,1:15.161,206.388,+1 Lap
5875,274,418,172,23,12,10,10,10,1,70,\N,\N,65,7,1:14.748,207.529,+1 Lap
5876,274,14,200,17,14,11,11,11,0,70,\N,\N,68,16,1:15.695,204.932,+1 Lap
5877,274,746,77,14,22,12,12,12,0,70,\N,\N,64,9,1:14.997,206.840,+1 Lap
5878,274,133,200,16,19,13,13,13,0,70,\N,\N,69,17,1:15.935,204.285,+1 Lap
5879,274,53,212,9,6,14,14,14,0,70,\N,\N,69,13,1:15.227,206.207,+1 Lap
5880,274,500,73,7,9,15,15,15,0,70,\N,\N,69,14,1:15.330,205.925,+1 Lap
5881,274,593,170,12,10,16,16,16,0,70,\N,\N,70,15,1:15.485,205.503,+1 Lap
5882,274,350,172,22,15,17,17,17,0,70,\N,\N,68,10,1:15.068,206.644,+1 Lap
5883,274,420,120,19,20,18,18,18,0,69,\N,\N,69,20,1:17.161,201.039,+2 Laps
5884,274,778,120,18,18,19,19,19,0,69,\N,\N,69,21,1:17.316,200.636,+2 Laps
5885,274,304,209,24,17,20,20,20,0,69,\N,\N,66,23,1:17.695,199.657,+2 Laps
5886,274,706,88,21,24,21,21,21,0,69,\N,\N,66,24,1:17.731,199.565,+2 Laps
5887,274,415,88,20,23,22,22,22,0,65,\N,\N,63,22,1:17.690,199.670,+6 Laps
5888,274,868,209,25,21,23,R,23,0,62,\N,\N,60,18,1:16.767,202.071,+9 Laps
5889,274,461,77,15,16,24,R,24,0,49,\N,\N,37,19,1:16.940,201.616,Accident
5890,275,794,169,5,1,1,1,1,25,55,1:39:36.837,5976837,50,4,1:41.739,196.526,Finished
5891,275,335,135,2,2,2,2,2,18,55,+10.162,5986999,47,1,1:41.274,197.428,Finished
5892,275,138,135,1,4,3,3,3,15,55,+11.047,5987884,48,2,1:41.636,196.725,Finished
5893,275,656,140,4,9,4,4,4,12,55,+30.747,6007584,52,3,1:41.711,196.580,Finished
5894,275,423,170,11,11,5,5,5,10,55,+39.026,6015863,51,5,1:41.753,196.499,Finished
5895,275,593,170,12,10,6,6,6,8,55,+43.520,6020357,52,8,1:42.311,195.427,Finished
5896,275,17,73,8,3,7,7,7,6,55,+43.797,6020634,52,7,1:42.227,195.588,Finished
5897,275,811,169,6,5,8,8,8,4,55,+44.243,6021080,52,6,1:42.196,195.647,Finished
5898,275,14,200,17,17,9,9,9,2,55,+50.201,6027038,49,15,1:42.727,194.636,Finished
5899,275,500,73,7,6,10,10,10,1,55,+50.868,6027705,52,14,1:42.725,194.640,Finished
5900,275,350,172,22,14,11,11,11,0,55,+51.551,6028388,52,12,1:42.673,194.738,Finished
5901,275,53,212,9,7,12,12,12,0,55,+57.686,6034523,50,11,1:42.669,194.746,Finished
5902,275,746,77,14,13,13,13,13,0,55,+58.325,6035162,52,13,1:42.695,194.696,Finished
5903,275,418,172,23,12,14,14,14,0,55,+59.558,6036395,53,16,1:42.733,194.624,Finished
5904,275,133,200,16,18,15,15,15,0,55,+1:03.178,6040015,50,10,1:42.573,194.928,Finished
5905,275,377,212,10,15,16,16,16,0,55,+1:04.763,6041600,51,9,1:42.397,195.263,Finished
5906,275,420,120,19,20,17,17,17,0,54,\N,\N,52,17,1:45.378,189.739,+1 Lap
5907,275,868,209,25,22,18,18,18,0,53,\N,\N,50,19,1:46.126,188.402,+2 Laps
5908,275,706,88,21,23,19,19,19,0,53,\N,\N,52,20,1:46.255,188.173,+2 Laps
5909,275,415,88,20,24,20,20,20,0,53,\N,\N,44,21,1:46.646,187.483,+2 Laps
5910,275,778,120,18,19,21,21,21,0,51,\N,\N,42,18,1:45.979,188.663,Rear wing
5911,275,304,209,24,21,22,R,22,0,43,\N,\N,39,22,1:46.837,187.148,Gearbox
5912,275,696,140,3,8,23,R,23,0,0,\N,\N,\N,\N,\N,\N,Collision
5913,275,461,77,15,16,24,R,24,0,0,\N,\N,\N,\N,\N,\N,Collision
5914,276,794,169,1,1,1,1,1,25,58,1:29:30.259,5370259,44,4,1:29.844,212.488,Finished
5915,276,335,135,3,2,2,2,2,18,58,+22.297,5392556,41,8,1:30.314,211.382,Finished
5916,276,593,170,10,6,3,3,3,15,58,+30.560,5400819,55,7,1:30.064,211.969,Finished
5917,276,17,73,5,5,4,4,4,12,58,+31.772,5402031,49,2,1:29.487,213.336,Finished
5918,276,811,169,2,3,5,5,5,10,58,+38.171,5408430,50,3,1:29.600,213.066,Finished
5919,276,138,135,4,4,6,6,6,8,58,+54.304,5424563,49,5,1:29.883,212.396,Finished
5920,276,500,73,6,8,7,7,7,6,58,+1:25.186,5455445,55,1,1:28.947,214.631,Finished
5921,276,133,200,18,10,8,8,8,4,57,\N,\N,44,11,1:30.836,210.167,+1 Lap
5922,276,746,77,14,16,9,9,9,2,57,\N,\N,55,13,1:31.526,208.583,+1 Lap
5923,276,869,77,15,14,10,10,10,1,57,\N,\N,40,14,1:31.941,207.641,+1 Lap
5924,276,14,200,19,12,11,11,11,0,57,\N,\N,41,10,1:30.467,211.025,+1 Lap
5925,276,350,170,9,18,12,12,12,0,57,\N,\N,43,15,1:32.377,206.661,+1 Lap
5926,276,778,120,21,20,13,13,13,0,56,\N,\N,52,16,1:32.550,206.275,+2 Laps
5927,276,846,209,25,22,14,14,14,0,54,\N,\N,44,19,1:34.523,201.969,+4 Laps
5928,276,304,209,24,21,15,R,15,0,49,\N,\N,48,22,1:35.789,199.300,+9 Laps
5929,276,53,212,11,17,16,R,16,0,48,\N,\N,47,12,1:31.404,208.861,Transmission
5930,276,656,140,8,7,17,R,17,0,22,\N,\N,21,17,1:33.503,204.173,Collision
5931,276,420,120,20,19,18,R,18,0,19,\N,\N,19,20,1:34.918,201.129,Water leak
5932,276,696,140,7,11,19,R,19,0,19,\N,\N,13,21,1:35.319,200.283,Collision
5933,276,486,212,12,15,20,R,20,0,9,\N,\N,7,18,1:34.102,202.873,Transmission
5934,276,418,172,16,9,21,D,21,0,58,\N,\N,51,9,1:30.384,211.218,Disqualified
5935,276,622,172,17,13,22,D,22,0,58,\N,\N,39,6,1:29.962,212.209,Disqualified
5936,277,794,169,1,1,1,1,1,25,56,1:37:39.832,5859832,33,6,1:41.539,196.523,Finished
5937,277,138,135,4,4,2,2,2,18,56,+3.261,5863093,50,4,1:41.264,197.057,Finished
5938,277,350,170,9,6,3,3,3,15,56,+25.075,5884907,47,7,1:41.547,196.508,Finished
5939,277,811,169,2,3,4,4,4,12,56,+26.384,5886216,46,1,1:40.571,198.415,Finished
5940,277,500,73,6,7,5,5,5,10,56,+36.958,5896790,41,9,1:41.999,195.637,Finished
5941,277,17,73,5,5,6,6,6,8,56,+37.248,5897080,49,2,1:40.717,198.127,Finished
5942,277,418,172,16,10,7,7,7,6,56,+1:06.439,5926271,39,10,1:42.095,195.453,Finished
5943,277,335,135,3,2,8,8,8,4,56,+1:09.957,5929789,54,5,1:41.512,196.575,Finished
5944,277,696,140,7,11,9,9,9,2,56,+1:24.896,5944728,45,11,1:42.491,194.698,Finished
5945,277,869,77,15,14,10,10,10,1,56,+1:31.563,5951395,48,13,1:42.883,193.956,Finished
5946,277,746,77,14,17,11,11,11,0,55,+1:41.379,5961211,34,14,1:42.973,193.786,+1 Lap
5947,277,656,140,8,9,12,12,12,0,55,\N,\N,45,8,1:41.778,196.062,+1 Lap
5948,277,133,200,18,12,13,13,13,0,55,\N,\N,36,12,1:42.659,194.379,+1 Lap
5949,277,14,200,19,13,14,14,14,0,55,\N,\N,37,17,1:43.744,192.346,+1 Lap
5950,277,420,120,20,19,15,15,15,0,55,\N,\N,43,16,1:43.677,192.470,+1 Lap
5951,277,304,209,24,21,16,16,16,0,54,\N,\N,50,20,1:45.357,189.401,+2 Laps
5952,277,593,170,10,8,17,17,17,0,52,\N,\N,49,3,1:41.054,197.466,Accident
5953,277,461,88,23,23,18,R,18,0,46,\N,\N,42,23,1:46.521,187.332,+10 Laps
5954,277,846,209,25,22,19,R,19,0,42,\N,\N,41,19,1:45.346,189.421,Accident
5955,277,778,120,21,20,20,R,20,0,31,\N,\N,23,18,1:45.280,189.540,Clutch
5956,277,622,172,17,16,21,R,21,0,23,\N,\N,19,15,1:43.298,193.177,Accident
5957,277,53,212,11,15,22,R,22,0,22,\N,\N,10,21,1:45.516,189.116,Gearbox
5958,277,401,88,22,24,23,R,23,0,14,\N,\N,5,24,1:49.385,182.427,+42 Laps
5959,277,486,212,12,18,24,R,24,0,8,\N,\N,5,22,1:45.689,188.806,Engine misfire
5960,278,335,135,3,3,1,1,1,25,56,1:36:58.226,5818226,48,2,1:40.415,195.424,Finished
5961,278,794,169,1,1,2,2,2,18,56,+5.198,5823424,47,8,1:41.321,193.677,Finished
5962,278,811,169,2,18,3,3,3,15,56,+7.555,5825781,42,1,1:38.993,198.232,Finished
5963,278,138,135,4,2,4,4,4,12,56,+10.000,5828226,39,3,1:40.623,195.021,Finished
5964,278,656,140,8,4,5,5,5,10,56,+13.448,5831674,41,5,1:41.166,193.974,Finished
5965,278,500,73,6,6,6,6,6,8,56,+15.840,5834066,39,10,1:41.678,192.997,Finished
5966,278,17,73,5,5,7,7,7,6,56,+30.622,5848848,41,15,1:42.070,192.256,Finished
5967,278,696,140,7,14,8,8,8,4,56,+31.026,5849252,46,6,1:41.215,193.880,Finished
5968,278,593,170,10,10,9,9,9,2,56,+57.404,5875630,50,7,1:41.261,193.792,Finished
5969,278,418,172,16,13,10,10,10,1,56,+1:03.273,5881499,32,17,1:42.577,191.306,Finished
5970,278,869,77,15,8,11,11,11,0,56,+1:08.757,5886983,45,18,1:42.614,191.237,Finished
5971,278,350,170,9,16,12,12,12,0,56,+1:12.739,5890965,51,16,1:42.406,191.625,Finished
5972,278,53,212,11,15,13,13,13,0,56,+1:30.189,5908415,45,13,1:42.031,192.329,Finished
5973,278,133,200,18,9,14,14,14,0,56,+1:30.671,5908897,45,11,1:41.696,192.963,Finished
5974,278,746,77,14,11,15,15,15,0,55,\N,\N,54,4,1:41.157,193.991,+1 Lap
5975,278,420,120,20,19,16,16,16,0,55,\N,\N,45,19,1:42.672,191.129,+1 Lap
5976,278,622,172,17,12,17,17,17,0,55,\N,\N,39,9,1:41.643,193.063,+1 Lap
5977,278,486,212,12,17,18,18,18,0,55,\N,\N,46,12,1:41.702,192.951,+1 Lap
5978,278,778,120,21,20,19,19,19,0,55,\N,\N,53,14,1:42.052,192.290,+1 Lap
5979,278,846,209,25,21,20,20,20,0,54,\N,\N,45,22,1:44.806,187.237,+2 Laps
5980,278,304,209,24,22,21,21,21,0,54,\N,\N,54,21,1:44.381,187.999,+2 Laps
5981,278,461,88,23,23,22,22,22,0,54,\N,\N,52,20,1:43.384,189.812,+2 Laps
5982,278,401,88,22,24,23,23,23,0,54,\N,\N,41,24,1:46.081,184.986,+2 Laps
5983,278,14,200,19,7,24,R,24,0,9,\N,\N,5,23,1:45.700,185.653,Wheel
5984,279,794,169,1,1,1,1,1,25,58,1:30:17.558,5417558,50,3,1:29.937,213.669,Finished
5985,279,811,169,2,2,2,2,2,18,58,+8.807,5426365,48,1,1:29.703,214.226,Finished
5986,279,17,73,5,5,3,3,3,15,58,+10.075,5427633,48,6,1:30.279,212.860,Finished
5987,279,335,135,3,4,4,4,4,12,58,+40.232,5457790,48,4,1:30.108,213.264,Finished
5988,279,656,140,8,3,5,5,5,10,58,+47.539,5465097,47,7,1:30.573,212.169,Finished
5989,279,138,135,4,6,6,6,6,8,58,+59.431,5476989,47,13,1:31.167,210.786,Finished
5990,279,350,170,9,9,7,7,7,6,58,+1:00.857,5478415,52,5,1:30.158,213.145,Finished
5991,279,593,170,10,7,8,8,8,4,58,+1:08.168,5485726,48,8,1:30.618,212.063,Finished
5992,279,133,200,18,16,9,9,9,2,58,+1:09.394,5486952,44,14,1:31.360,210.341,Finished
5993,279,418,172,16,24,10,10,10,1,58,+1:18.021,5495579,45,10,1:31.038,211.085,Finished
5994,279,500,73,6,10,11,11,11,0,58,+1:19.823,5497381,57,11,1:31.118,210.900,Finished
5995,279,696,140,7,8,12,12,12,0,58,+1:25.444,5503002,47,12,1:31.153,210.819,Finished
5996,279,746,77,14,12,13,13,13,0,57,\N,\N,43,16,1:32.070,208.719,+1 Lap
5997,279,622,172,17,15,14,14,14,0,57,\N,\N,46,9,1:30.797,211.645,+1 Lap
5998,279,53,212,11,11,15,15,15,0,57,\N,\N,46,17,1:32.079,208.699,+1 Lap
5999,279,14,200,19,17,16,16,16,0,57,\N,\N,57,2,1:29.894,213.771,+1 Lap
6000,279,486,212,12,14,17,17,17,0,57,\N,\N,44,15,1:32.044,208.778,+1 Lap
6001,279,778,120,21,19,18,18,18,0,57,\N,\N,49,20,1:32.862,206.939,+1 Lap
6002,279,420,120,20,18,19,19,19,0,56,\N,\N,55,19,1:32.695,207.312,+2 Laps
6003,279,846,209,25,23,20,20,20,0,56,\N,\N,55,23,1:34.971,202.343,+2 Laps
6004,279,401,88,22,22,21,21,21,0,55,\N,\N,51,21,1:33.948,204.547,+3 Laps
6005,279,461,88,23,20,22,22,22,0,53,\N,\N,41,22,1:34.699,202.925,+5 Laps
6006,279,869,77,15,13,23,R,23,0,44,\N,\N,40,18,1:32.519,207.706,Retired
6007,279,304,209,24,21,24,W,24,0,0,\N,\N,\N,\N,\N,\N,Gearbox
6008,280,794,169,1,2,1,1,1,25,66,1:39:03.301,5943301,60,4,1:27.162,192.262,Finished
6009,280,335,135,3,3,2,2,2,18,66,+0.630,5943931,52,1,1:26.727,193.227,Finished
6010,280,138,135,4,5,3,3,3,15,66,+35.697,5978998,63,7,1:27.518,191.480,Finished
6011,280,811,169,2,1,4,4,4,12,66,+47.966,5991267,50,5,1:27.187,192.207,Finished
6012,280,17,73,5,4,5,5,5,10,65,\N,\N,22,9,1:28.737,188.850,+1 Lap
6013,280,696,140,7,10,6,6,6,8,65,\N,\N,34,15,1:29.463,187.317,+1 Lap
6014,280,656,140,8,7,7,7,7,6,65,\N,\N,34,13,1:29.155,187.964,+1 Lap
6015,280,350,170,9,24,8,8,8,4,65,\N,\N,61,3,1:26.958,192.713,+1 Lap
6016,280,622,172,17,12,9,9,9,2,65,\N,\N,55,6,1:27.247,192.075,+1 Lap
6017,280,418,172,16,14,10,10,10,1,65,\N,\N,52,8,1:27.615,191.268,+1 Lap
6018,280,593,170,10,6,11,11,11,0,65,\N,\N,35,17,1:29.592,187.047,+1 Lap
6019,280,869,77,15,16,12,12,12,0,65,\N,\N,42,16,1:29.469,187.305,+1 Lap
6020,280,746,77,14,17,13,13,13,0,65,\N,\N,52,10,1:28.791,188.735,+1 Lap
6021,280,133,200,18,11,14,14,14,0,65,\N,\N,27,18,1:30.049,186.098,+1 Lap
6022,280,486,212,12,9,15,15,15,0,65,\N,\N,64,14,1:29.391,187.468,+1 Lap
6023,280,14,200,19,13,16,16,16,0,64,\N,\N,52,12,1:29.132,188.013,+2 Laps
6024,280,53,212,11,19,17,17,17,0,64,\N,\N,60,2,1:26.891,192.862,+2 Laps
6025,280,778,120,21,18,18,18,18,0,64,\N,\N,34,20,1:30.783,184.594,+2 Laps
6026,280,304,209,24,20,19,19,19,0,63,\N,\N,40,21,1:31.635,182.877,+3 Laps
6027,280,846,209,25,23,20,20,20,0,62,\N,\N,36,22,1:32.549,181.071,+4 Laps
6028,280,401,88,22,22,21,21,21,0,61,\N,\N,33,23,1:32.848,180.488,+5 Laps
6029,280,500,73,6,8,22,R,22,0,58,\N,\N,24,11,1:29.081,188.120,Gearbox
6030,280,420,120,20,15,23,R,23,0,48,\N,\N,34,19,1:30.618,184.930,Accident
6031,280,461,88,23,21,24,R,24,0,28,\N,\N,22,24,1:33.884,178.496,Gearbox
6032,281,794,169,1,1,1,1,1,25,78,2:09:38.373,7778373,78,2,1:16.267,157.656,Finished
6033,281,17,73,5,4,2,2,2,18,78,+1.138,7779511,77,4,1:16.471,157.236,Finished
6034,281,138,135,4,2,3,3,3,15,78,+2.378,7780751,78,3,1:16.463,157.252,Finished
6035,281,811,169,2,3,4,4,4,12,78,+23.101,7801474,78,1,1:16.234,157.724,Finished
6036,281,418,172,16,12,5,5,5,10,78,+26.916,7805289,76,7,1:18.308,153.547,Finished
6037,281,335,135,3,9,6,6,6,8,78,+27.210,7805583,54,5,1:17.847,154.456,Finished
6038,281,746,77,14,14,7,7,7,6,77,\N,\N,77,13,1:18.872,152.449,+1 Lap
6039,281,350,170,9,15,8,8,8,4,77,\N,\N,77,6,1:17.857,154.436,+1 Lap
6040,281,53,212,11,11,9,9,9,2,77,\N,\N,76,8,1:18.584,153.008,+1 Lap
6041,281,133,200,18,16,10,10,10,1,77,\N,\N,77,12,1:18.832,152.526,+1 Lap
6042,281,656,140,8,7,11,11,11,0,76,\N,\N,56,10,1:18.699,152.784,+2 Laps
6043,281,869,77,15,13,12,12,12,0,76,\N,\N,75,11,1:18.724,152.736,+2 Laps
6044,281,778,120,21,18,13,13,13,0,76,\N,\N,66,19,1:21.277,147.938,+2 Laps
6045,281,420,120,20,17,14,14,14,0,76,\N,\N,54,18,1:20.678,149.036,+2 Laps
6046,281,846,209,25,21,15,15,15,0,75,\N,\N,75,20,1:21.391,147.731,+3 Laps
6047,281,461,88,23,23,16,16,16,0,75,\N,\N,74,21,1:21.566,147.414,+3 Laps
6048,281,401,88,22,22,17,17,17,0,74,\N,\N,74,23,1:22.731,145.338,+4 Laps
6049,281,486,212,12,8,18,18,18,0,73,\N,\N,62,14,1:18.904,152.387,Accident
6050,281,593,170,10,10,19,R,19,0,67,\N,\N,57,16,1:20.058,150.191,Collision
6051,281,14,200,19,19,20,R,20,0,66,\N,\N,59,9,1:18.608,152.961,Collision
6052,281,500,73,6,6,21,R,21,0,32,\N,\N,16,17,1:20.202,149.921,Accident
6053,281,696,140,7,5,22,R,22,0,32,\N,\N,30,15,1:19.801,150.674,Engine
6054,281,304,209,24,20,23,R,23,0,30,\N,\N,30,22,1:22.102,146.451,Suspension
6055,281,622,172,17,0,24,W,24,0,0,\N,\N,\N,\N,\N,\N,Injury
6056,282,138,135,4,7,1,1,1,25,70,4:04:39.537,14679537,69,1,1:16.956,204.007,Finished
6057,282,794,169,1,1,2,2,2,18,70,+2.709,14682246,69,2,1:17.217,203.317,Finished
6058,282,811,169,2,4,3,3,3,15,70,+13.828,14693365,65,8,1:19.572,197.300,Finished
6059,282,696,140,7,8,4,4,4,12,70,+14.219,14693756,70,4,1:19.138,198.382,Finished
6060,282,593,170,10,10,5,5,5,10,70,+20.395,14699932,68,3,1:19.054,198.593,Finished
6061,282,500,73,6,3,6,6,6,8,70,+33.225,14712762,68,5,1:19.148,198.357,Finished
6062,282,418,172,16,13,7,7,7,6,70,+33.270,14712807,70,10,1:20.213,195.723,Finished
6063,282,14,200,19,24,8,8,8,4,70,+35.964,14715501,69,13,1:20.371,195.339,Finished
6064,282,53,212,11,16,9,9,9,2,70,+45.117,14724654,68,11,1:20.316,195.472,Finished
6065,282,133,200,18,15,10,10,10,1,70,+47.056,14726593,69,7,1:19.507,197.461,Finished
6066,282,656,140,8,6,11,11,11,0,70,+50.454,14729991,69,9,1:20.071,196.070,Finished
6067,282,867,172,17,17,12,12,12,0,70,+1:03.607,14743144,70,12,1:20.369,195.343,Finished
6068,282,461,88,23,20,13,13,13,0,69,\N,\N,63,17,1:23.419,188.201,+1 Lap
6069,282,846,209,25,23,14,14,14,0,69,\N,\N,68,15,1:22.495,190.309,+1 Lap
6070,282,304,209,24,21,15,15,15,0,69,\N,\N,68,19,1:24.590,185.596,+1 Lap
6071,282,778,120,21,18,16,16,16,0,69,\N,\N,67,14,1:22.233,190.916,+1 Lap
6072,282,401,88,22,22,17,17,17,0,69,\N,\N,66,16,1:23.116,188.887,+1 Lap
6073,282,869,77,15,11,18,18,18,0,67,\N,\N,67,6,1:19.395,197.740,Accident
6074,282,486,212,12,12,19,R,19,0,61,\N,\N,53,18,1:24.265,186.312,Retired
6075,282,350,170,9,9,20,R,20,0,55,\N,\N,55,20,1:25.135,184.408,Accident
6076,282,746,77,14,14,21,R,21,0,49,\N,\N,47,21,1:30.171,174.109,Accident
6077,282,17,73,5,2,22,R,22,0,36,\N,\N,14,22,1:34.223,166.621,Collision
6078,282,420,120,20,19,23,R,23,0,28,\N,\N,16,24,1:38.460,159.451,Transmission
6079,282,335,135,3,5,24,R,24,0,7,\N,\N,7,23,1:37.761,160.591,Collision
6080,283,794,169,1,1,1,1,1,25,57,1:39:36.169,5976169,53,1,1:41.852,191.536,Finished
6081,283,17,73,5,4,2,2,2,18,57,+10.891,5987060,49,2,1:42.308,190.683,Finished
6082,283,811,169,2,2,3,3,3,15,57,+27.255,6003424,39,4,1:42.534,190.262,Finished
6083,283,335,135,3,3,4,4,4,12,57,+46.190,6022359,47,6,1:42.947,189.499,Finished
6084,283,500,73,6,5,5,5,5,10,57,+51.705,6027874,53,5,1:42.705,189.945,Finished
6085,283,138,135,4,6,6,6,6,8,57,+1:00.065,6036234,57,3,1:42.340,190.623,Finished
6086,283,656,140,8,7,7,7,7,6,57,+1:38.090,6074259,53,12,1:43.649,188.215,Finished
6087,283,14,200,19,18,8,8,8,4,56,\N,\N,53,11,1:43.579,188.343,+1 Lap
6088,283,746,77,14,10,9,9,9,2,56,\N,\N,53,10,1:43.526,188.439,+1 Lap
6089,283,350,170,9,9,10,10,10,1,56,\N,\N,51,14,1:43.901,187.759,+1 Lap
6090,283,622,172,17,16,11,11,11,0,56,\N,\N,41,15,1:43.949,187.672,+1 Lap
6091,283,53,212,11,13,12,12,12,0,56,\N,\N,55,17,1:44.131,187.344,+1 Lap
6092,283,133,200,18,17,13,13,13,0,56,\N,\N,47,16,1:44.103,187.395,+1 Lap
6093,283,869,77,15,12,14,14,14,0,56,\N,\N,54,13,1:43.851,187.849,+1 Lap
6094,283,593,170,10,11,15,15,15,0,56,\N,\N,41,8,1:43.151,189.124,+1 Lap
6095,283,418,172,16,14,16,16,16,0,56,\N,\N,42,9,1:43.517,188.456,+1 Lap
6096,283,696,140,7,8,17,17,17,0,56,\N,\N,50,18,1:44.578,186.544,+1 Lap
6097,283,486,212,12,15,18,18,18,0,56,\N,\N,47,7,1:43.134,189.155,+1 Lap
6098,283,420,120,20,19,19,19,19,0,55,\N,\N,44,19,1:45.055,185.697,+2 Laps
6099,283,778,120,21,20,20,20,20,0,55,\N,\N,28,20,1:46.208,183.681,+2 Laps
6100,283,304,209,24,21,21,21,21,0,55,\N,\N,49,21,1:46.628,182.957,+2 Laps
6101,283,846,209,25,23,22,22,22,0,55,\N,\N,51,22,1:47.164,182.042,+2 Laps
6102,283,461,88,23,22,23,23,23,0,54,\N,\N,37,23,1:47.418,181.612,+3 Laps
6103,283,401,88,22,24,24,24,24,0,54,\N,\N,32,24,1:47.708,181.123,+3 Laps
6104,284,17,73,5,3,1,1,1,25,52,1:28:41.196,5321196,41,1,1:34.908,223.454,Finished
6105,284,794,169,1,2,2,2,2,18,52,+16.511,5337707,38,3,1:35.565,221.918,Finished
6106,284,811,169,2,1,3,3,3,15,52,+16.947,5338143,49,4,1:35.665,221.686,Finished
6107,284,335,135,3,10,4,4,4,12,52,+28.986,5350182,39,5,1:36.180,220.499,Finished
6108,284,500,73,6,4,5,5,5,10,52,+29.010,5350206,49,2,1:35.474,222.129,Finished
6109,284,656,140,8,9,6,6,6,8,52,+1:00.665,5381861,32,13,1:37.073,218.470,Finished
6110,284,622,172,17,12,7,7,7,6,52,+1:05.590,5386786,35,7,1:36.656,219.413,Finished
6111,284,350,170,9,16,8,8,8,4,52,+1:15.542,5396738,37,14,1:37.117,218.371,Finished
6112,284,696,140,7,13,9,9,9,2,52,+1:17.912,5399108,34,11,1:37.034,218.558,Finished
6113,284,14,200,19,18,10,10,10,1,52,+1:19.108,5400304,38,15,1:37.160,218.275,Finished
6114,284,746,77,14,11,11,11,11,0,52,+1:19.712,5400908,42,9,1:36.744,219.213,Finished
6115,284,593,170,10,14,12,12,12,0,52,+1:20.681,5401877,40,6,1:36.308,220.206,Finished
6116,284,53,212,11,15,13,13,13,0,51,\N,\N,38,8,1:36.733,219.238,+1 Lap
6117,284,486,212,12,7,14,14,14,0,51,\N,\N,41,12,1:37.036,218.553,+1 Lap
6118,284,869,77,15,6,15,15,15,0,51,\N,\N,48,16,1:37.936,216.545,+1 Lap
6119,284,304,209,24,20,16,16,16,0,50,\N,\N,49,17,1:39.811,212.477,+2 Laps
6120,284,846,209,25,22,17,17,17,0,50,\N,\N,30,20,1:40.560,210.894,+2 Laps
6121,284,461,88,23,23,18,18,18,0,50,\N,\N,40,19,1:40.524,210.970,+2 Laps
6122,284,642,88,22,24,19,19,19,0,49,\N,\N,30,22,1:40.910,210.163,+3 Laps
6123,284,138,135,4,5,20,R,20,0,39,\N,\N,31,10,1:36.982,218.675,Wheel nut
6124,284,133,200,18,19,21,R,21,0,25,\N,\N,24,18,1:40.224,211.602,Accident
6125,284,418,172,16,8,22,R,22,0,23,\N,\N,23,21,1:40.703,210.595,Engine
6126,284,778,120,21,21,23,R,23,0,10,\N,\N,9,23,1:55.491,183.629,Oil leak
6127,284,420,120,20,17,24,R,24,0,2,\N,\N,2,24,2:10.404,162.629,Gearbox
6128,285,335,135,3,2,1,1,1,25,60,1:37:30.334,5850334,59,1,1:34.302,196.526,Finished
6129,285,17,73,5,4,2,2,2,18,60,+3.980,5854314,60,5,1:34.626,195.853,Finished
6130,285,811,169,2,1,3,3,3,15,60,+9.788,5860122,60,2,1:34.468,196.180,Finished
6131,285,794,169,1,3,4,4,4,12,60,+47.921,5898255,47,3,1:34.587,195.933,Finished
6132,285,500,73,6,5,5,5,5,10,60,+52.252,5902586,51,4,1:34.609,195.888,Finished
6133,285,746,77,14,8,6,6,6,8,60,+1:26.208,5936542,57,10,1:36.653,191.745,Finished
6134,285,656,140,8,6,7,7,7,6,59,\N,\N,51,7,1:36.181,192.686,+1 Lap
6135,285,696,140,7,10,8,8,8,4,59,\N,\N,49,6,1:35.628,193.800,+1 Lap
6136,285,418,172,16,17,9,9,9,2,59,\N,\N,50,11,1:36.659,191.733,+1 Lap
6137,285,593,170,10,9,10,10,10,1,59,\N,\N,50,8,1:36.186,192.676,+1 Lap
6138,285,622,172,17,15,11,11,11,0,59,\N,\N,53,13,1:37.033,190.994,+1 Lap
6139,285,14,200,19,16,12,12,12,0,59,\N,\N,59,14,1:37.415,190.245,+1 Lap
6140,285,869,77,15,12,13,13,13,0,59,\N,\N,54,12,1:36.715,191.622,+1 Lap
6141,285,486,212,12,13,14,14,14,0,59,\N,\N,50,15,1:37.568,189.947,+1 Lap
6142,285,133,200,18,24,15,15,15,0,59,\N,\N,48,16,1:37.863,189.374,+1 Lap
6143,285,420,120,20,18,16,16,16,0,58,\N,\N,54,17,1:39.050,187.105,+2 Laps
6144,285,304,209,24,19,17,17,17,0,57,\N,\N,57,21,1:39.982,185.361,+3 Laps
6145,285,846,209,25,21,18,18,18,0,57,\N,\N,57,20,1:39.787,185.723,+3 Laps
6146,285,642,88,22,22,19,19,19,0,57,\N,\N,57,23,1:40.489,184.426,+3 Laps
6147,285,158,120,21,20,20,20,20,0,56,\N,\N,56,22,1:40.435,184.525,+4 Laps
6148,285,461,88,23,23,21,R,21,0,37,\N,\N,28,24,1:40.683,184.070,Electrical
6149,285,138,135,4,7,22,R,22,0,35,\N,\N,33,9,1:36.258,192.532,Hydraulics
6150,285,53,212,11,14,23,R,23,0,16,\N,\N,8,19,1:39.679,185.924,Oil leak
6151,285,350,170,9,11,24,R,24,0,9,\N,\N,7,18,1:39.452,186.349,Collision
6152,286,138,135,4,3,1,1,1,25,70,1:46:42.337,6402337,58,6,1:23.937,187.898,Finished
6153,286,794,169,1,1,2,2,2,18,70,+3.588,6405925,70,5,1:23.875,188.036,Finished
6154,286,17,73,5,5,3,3,3,15,70,+19.819,6422156,62,3,1:23.711,188.405,Finished
6155,286,335,135,3,2,4,4,4,12,70,+48.338,6450675,61,2,1:23.661,188.517,Finished
6156,286,811,169,2,6,5,5,5,10,70,+49.742,6452079,61,4,1:23.718,188.389,Finished
6157,286,500,73,6,4,6,6,6,8,70,+1:23.176,6485513,61,1,1:23.415,189.073,Finished
6158,286,869,77,15,11,7,7,7,6,69,\N,\N,65,14,1:25.935,183.529,+1 Lap
6159,286,133,200,18,23,8,8,8,4,69,\N,\N,65,15,1:25.977,183.439,+1 Lap
6160,286,656,140,8,7,9,9,9,2,69,\N,\N,64,9,1:24.857,185.860,+1 Lap
6161,286,14,200,19,16,10,10,10,1,69,\N,\N,68,16,1:26.025,183.337,+1 Lap
6162,286,418,172,16,13,11,11,11,0,69,\N,\N,65,7,1:24.664,186.284,+1 Lap
6163,286,593,170,10,12,12,12,12,0,69,\N,\N,68,8,1:24.664,186.284,+1 Lap
6164,286,53,212,11,15,13,13,13,0,68,\N,\N,65,11,1:25.018,185.508,+2 Laps
6165,286,746,77,14,8,14,14,14,0,68,\N,\N,66,12,1:25.579,184.292,+2 Laps
6166,286,622,172,17,10,15,15,15,0,68,\N,\N,67,10,1:24.999,185.550,+2 Laps
6167,286,486,212,12,17,16,16,16,0,68,\N,\N,56,13,1:25.724,183.981,+2 Laps
6168,286,304,209,24,20,17,17,17,0,66,\N,\N,59,18,1:28.022,179.177,+4 Laps
6169,286,642,88,22,22,18,18,18,0,66,\N,\N,62,19,1:28.876,177.456,+4 Laps
6170,286,846,209,25,24,19,19,19,0,65,\N,\N,58,20,1:29.068,177.073,+5 Laps
6171,286,461,88,23,21,20,20,20,0,65,\N,\N,53,21,1:29.208,176.795,+5 Laps
6172,286,420,120,20,18,21,R,21,0,55,\N,\N,54,17,1:27.149,180.972,Water leak
6173,286,696,140,7,9,22,R,22,0,26,\N,\N,19,22,1:29.781,175.667,Gearbox
6174,286,350,170,9,14,23,R,23,0,23,\N,\N,19,23,1:30.826,173.646,Heat shield fire
6175,286,778,120,21,19,24,R,24,0,17,\N,\N,16,24,1:35.252,165.577,Oil leak
6176,287,794,169,1,1,1,1,1,25,44,1:26:44.893,5204893,36,4,1:50.451,228.285,Finished
6177,287,811,169,2,3,2,2,2,18,44,+3.741,5208634,33,1,1:49.883,229.465,Finished
6178,287,138,135,4,13,3,3,3,15,44,+9.669,5214562,39,2,1:50.062,229.092,Finished
6179,287,17,73,5,8,4,4,4,12,44,+13.022,5217915,41,5,1:51.107,226.937,Finished
6180,287,696,140,7,24,5,5,5,10,44,+47.464,5252357,34,6,1:51.137,226.876,Finished
6181,287,656,140,8,5,6,6,6,8,44,+48.674,5253567,39,8,1:52.263,224.601,Finished
6182,287,746,77,14,15,7,7,7,6,44,+59.713,5264606,33,10,1:52.591,223.946,Finished
6183,287,500,73,6,4,8,8,8,4,44,+1:06.076,5270969,42,7,1:51.564,226.008,Finished
6184,287,593,170,10,10,9,9,9,2,44,+1:11.917,5276810,34,9,1:52.432,224.263,Finished
6185,287,486,212,12,21,10,10,10,1,44,+1:17.615,5282508,43,12,1:53.362,222.423,Finished
6186,287,869,77,15,17,11,11,11,0,44,+1:23.994,5288887,32,11,1:53.223,222.696,Finished
6187,287,418,172,16,12,12,12,12,0,44,+1:31.976,5296869,35,14,1:53.871,221.429,Finished
6188,287,706,170,9,7,13,13,13,0,44,+1:32.985,5297878,39,13,1:53.585,221.987,Finished
6189,287,778,120,21,18,14,14,14,0,43,\N,\N,38,17,1:54.571,220.076,+1 Lap
6190,287,420,120,20,16,15,15,15,0,43,\N,\N,35,15,1:54.051,221.080,+1 Lap
6191,287,53,212,11,14,16,16,16,0,43,\N,\N,42,3,1:50.424,228.341,+1 Lap
6192,287,846,209,25,20,17,17,17,0,43,\N,\N,38,19,1:56.319,216.769,+1 Lap
6193,287,304,209,24,19,18,18,18,0,43,\N,\N,37,20,1:56.540,216.358,+1 Lap
6194,287,461,88,23,22,19,19,19,0,43,\N,\N,42,22,1:58.061,213.570,+1 Lap
6195,287,622,172,17,9,20,R,20,0,27,\N,\N,26,16,1:54.244,220.706,Suspension
6196,287,642,88,22,23,21,R,21,0,13,\N,\N,10,23,1:59.831,210.416,Engine
6197,287,335,135,3,2,22,R,22,0,12,\N,\N,8,18,1:55.647,218.029,Collision
6198,287,133,200,18,11,23,R,23,0,6,\N,\N,4,21,1:56.790,215.895,Rear wing
6199,287,14,200,19,6,24,R,24,0,0,\N,\N,\N,\N,\N,\N,Collision
6200,288,794,169,1,1,1,1,1,25,53,1:20:46.172,4846172,49,3,1:26.557,240.937,Finished
6201,288,138,135,4,3,2,2,2,18,53,+9.590,4855762,52,2,1:26.207,241.915,Finished
6202,288,17,73,5,4,3,3,3,15,53,+16.909,4863081,50,6,1:27.191,239.185,Finished
6203,288,335,135,3,2,4,4,4,12,53,+17.417,4863589,52,1,1:26.187,241.971,Finished
6204,288,696,140,7,8,5,5,5,10,53,+32.677,4878849,46,7,1:27.402,238.607,Finished
6205,288,500,73,6,6,6,6,6,8,53,+42.993,4889165,53,5,1:26.924,239.919,Finished
6206,288,14,200,19,18,7,7,7,6,52,\N,\N,49,10,1:28.357,236.028,+1 Lap
6207,288,869,77,15,11,8,8,8,4,52,\N,\N,52,8,1:28.054,236.841,+1 Lap
6208,288,706,170,9,10,9,9,9,2,52,\N,\N,51,4,1:26.895,240.000,+1 Lap
6209,288,133,200,18,16,10,10,10,1,52,\N,\N,51,9,1:28.202,236.443,+1 Lap
6210,288,486,212,12,14,11,11,11,0,52,\N,\N,51,12,1:28.934,234.497,+1 Lap
6211,288,53,212,11,13,12,12,12,0,52,\N,\N,49,11,1:28.377,235.975,+1 Lap
6212,288,420,120,20,20,13,13,13,0,51,\N,\N,50,14,1:29.639,232.653,+2 Laps
6213,288,778,120,21,19,14,14,14,0,51,\N,\N,50,15,1:29.825,232.171,+2 Laps
6214,288,304,209,24,21,15,15,15,0,51,\N,\N,51,17,1:30.783,229.721,+2 Laps
6215,288,642,88,22,23,16,R,16,0,39,\N,\N,36,20,1:32.013,226.650,+14 Laps
6216,288,622,172,17,15,17,R,17,0,32,\N,\N,29,13,1:29.403,233.267,Gearbox
6217,288,418,172,16,17,18,R,18,0,21,\N,\N,21,16,1:30.000,231.720,Gearbox
6218,288,746,77,14,12,19,R,19,0,9,\N,\N,8,19,1:31.455,228.033,Hydraulics
6219,288,811,169,2,5,20,R,20,0,4,\N,\N,4,18,1:30.994,229.188,Accident
6220,288,846,209,25,22,21,R,21,0,1,\N,\N,\N,\N,\N,\N,Gearbox
6221,288,593,170,10,7,22,R,22,0,0,\N,\N,\N,\N,\N,\N,Collision
6222,288,656,140,8,9,23,R,23,0,0,\N,\N,\N,\N,\N,\N,Collision
6223,288,461,88,23,24,24,R,24,0,0,\N,\N,\N,\N,\N,\N,Collision
6224,289,794,169,1,1,1,1,1,25,61,1:59:06.757,7146757,51,2,1:48.688,168.029,Finished
6225,289,138,135,4,3,2,2,2,18,61,+1.737,7148494,54,1,1:48.454,168.392,Finished
6226,289,811,169,2,2,3,3,3,15,61,+29.279,7176036,54,3,1:50.088,165.892,Finished
6227,289,17,73,5,5,4,4,4,12,61,+55.449,7202206,58,5,1:50.891,164.691,Finished
6228,289,335,135,3,4,5,5,5,10,61,+1:07.766,7214523,54,4,1:50.832,164.779,Finished
6229,289,869,77,15,10,6,6,6,8,61,+1:51.067,7257824,41,15,1:54.239,159.864,Finished
6230,289,656,140,8,7,7,7,7,6,60,\N,\N,42,16,1:54.383,159.663,+1 Lap
6231,289,746,77,14,9,8,8,8,4,60,\N,\N,45,17,1:54.564,159.411,+1 Lap
6232,289,500,73,6,6,9,9,9,2,60,\N,\N,26,8,1:52.550,162.263,+1 Lap
6233,289,622,172,17,11,10,10,10,1,60,\N,\N,42,18,1:54.615,159.340,+1 Lap
6234,289,486,212,12,13,11,11,11,0,60,\N,\N,50,10,1:53.198,161.335,+1 Lap
6235,289,133,200,18,14,12,12,12,0,60,\N,\N,51,7,1:52.197,162.774,+1 Lap
6236,289,53,212,11,12,13,13,13,0,60,\N,\N,40,19,1:55.235,158.483,+1 Lap
6237,289,418,172,16,17,14,14,14,0,59,\N,\N,56,6,1:51.329,164.043,+2 Laps
6238,289,706,170,9,15,15,15,15,0,59,\N,\N,55,12,1:53.774,160.518,+2 Laps
6239,289,420,120,20,19,16,16,16,0,59,\N,\N,56,13,1:54.063,160.111,+2 Laps
6240,289,593,170,10,18,17,17,17,0,59,\N,\N,56,14,1:54.204,159.913,+2 Laps
6241,289,846,209,25,22,18,18,18,0,59,\N,\N,22,22,1:58.730,153.817,+2 Laps
6242,289,642,88,22,23,19,19,19,0,57,\N,\N,40,23,1:59.064,153.386,+4 Laps
6243,289,461,88,23,24,20,20,20,0,57,\N,\N,41,21,1:58.283,154.399,+4 Laps
6244,289,14,200,19,16,21,21,21,0,56,\N,\N,37,11,1:53.676,160.656,Accident
6245,289,778,120,21,20,22,R,22,0,47,\N,\N,25,20,1:57.126,155.924,Gearbox
6246,289,696,140,7,8,23,R,23,0,28,\N,\N,26,9,1:53.096,161.480,Accident
6247,289,304,209,24,21,24,R,24,0,9,\N,\N,6,24,2:00.412,151.669,Accident
6248,290,138,135,4,2,1,1,1,25,53,1:30:53.427,5453427,52,1,1:36.568,216.481,Finished
6249,290,17,73,5,5,2,2,2,18,53,+1.160,5454587,50,4,1:36.682,216.226,Finished
6250,290,794,169,1,1,3,3,3,15,53,+2.006,5455433,52,6,1:36.916,215.704,Finished
6251,290,811,169,2,6,4,4,4,12,53,+8.071,5461498,47,5,1:36.828,215.900,Finished
6252,290,335,135,3,3,5,5,5,10,53,+24.268,5477695,49,9,1:37.645,214.093,Finished
6253,290,696,140,7,8,6,6,6,8,53,+27.120,5480547,53,12,1:37.916,213.501,Finished
6254,290,500,73,6,4,7,7,7,6,53,+28.240,5481667,50,11,1:37.800,213.754,Finished
6255,290,622,172,17,17,8,8,8,4,53,+39.377,5492804,39,2,1:36.569,216.479,Finished
6256,290,593,170,10,10,9,9,9,2,53,+42.607,5496034,47,7,1:37.053,215.399,Finished
6257,290,656,140,8,23,10,10,10,1,53,+44.322,5497749,50,3,1:36.614,216.378,Finished
6258,290,746,77,14,11,11,11,11,0,53,+54.447,5507874,43,14,1:38.133,213.029,Finished
6259,290,869,77,15,12,12,12,12,0,53,+1:02.326,5515753,43,13,1:37.970,213.383,Finished
6260,290,418,172,16,7,13,13,13,0,53,+1:03.705,5517132,44,19,1:39.724,209.630,Finished
6261,290,486,212,12,14,14,14,14,0,53,+1:04.194,5517621,50,10,1:37.645,214.093,Finished
6262,290,14,200,19,16,15,15,15,0,53,+1:06.623,5520050,41,8,1:37.411,214.608,Finished
6263,290,706,170,9,9,16,16,16,0,53,+1:12.628,5526055,42,15,1:38.407,212.436,Finished
6264,290,53,212,11,13,17,17,17,0,53,+1:14.191,5527618,53,16,1:39.080,210.993,Finished
6265,290,420,120,20,18,18,18,18,0,53,+1:27.824,5541251,50,17,1:39.297,210.532,Finished
6266,290,778,120,21,19,19,19,19,0,53,+1:36.140,5549567,49,18,1:39.561,209.973,Finished
6267,290,304,209,24,21,20,20,20,0,51,\N,\N,46,21,1:41.704,205.549,+2 Laps
6268,290,846,209,25,20,21,21,21,0,51,\N,\N,45,22,1:41.794,205.367,+2 Laps
6269,290,642,88,22,22,22,22,22,0,51,\N,\N,49,20,1:41.437,206.090,+2 Laps
6270,290,461,88,23,24,23,23,23,0,50,\N,\N,37,24,1:42.409,204.134,+3 Laps
6271,290,133,200,18,15,24,R,24,0,11,\N,\N,6,23,1:42.107,204.738,Wheel
6272,291,794,169,1,2,1,1,1,25,55,1:38:01.994,5881994,55,1,1:39.605,202.941,Finished
6273,291,335,135,3,1,2,2,2,18,55,+12.019,5894013,54,3,1:40.459,201.216,Finished
6274,291,811,169,2,4,3,3,3,15,55,+12.477,5894471,55,2,1:40.294,201.547,Finished
6275,291,138,135,4,3,4,4,4,12,55,+14.694,5896688,55,7,1:40.709,200.716,Finished
6276,291,17,73,5,6,5,5,5,10,55,+15.689,5897683,41,6,1:40.547,201.040,Finished
6277,291,500,73,6,5,6,6,6,8,55,+25.133,5907127,51,5,1:40.541,201.052,Finished
6278,291,14,200,19,11,7,7,7,6,55,+49.538,5931532,55,8,1:40.940,200.257,Finished
6279,291,656,140,8,7,8,8,8,4,55,+54.053,5936047,49,9,1:41.770,198.624,Finished
6280,291,133,200,18,13,9,9,9,2,55,+1:02.762,5944756,50,4,1:40.537,201.060,Finished
6281,291,869,77,15,9,10,10,10,1,55,+1:08.602,5950596,50,12,1:42.102,197.978,Finished
6282,291,746,77,14,10,11,11,11,0,55,+1:11.229,5953223,49,10,1:42.014,198.149,Finished
6283,291,53,212,11,18,12,12,12,0,55,+1:33.068,5975062,54,13,1:42.371,197.458,Finished
6284,291,706,170,9,15,13,13,13,0,54,\N,\N,41,16,1:42.549,197.115,+1 Lap
6285,291,420,120,20,19,14,14,14,0,54,\N,\N,52,15,1:42.456,197.294,+1 Lap
6286,291,418,172,16,14,15,15,15,0,54,\N,\N,45,11,1:42.080,198.021,+1 Lap
6287,291,622,172,17,17,16,16,16,0,54,\N,\N,39,14,1:42.425,197.354,+1 Lap
6288,291,778,120,21,20,17,17,17,0,54,\N,\N,46,17,1:43.009,196.235,+1 Lap
6289,291,304,209,24,21,18,18,18,0,54,\N,\N,53,18,1:44.536,193.368,+1 Lap
6290,291,642,88,22,24,19,19,19,0,54,\N,\N,53,21,1:44.870,192.752,+1 Lap
6291,291,846,209,25,22,20,20,20,0,54,\N,\N,53,20,1:44.746,192.981,+1 Lap
6292,291,461,88,23,23,21,21,21,0,52,\N,\N,45,24,1:46.173,190.387,+3 Laps
6293,291,486,212,12,16,22,R,22,0,30,\N,\N,26,19,1:44.689,193.086,Clutch
6294,291,593,170,10,8,23,R,23,0,16,\N,\N,10,23,1:45.469,191.658,Collision
6295,291,696,140,7,12,24,R,24,0,15,\N,\N,13,22,1:45.327,191.916,Collision
6296,292,794,169,1,1,1,1,1,25,60,1:30:35.002,5435002,60,1,1:27.249,211.463,Finished
6297,292,138,135,4,4,2,2,2,18,60,+8.433,5443435,60,4,1:27.967,209.737,Finished
6298,292,17,73,5,3,3,3,3,15,60,+24.301,5459303,58,3,1:27.953,209.771,Finished
6299,292,811,169,2,2,4,4,4,12,60,+25.529,5460531,59,2,1:27.520,210.808,Finished
6300,292,696,140,7,11,5,5,5,10,60,+1:05.421,5500423,48,5,1:28.549,208.359,Finished
6301,292,656,140,8,7,6,6,6,8,60,+1:06.851,5501853,59,6,1:28.600,208.239,Finished
6302,292,335,135,3,5,7,7,7,6,60,+1:24.183,5519185,58,9,1:28.721,207.955,Finished
6303,292,14,200,19,10,8,8,8,4,59,\N,\N,57,10,1:29.239,206.748,+1 Lap
6304,292,746,77,14,8,9,9,9,2,59,\N,\N,59,12,1:29.289,206.632,+1 Lap
6305,292,622,172,17,20,10,10,10,1,59,\N,\N,58,14,1:29.345,206.502,+1 Lap
6306,292,593,170,10,16,11,11,11,0,59,\N,\N,58,11,1:29.289,206.632,+1 Lap
6307,292,706,170,9,14,12,12,12,0,59,\N,\N,55,13,1:29.310,206.583,+1 Lap
6308,292,869,77,15,12,13,13,13,0,59,\N,\N,59,8,1:28.679,208.053,+1 Lap
6309,292,420,120,20,18,14,14,14,0,58,\N,\N,58,16,1:30.294,204.332,+2 Laps
6310,292,53,212,11,15,15,15,15,0,58,\N,\N,56,7,1:28.635,208.157,+2 Laps
6311,292,846,209,25,21,16,16,16,0,57,\N,\N,51,21,1:31.990,200.565,+3 Laps
6312,292,401,88,22,24,17,17,17,0,57,\N,\N,44,20,1:31.988,200.569,+3 Laps
6313,292,642,88,23,23,18,18,18,0,57,\N,\N,49,18,1:31.674,201.256,+3 Laps
6314,292,778,120,21,19,19,19,19,0,55,\N,\N,52,19,1:31.691,201.219,+5 Laps
6315,292,500,73,6,6,20,R,20,0,32,\N,\N,19,15,1:30.243,204.447,Suspension
6316,292,133,200,18,9,21,R,21,0,24,\N,\N,23,17,1:30.956,202.845,Engine
6317,292,486,212,12,13,22,R,22,0,12,\N,\N,12,22,1:33.573,197.172,Gearbox
6318,292,304,209,24,22,23,R,23,0,2,\N,\N,2,23,2:09.008,143.014,Collision
6319,292,418,172,16,17,24,R,24,0,0,\N,\N,\N,\N,\N,\N,Collision
6320,293,335,135,3,2,1,1,1,25,55,1:37:11.886,5831886,51,3,1:43.461,193.255,Finished
6321,293,17,73,5,5,2,2,2,18,55,+8.457,5840343,41,6,1:43.914,192.412,Finished
6322,293,138,135,4,3,3,3,3,15,55,+25.881,5857767,51,2,1:43.154,193.830,Finished
6323,293,811,169,2,4,4,4,4,12,55,+35.784,5867670,51,1,1:42.612,194.854,Finished
6324,293,500,73,6,6,5,5,5,10,55,+50.578,5882464,51,10,1:44.288,191.722,Finished
6325,293,656,140,8,7,6,6,6,8,55,+52.317,5884203,55,7,1:43.993,192.266,Finished
6326,293,696,140,7,8,7,7,7,6,55,+1:15.964,5907850,48,15,1:44.916,190.575,Finished
6327,293,746,77,14,9,8,8,8,4,55,+1:17.122,5909008,53,14,1:44.709,190.952,Finished
6328,293,869,77,15,10,9,9,9,2,55,+1:41.087,5932973,49,9,1:44.120,192.032,Finished
6329,293,418,172,16,16,10,10,10,1,54,\N,\N,47,4,1:43.521,193.143,+1 Lap
6330,293,622,172,17,11,11,11,11,0,54,\N,\N,41,12,1:44.566,191.213,+1 Lap
6331,293,53,212,11,24,12,12,12,0,54,\N,\N,50,11,1:44.438,191.447,+1 Lap
6332,293,593,170,10,12,13,13,13,0,54,\N,\N,52,5,1:43.673,192.860,+1 Lap
6333,293,486,212,12,23,14,14,14,0,54,\N,\N,52,13,1:44.628,191.099,+1 Lap
6334,293,14,200,19,15,15,15,15,0,54,\N,\N,47,8,1:44.093,192.082,+1 Lap
6335,293,706,170,9,14,16,16,16,0,54,\N,\N,32,16,1:46.150,188.359,+1 Lap
6336,293,420,120,20,17,17,17,17,0,54,\N,\N,50,17,1:46.610,187.547,+1 Lap
6337,293,778,120,21,18,18,18,18,0,53,\N,\N,36,19,1:47.444,186.091,+2 Laps
6338,293,304,209,24,19,19,19,19,0,53,\N,\N,42,20,1:48.085,184.987,+2 Laps
6339,293,461,88,23,22,20,20,20,0,53,\N,\N,52,22,1:49.242,183.028,+2 Laps
6340,293,642,88,22,20,21,R,21,0,48,\N,\N,35,21,1:48.274,184.664,Mechanical
6341,293,133,200,18,13,22,R,22,0,19,\N,\N,17,18,1:47.094,186.699,Hydraulics
6342,293,846,209,25,21,23,R,23,0,18,\N,\N,16,23,1:51.196,179.812,Brakes
6343,293,794,169,1,1,24,R,24,0,1,\N,\N,\N,\N,\N,\N,Puncture
6344,294,811,169,2,2,1,1,1,25,71,1:32:17.464,5537464,71,1,1:15.324,205.942,Finished
6345,294,794,169,1,1,2,2,2,18,71,+16.983,5554447,68,3,1:16.076,203.906,Finished
6346,294,138,135,4,3,3,3,3,15,71,+27.638,5565102,63,2,1:15.580,205.244,Finished
6347,294,17,73,5,5,4,4,4,12,71,+35.048,5572512,65,4,1:16.181,203.625,Finished
6348,294,500,73,6,7,5,5,5,10,71,+1:06.733,5604197,64,12,1:17.271,200.753,Finished
6349,294,746,77,14,8,6,6,6,8,70,\N,\N,36,8,1:17.161,201.039,+1 Lap
6350,294,656,140,8,6,7,7,7,6,70,\N,\N,45,10,1:17.207,200.919,+1 Lap
6351,294,869,77,15,11,8,8,8,4,70,\N,\N,64,14,1:17.452,200.284,+1 Lap
6352,294,418,172,16,16,9,9,9,2,70,\N,\N,55,15,1:17.644,199.788,+1 Lap
6353,294,593,170,10,15,10,10,10,1,70,\N,\N,58,7,1:17.011,201.430,+1 Lap
6354,294,14,200,19,13,11,11,11,0,70,\N,\N,55,9,1:17.162,201.036,+1 Lap
6355,294,133,200,18,14,12,12,12,0,70,\N,\N,59,13,1:17.428,200.346,+1 Lap
6356,294,622,172,17,17,13,13,13,0,70,\N,\N,63,16,1:17.780,199.439,+1 Lap
6357,294,53,212,11,12,14,14,14,0,70,\N,\N,70,6,1:16.684,202.289,+1 Lap
6358,294,696,140,7,10,15,15,15,0,70,\N,\N,62,5,1:16.681,202.297,+1 Lap
6359,294,420,120,20,19,16,16,16,0,69,\N,\N,69,17,1:18.023,198.818,+2 Laps
6360,294,706,170,9,9,17,17,17,0,69,\N,\N,62,18,1:18.274,198.180,+2 Laps
6361,294,778,120,21,20,18,18,18,0,69,\N,\N,47,19,1:18.596,197.368,+2 Laps
6362,294,846,209,25,23,19,19,19,0,68,\N,\N,60,22,1:19.902,194.142,+3 Laps
6363,294,642,88,22,22,20,20,20,0,68,\N,\N,64,20,1:19.649,194.759,+3 Laps
6364,294,461,88,23,21,21,R,21,0,61,\N,\N,60,23,1:20.648,192.346,Retired
6365,294,335,135,3,4,22,R,22,0,46,\N,\N,35,11,1:17.209,200.914,Gearbox
6366,294,486,212,12,18,23,R,23,0,26,\N,\N,26,21,1:19.706,194.620,Retired
6367,294,304,209,24,24,24,R,24,0,21,\N,\N,14,24,1:21.773,189.700,Retired
6368,295,138,135,3,2,1,1,1,25,58,1:34:09.565,5649565,56,1,1:29.187,214.053,Finished
6369,295,794,169,1,6,2,2,2,18,58,+2.139,5651704,57,2,1:29.417,213.503,Finished
6370,295,335,135,4,1,3,3,3,15,58,+4.075,5653640,57,4,1:29.538,213.214,Finished
6371,295,811,169,2,5,4,4,4,12,58,+4.547,5654112,57,3,1:29.438,213.452,Finished
6372,295,17,73,5,12,5,5,5,10,58,+21.565,5671130,52,7,1:30.277,211.469,Finished
6373,295,418,172,14,13,6,6,6,8,58,+36.766,5686331,55,10,1:30.620,210.668,Finished
6374,295,669,119,9,17,7,7,7,6,58,+38.014,5687579,50,11,1:30.759,210.346,Finished
6375,295,622,172,15,22,8,8,8,4,58,+39.458,5689023,46,12,1:30.843,210.151,Finished
6376,295,642,200,16,10,9,9,9,2,58,+39.556,5689121,53,8,1:30.592,210.733,Finished
6377,295,869,77,11,15,10,10,10,1,58,+39.737,5689302,57,9,1:30.605,210.703,Finished
6378,295,790,200,17,11,11,11,11,0,58,+39.848,5689413,52,6,1:30.274,211.476,Finished
6379,295,656,140,8,7,12,12,12,0,58,+57.642,5707207,53,14,1:30.931,209.948,Finished
6380,295,486,212,18,8,13,13,13,0,57,\N,\N,53,5,1:30.254,211.523,Accident
6381,295,304,129,24,20,14,14,14,0,57,\N,\N,43,19,1:34.253,202.548,+1 Lap
6382,295,595,129,25,21,15,15,15,0,53,\N,\N,45,20,1:35.011,200.932,+5 Laps
6383,295,706,212,19,14,16,16,16,0,52,\N,\N,49,13,1:30.855,210.123,Collision
6384,295,500,73,6,16,17,R,17,0,46,\N,\N,46,15,1:31.940,207.644,Collision
6385,295,420,36,20,18,18,R,18,0,38,\N,\N,26,17,1:33.693,203.759,Suspension
6386,295,593,36,21,19,19,R,19,0,34,\N,\N,27,16,1:33.214,204.806,Steering
6387,295,696,140,7,4,20,R,20,0,10,\N,\N,4,18,1:34.021,203.048,Gearbox
6388,295,319,119,10,3,21,R,21,0,1,\N,\N,\N,\N,\N,\N,Collision
6389,295,377,77,12,9,22,R,22,0,0,\N,\N,\N,\N,\N,\N,Collision
6390,296,17,73,5,8,1,1,1,25,56,2:44:51.812,9891812,53,7,1:41.680,196.250,Finished
6391,296,622,172,15,9,2,2,2,18,56,+2.263,9894075,54,3,1:41.021,197.531,Finished
6392,296,335,135,4,1,3,3,3,15,56,+14.591,9906403,50,6,1:41.539,196.523,Finished
6393,296,811,169,2,4,4,4,4,12,56,+17.688,9909500,52,2,1:41.017,197.539,Finished
6394,296,669,119,9,10,5,5,5,10,56,+29.456,9921268,53,1,1:40.722,198.117,Finished
6395,296,706,212,19,13,6,6,6,8,56,+37.667,9929479,55,5,1:41.404,196.785,Finished
6396,296,869,77,11,14,7,7,7,6,56,+44.412,9936224,55,10,1:41.819,195.983,Finished
6397,296,790,200,17,18,8,8,8,4,56,+46.985,9938797,55,12,1:41.922,195.785,Finished
6398,296,377,77,12,16,9,9,9,2,56,+47.892,9939704,51,15,1:42.173,195.304,Finished
6399,296,696,140,7,3,10,10,10,1,56,+49.996,9941808,53,9,1:41.760,196.096,Finished
6400,296,794,169,1,5,11,11,11,0,56,+1:15.527,9967339,50,4,1:41.342,196.905,Finished
6401,296,642,200,16,15,12,12,12,0,56,+1:16.828,9968640,54,8,1:41.756,196.104,Finished
6402,296,656,140,8,7,13,13,13,0,56,+1:18.593,9970405,51,11,1:41.863,195.898,Finished
6403,296,138,135,3,2,14,14,14,0,56,+1:19.719,9971531,50,14,1:42.100,195.443,Finished
6404,296,500,73,6,12,15,15,15,0,56,+1:37.319,9989131,56,13,1:42.051,195.537,Finished
6405,296,593,36,21,19,16,16,16,0,55,\N,\N,52,17,1:43.513,192.775,+1 Lap
6406,296,304,129,24,20,17,17,17,0,55,\N,\N,50,20,1:44.757,190.486,+1 Lap
6407,296,420,36,20,24,18,18,18,0,55,\N,\N,54,18,1:43.803,192.237,+1 Lap
6408,296,486,212,18,11,19,19,19,0,54,\N,\N,51,16,1:42.237,195.181,Engine
6409,296,595,129,25,21,20,20,20,0,54,\N,\N,50,21,1:44.813,190.384,+2 Laps
6410,296,401,88,23,23,21,21,21,0,54,\N,\N,52,22,1:45.909,188.414,+2 Laps
6411,296,867,88,22,22,22,22,22,0,54,\N,\N,54,23,1:46.244,187.820,+2 Laps
6412,296,418,172,14,17,23,R,23,0,46,\N,\N,44,19,1:44.202,191.501,Retired
6413,296,319,119,10,6,24,R,24,0,3,\N,\N,2,24,2:08.464,155.333,Collision
6414,297,656,140,8,1,1,1,1,25,56,1:36:26.929,5786929,40,8,1:40.967,194.356,Finished
6415,297,138,135,3,5,2,2,2,18,56,+20.626,5807555,56,3,1:40.422,195.411,Finished
6416,297,335,135,4,7,3,3,3,15,56,+26.012,5812941,40,6,1:40.530,195.201,Finished
6417,297,811,169,2,6,4,4,4,12,56,+27.924,5814853,52,5,1:40.490,195.279,Finished
6418,297,794,169,1,11,5,5,5,10,56,+30.483,5817412,33,7,1:40.601,195.063,Finished
6419,297,319,119,10,10,6,6,6,8,56,+31.491,5818420,35,11,1:41.120,194.062,Finished
6420,297,706,212,19,14,7,7,7,6,56,+34.597,5821526,37,16,1:41.293,193.731,Finished
6421,297,486,212,18,13,8,8,8,4,56,+35.643,5822572,36,4,1:40.482,195.294,Finished
6422,297,17,73,5,9,9,9,9,2,56,+37.256,5824185,41,12,1:41.152,194.001,Finished
6423,297,418,172,14,3,10,10,10,1,56,+38.720,5825649,40,1,1:39.960,196.314,Finished
6424,297,622,172,15,8,11,11,11,0,56,+41.066,5827995,37,10,1:41.071,194.156,Finished
6425,297,869,77,11,15,12,12,12,0,56,+42.273,5829202,40,17,1:41.498,193.339,Finished
6426,297,500,73,6,12,13,13,13,0,56,+42.779,5829708,48,14,1:41.240,193.832,Finished
6427,297,669,119,9,4,14,14,14,0,56,+50.573,5837502,43,18,1:41.794,192.777,Finished
6428,297,377,77,12,16,15,15,15,0,56,+51.213,5838142,48,9,1:40.977,194.337,Finished
6429,297,790,200,17,24,16,16,16,0,56,+51.756,5838685,48,2,1:40.019,196.198,Finished
6430,297,642,200,16,17,17,17,17,0,56,+1:03.156,5850085,40,15,1:41.251,193.811,Finished
6431,297,593,36,21,19,18,18,18,0,55,\N,\N,38,19,1:42.385,191.664,+1 Lap
6432,297,304,129,24,20,19,19,19,0,55,\N,\N,41,21,1:42.748,190.987,+1 Lap
6433,297,595,129,25,21,20,20,20,0,55,\N,\N,39,20,1:42.621,191.224,+1 Lap
6434,297,867,88,22,22,21,21,21,0,55,\N,\N,54,22,1:43.610,189.398,+1 Lap
6435,297,401,88,23,23,22,22,22,0,54,\N,\N,40,23,1:43.935,188.806,+2 Laps
6436,297,420,36,20,18,23,23,23,0,53,\N,\N,53,13,1:41.190,193.928,+3 Laps
6437,297,696,140,7,2,24,R,24,0,12,\N,\N,9,24,1:44.109,188.490,Wheel nut
6438,298,794,169,1,1,1,1,1,25,57,1:35:10.990,5710990,41,1,1:36.379,202.151,Finished
6439,298,669,119,9,11,2,2,2,18,57,+3.333,5714323,41,5,1:37.116,200.617,Finished
6440,298,319,119,10,7,3,3,3,15,57,+10.194,5721184,42,3,1:36.928,201.006,Finished
6441,298,811,169,2,3,4,4,4,12,57,+38.788,5749778,45,6,1:37.437,199.956,Finished
6442,298,656,140,8,5,5,5,5,10,57,+55.460,5766450,41,10,1:38.080,198.646,Finished
6443,298,869,77,11,10,6,6,6,8,57,+57.543,5768533,41,18,1:38.372,198.056,Finished
6444,298,17,73,5,9,7,7,7,6,57,+57.803,5768793,44,15,1:38.203,198.397,Finished
6445,298,335,135,4,2,8,8,8,4,57,+58.984,5769974,38,7,1:37.733,199.351,Finished
6446,298,500,73,6,14,9,9,9,2,57,+1:04.999,5775989,42,12,1:38.123,198.558,Finished
6447,298,696,140,7,22,10,10,10,1,57,+1:11.490,5782480,39,13,1:38.128,198.548,Finished
6448,298,622,172,15,8,11,11,11,0,57,+1:12.702,5783692,39,14,1:38.146,198.512,Finished
6449,298,377,77,12,13,12,12,12,0,57,+1:16.539,5787529,46,17,1:38.312,198.177,Finished
6450,298,418,172,14,12,13,13,13,0,57,+1:30.334,5801324,54,2,1:36.700,201.480,Finished
6451,298,790,200,17,17,14,14,14,0,57,+1:33.723,5804713,43,4,1:37.058,200.737,Finished
6452,298,642,200,16,6,15,15,15,0,56,\N,\N,42,8,1:37.903,199.005,+1 Lap
6453,298,593,36,21,18,16,16,16,0,56,\N,\N,42,16,1:38.305,198.191,+1 Lap
6454,298,420,36,20,16,17,17,17,0,56,\N,\N,43,19,1:38.441,197.917,+1 Lap
6455,298,138,135,3,4,18,18,18,0,55,\N,\N,47,9,1:38.046,198.714,Exhaust
6456,298,304,129,24,23,19,19,19,0,55,\N,\N,46,23,1:40.323,194.204,+2 Laps
6457,298,867,88,22,20,20,20,20,0,55,\N,\N,41,22,1:40.237,194.371,+2 Laps
6458,298,401,88,23,24,21,21,21,0,55,\N,\N,48,20,1:39.747,195.326,+2 Laps
6459,298,706,212,19,15,22,22,22,0,54,\N,\N,51,11,1:38.087,198.631,Vibrations
6460,298,486,212,18,21,23,R,23,0,25,\N,\N,14,21,1:39.876,195.073,Puncture
6461,298,595,129,25,19,24,R,24,0,24,\N,\N,14,24,1:41.519,191.916,Engine
6462,299,486,212,18,1,1,1,1,25,66,1:39:09.145,5949145,26,6,1:27.906,190.635,Finished
6463,299,17,73,5,2,2,2,2,18,66,+3.195,5952340,46,3,1:27.390,191.761,Finished
6464,299,669,119,9,4,3,3,3,15,66,+3.884,5953029,50,2,1:26.938,192.758,Finished
6465,299,319,119,10,3,4,4,4,12,66,+14.799,5963944,53,1,1:26.250,194.295,Finished
6466,299,418,172,14,9,5,5,5,10,66,+1:04.641,6013786,45,8,1:28.266,189.857,Finished
6467,299,794,169,1,7,6,6,6,8,66,+1:07.576,6016721,65,4,1:27.768,190.935,Finished
6468,299,656,140,8,6,7,7,7,6,66,+1:17.919,6027064,45,7,1:28.150,190.107,Finished
6469,299,335,135,4,24,8,8,8,4,66,+1:18.140,6027285,50,18,1:28.918,188.465,Finished
6470,299,138,135,3,10,9,9,9,2,66,+1:25.246,6034391,41,14,1:28.624,189.090,Finished
6471,299,377,77,12,13,10,10,10,1,65,\N,\N,48,17,1:28.912,188.478,+1 Lap
6472,299,811,169,2,11,11,11,11,0,65,\N,\N,44,5,1:27.857,190.741,+1 Lap
6473,299,790,200,17,14,12,12,12,0,65,\N,\N,54,9,1:28.308,189.767,+1 Lap
6474,299,642,200,16,15,13,13,13,0,65,\N,\N,44,12,1:28.587,189.169,+1 Lap
6475,299,869,77,11,12,14,14,14,0,65,\N,\N,44,10,1:28.313,189.756,+1 Lap
6476,299,500,73,6,16,15,15,15,0,65,\N,\N,47,11,1:28.448,189.467,+1 Lap
6477,299,420,36,20,19,16,16,16,0,65,\N,\N,50,15,1:28.715,188.897,+1 Lap
6478,299,593,36,21,18,17,17,17,0,65,\N,\N,48,16,1:28.773,188.773,+1 Lap
6479,299,304,129,24,21,18,18,18,0,64,\N,\N,49,19,1:29.599,187.033,+2 Laps
6480,299,867,88,22,22,19,19,19,0,63,\N,\N,54,20,1:30.722,184.718,+3 Laps
6481,299,622,172,15,5,20,R,20,0,37,\N,\N,20,13,1:28.605,189.131,Wheel nut
6482,299,595,129,25,20,21,R,21,0,35,\N,\N,29,22,1:31.136,183.879,Mechanical
6483,299,401,88,23,23,22,R,22,0,22,\N,\N,15,24,1:32.903,180.381,Mechanical
6484,299,706,212,19,17,23,R,23,0,12,\N,\N,10,23,1:31.822,182.505,Collision
6485,299,696,140,7,8,24,R,24,0,12,\N,\N,4,21,1:31.089,183.973,Collision
6486,300,811,169,2,1,1,1,1,25,78,1:46:06.557,6366557,45,3,1:18.805,152.579,Finished
6487,300,656,140,8,2,2,2,2,18,78,+0.643,6367200,46,7,1:18.977,152.246,Finished
6488,300,17,73,5,5,3,3,3,15,78,+0.947,6367504,45,5,1:18.857,152.478,Finished
6489,300,794,169,1,9,4,4,4,12,78,+1.343,6367900,43,9,1:19.076,152.056,Finished
6490,300,335,135,4,3,5,5,5,10,78,+4.101,6370658,46,4,1:18.806,152.577,Finished
6491,300,500,73,6,7,6,6,6,8,78,+6.195,6372752,41,10,1:19.101,152.008,Finished
6492,300,869,77,11,14,7,7,7,6,78,+41.537,6408094,51,17,1:19.757,150.757,Finished
6493,300,377,77,12,10,8,8,8,4,78,+42.562,6409119,35,2,1:18.423,153.322,Finished
6494,300,669,119,9,8,9,9,9,2,78,+44.036,6410593,51,12,1:19.246,151.730,Finished
6495,300,706,212,19,13,10,10,10,1,78,+44.516,6411073,51,11,1:19.187,151.843,Finished
6496,300,622,172,15,23,11,11,11,0,77,\N,\N,49,1,1:17.296,155.557,+1 Lap
6497,300,790,200,17,16,12,12,12,0,77,\N,\N,25,8,1:19.013,152.177,+1 Lap
6498,300,420,36,20,17,13,13,13,0,77,\N,\N,76,13,1:19.305,151.617,+1 Lap
6499,300,304,129,24,19,14,14,14,0,77,\N,\N,60,15,1:19.637,150.985,+1 Lap
6500,300,401,88,23,22,15,15,15,0,76,\N,\N,44,19,1:20.286,149.764,+2 Laps
6501,300,138,135,3,12,16,16,16,0,70,\N,\N,51,18,1:19.923,150.444,Collision
6502,300,642,200,16,15,17,R,17,0,65,\N,\N,44,16,1:19.752,150.767,Retired
6503,300,595,129,25,21,18,R,18,0,64,\N,\N,61,14,1:19.604,151.047,Retired
6504,300,696,140,7,6,19,R,19,0,63,\N,\N,52,6,1:18.904,152.387,Fuel pressure
6505,300,593,36,21,18,20,R,20,0,15,\N,\N,12,20,1:20.825,148.765,Electrical
6506,300,418,172,14,11,21,R,21,0,5,\N,\N,4,21,1:25.480,140.664,Accident
6507,300,867,88,22,20,22,R,22,0,0,\N,\N,\N,\N,\N,\N,Accident
6508,300,486,212,18,24,23,R,23,0,0,\N,\N,\N,\N,\N,\N,Accident
6509,300,319,119,10,4,24,R,24,0,0,\N,\N,\N,\N,\N,\N,Accident
6510,301,335,135,4,2,1,1,1,25,70,1:32:29.586,5549586,59,6,1:17.020,203.837,Finished
6511,301,319,119,10,7,2,2,2,18,70,+2.513,5552099,57,11,1:17.264,203.194,Finished
6512,301,622,172,15,15,3,3,3,15,70,+5.260,5554846,67,3,1:16.414,205.454,Finished
6513,301,794,169,1,1,4,4,4,12,70,+7.295,5556881,70,1,1:15.752,207.249,Finished
6514,301,17,73,5,3,5,5,5,10,70,+13.411,5562997,42,15,1:17.820,201.742,Finished
6515,301,656,140,8,5,6,6,6,8,70,+13.842,5563428,67,7,1:17.060,203.732,Finished
6516,301,811,169,2,4,7,7,7,6,70,+15.085,5564671,62,8,1:17.131,203.544,Finished
6517,301,669,119,9,12,8,8,8,4,70,+15.567,5565153,70,5,1:16.764,204.517,Finished
6518,301,418,172,14,11,9,9,9,2,70,+24.432,5574018,61,12,1:17.464,202.669,Finished
6519,301,500,73,6,6,10,10,10,1,70,+25.272,5574858,69,2,1:16.182,206.080,Finished
6520,301,869,77,11,8,11,11,11,0,70,+37.693,5587279,63,10,1:17.219,203.312,Finished
6521,301,377,77,12,13,12,12,12,0,70,+46.236,5595822,62,9,1:17.202,203.357,Finished
6522,301,486,212,18,22,13,13,13,0,70,+47.052,5596638,67,13,1:17.489,202.604,Finished
6523,301,642,200,16,14,14,14,14,0,70,+1:04.475,5614061,70,4,1:16.609,204.931,Finished
6524,301,790,200,17,19,15,15,15,0,69,\N,\N,55,17,1:17.875,201.600,+1 Lap
6525,301,138,135,3,10,16,16,16,0,69,\N,\N,63,16,1:17.843,201.682,+1 Lap
6526,301,706,212,19,16,17,17,17,0,69,\N,\N,67,14,1:17.817,201.750,+1 Lap
6527,301,420,36,20,17,18,18,18,0,69,\N,\N,62,19,1:18.128,200.947,+1 Lap
6528,301,593,36,21,18,19,19,19,0,69,\N,\N,58,18,1:18.093,201.037,+1 Lap
6529,301,595,129,25,23,20,20,20,0,69,\N,\N,63,21,1:20.632,194.706,+3 Laps
6530,301,304,129,24,21,21,21,21,0,56,\N,\N,47,22,1:21.032,193.745,Suspension
6531,301,696,140,7,9,22,R,22,0,43,\N,\N,37,20,1:18.433,200.165,Rear wing
6532,301,867,88,22,20,23,R,23,0,24,\N,\N,23,23,1:21.535,192.550,Brakes
6533,301,401,88,23,24,24,R,24,0,22,\N,\N,12,24,1:22.044,191.355,Suspension
6534,302,17,73,5,11,1,1,1,25,57,1:44:16.649,6256649,40,5,1:43.666,188.185,Finished
6535,302,669,119,9,5,2,2,2,18,57,+6.421,6263070,43,7,1:43.686,188.148,Finished
6536,302,696,140,7,12,3,3,3,15,57,+12.639,6269288,43,3,1:43.099,189.220,Finished
6537,302,811,169,2,19,4,4,4,12,57,+13.628,6270277,40,2,1:42.717,189.923,Finished
6538,302,377,77,12,8,5,5,5,10,57,+19.993,6276642,40,13,1:44.226,187.174,Finished
6539,302,656,140,8,6,6,6,6,8,57,+21.176,6277825,54,1,1:42.163,190.953,Finished
6540,302,869,77,11,10,7,7,7,6,57,+22.866,6279515,45,11,1:44.101,187.398,Finished
6541,302,138,135,3,9,8,8,8,4,57,+24.653,6281302,48,17,1:44.806,186.138,Finished
6542,302,622,172,15,15,9,9,9,2,57,+27.777,6284426,43,4,1:43.526,188.439,Finished
6543,302,706,212,19,14,10,10,10,1,57,+35.961,6292610,44,12,1:44.111,187.380,Finished
6544,302,642,200,16,17,11,11,11,0,57,+37.041,6293690,44,6,1:43.674,188.170,Finished
6545,302,486,212,18,3,12,12,12,0,57,+54.630,6311279,43,10,1:44.064,187.465,Finished
6546,302,593,36,21,20,13,13,13,0,57,+1:15.871,6332520,54,14,1:44.253,187.125,Finished
6547,302,420,36,20,16,14,14,14,0,57,+1:34.654,6351303,40,19,1:45.294,185.275,Finished
6548,302,595,129,25,23,15,15,15,0,57,+1:36.551,6353200,43,22,1:46.701,182.832,Finished
6549,302,500,73,6,13,16,16,16,0,56,\N,\N,36,15,1:44.431,186.806,+1 Lap
6550,302,867,88,22,21,17,17,17,0,56,\N,\N,36,23,1:46.799,182.664,+1 Lap
6551,302,401,88,23,22,18,18,18,0,56,\N,\N,42,21,1:46.388,183.370,+1 Lap
6552,302,335,135,4,2,19,19,19,0,55,\N,\N,43,9,1:44.007,187.568,Collision
6553,302,319,119,10,4,20,R,20,0,40,\N,\N,38,8,1:43.764,188.007,Electronics
6554,302,794,169,1,1,21,R,21,0,33,\N,\N,18,16,1:44.555,186.585,Gearbox
6555,302,418,172,14,7,22,R,22,0,33,\N,\N,22,18,1:45.082,185.649,Collision
6556,302,790,200,17,18,23,R,23,0,26,\N,\N,22,20,1:45.491,184.929,Collision
6557,302,304,129,24,0,24,W,24,0,0,\N,\N,\N,\N,\N,\N,Withdrew
6558,303,811,169,2,2,1,1,1,25,52,1:25:11.288,5111288,49,4,1:34.934,223.393,Finished
6559,303,17,73,5,1,2,2,2,18,52,+3.060,5114348,49,7,1:35.385,222.336,Finished
6560,303,794,169,1,4,3,3,3,15,52,+4.836,5116124,52,3,1:34.897,223.480,Finished
6561,303,500,73,6,5,4,4,4,12,52,+9.519,5120807,50,5,1:35.041,223.141,Finished
6562,303,669,119,9,6,5,5,5,10,52,+10.314,5121602,50,1,1:34.661,224.037,Finished
6563,303,319,119,10,9,6,6,6,8,52,+17.101,5128389,50,2,1:34.884,223.510,Finished
6564,303,696,140,7,3,7,7,7,6,52,+29.153,5140441,52,6,1:35.191,222.789,Finished
6565,303,335,135,4,8,8,8,8,4,52,+36.463,5147751,44,15,1:36.173,220.515,Finished
6566,303,706,212,19,13,9,9,9,2,52,+43.347,5154635,48,12,1:35.863,221.228,Finished
6567,303,138,135,3,16,10,10,10,1,52,+44.444,5155732,52,14,1:36.086,220.714,Finished
6568,303,418,172,14,17,11,11,11,0,52,+45.370,5156658,48,9,1:35.478,222.120,Finished
6569,303,377,77,12,14,12,12,12,0,52,+47.856,5159144,37,13,1:35.981,220.956,Finished
6570,303,642,200,16,12,13,13,13,0,52,+51.241,5162529,49,8,1:35.448,222.190,Finished
6571,303,790,200,17,23,14,14,14,0,52,+53.313,5164601,49,10,1:35.514,222.036,Finished
6572,303,656,140,8,11,15,15,15,0,52,+57.394,5168682,49,11,1:35.750,221.489,Finished
6573,303,486,212,18,7,16,16,16,0,51,\N,\N,34,17,1:37.515,217.480,+1 Lap
6574,303,420,36,20,19,17,17,17,0,51,\N,\N,37,19,1:38.050,216.293,+1 Lap
6575,303,304,129,24,20,18,18,18,0,51,\N,\N,50,16,1:37.422,217.687,+1 Lap
6576,303,595,129,25,24,19,19,19,0,51,\N,\N,50,18,1:38.008,216.386,+1 Lap
6577,303,867,88,22,21,20,20,20,0,50,\N,\N,44,21,1:39.618,212.889,+2 Laps
6578,303,401,88,23,22,21,21,21,0,50,\N,\N,50,20,1:38.339,215.658,+2 Laps
6579,303,622,172,15,15,22,R,22,0,11,\N,\N,3,22,1:39.781,212.541,Collision
6580,303,869,77,11,10,23,R,23,0,2,\N,\N,\N,\N,\N,\N,Collision
6581,303,593,36,21,18,24,W,24,0,0,\N,\N,\N,\N,\N,\N,Engine
6582,304,17,73,5,1,1,1,1,25,67,1:31:05.862,5465862,66,2,1:19.044,208.319,Finished
6583,304,138,135,3,6,2,2,2,18,67,+6.949,5472811,67,8,1:19.469,207.205,Finished
6584,304,669,119,9,10,3,3,3,15,67,+16.409,5482271,62,13,1:19.719,206.555,Finished
6585,304,418,172,14,12,4,4,4,12,67,+21.925,5487787,56,9,1:19.485,207.163,Finished
6586,304,794,169,1,2,5,5,5,10,67,+23.732,5489594,61,4,1:19.161,208.011,Finished
6587,304,622,172,15,17,6,6,6,8,67,+27.896,5493758,62,6,1:19.270,207.725,Finished
6588,304,696,140,7,3,7,7,7,6,67,+28.970,5494832,57,1,1:18.725,209.163,Finished
6589,304,811,169,2,8,8,8,8,4,67,+46.941,5512803,59,14,1:19.794,206.361,Finished
6590,304,377,77,12,4,9,9,9,2,67,+48.162,5514024,56,7,1:19.372,207.458,Finished
6591,304,656,140,8,21,10,10,10,1,67,+48.889,5514751,59,3,1:19.105,208.158,Finished
6592,304,869,77,11,9,11,11,11,0,67,+59.227,5525089,67,12,1:19.717,206.560,Finished
6593,304,500,73,6,13,12,12,12,0,67,+1:11.428,5537290,67,5,1:19.225,207.843,Finished
6594,304,642,200,16,11,13,13,13,0,67,+1:16.829,5542691,44,18,1:20.066,205.660,Finished
6595,304,790,200,17,15,14,14,14,0,67,+1:16.965,5542827,59,11,1:19.645,206.747,Finished
6596,304,486,212,18,5,15,15,15,0,66,\N,\N,59,10,1:19.607,206.846,+1 Lap
6597,304,593,36,21,18,16,16,16,0,66,\N,\N,62,16,1:19.997,205.837,+1 Lap
6598,304,706,212,19,14,17,17,17,0,66,\N,\N,62,15,1:19.894,206.103,+1 Lap
6599,304,319,119,10,19,18,18,18,0,66,\N,\N,60,17,1:20.013,205.796,+1 Lap
6600,304,420,36,20,16,19,19,19,0,65,\N,\N,61,20,1:20.596,204.307,+2 Laps
6601,304,595,129,25,20,20,20,20,0,65,\N,\N,45,21,1:21.753,201.416,+2 Laps
6602,304,867,88,22,23,21,21,21,0,64,\N,\N,51,23,1:22.407,199.817,+3 Laps
6603,304,304,129,24,22,22,22,22,0,64,\N,\N,54,24,1:22.778,198.922,+3 Laps
6604,304,401,88,23,24,23,23,23,0,64,\N,\N,55,22,1:21.788,201.330,+3 Laps
6605,304,335,135,4,7,24,R,24,0,56,\N,\N,34,19,1:20.091,205.596,Puncture
6606,305,335,135,4,1,1,1,1,25,69,1:41:05.503,6065503,65,4,1:25.677,184.082,Finished
6607,305,669,119,9,5,2,2,2,18,69,+1.032,6066535,41,6,1:25.728,183.972,Finished
6608,305,319,119,10,2,3,3,3,15,69,+10.518,6076021,59,13,1:26.050,183.284,Finished
6609,305,794,169,1,3,4,4,4,12,69,+11.614,6077117,68,1,1:24.136,187.453,Finished
6610,305,17,73,5,6,5,5,5,10,69,+26.653,6092156,65,7,1:25.738,183.951,Finished
6611,305,138,135,3,4,6,6,6,8,69,+30.243,6095746,58,10,1:25.831,183.751,Finished
6612,305,706,212,19,9,7,7,7,6,69,+33.899,6099402,65,16,1:26.248,182.863,Finished
6613,305,811,169,2,11,8,8,8,4,69,+34.458,6099961,41,3,1:25.402,184.674,Finished
6614,305,500,73,6,7,9,9,9,2,69,+38.350,6103853,54,11,1:25.920,183.561,Finished
6615,305,656,140,8,13,10,10,10,1,69,+51.234,6116737,58,9,1:25.830,183.753,Finished
6616,305,377,77,12,10,11,11,11,0,69,+57.283,6122786,60,15,1:26.073,183.235,Finished
6617,305,869,77,11,12,12,12,12,0,69,+1:02.887,6128390,57,12,1:25.976,183.441,Finished
6618,305,486,212,18,8,13,13,13,0,69,+1:03.606,6129109,63,5,1:25.723,183.983,Finished
6619,305,622,172,15,14,14,14,14,0,69,+1:04.494,6129997,65,2,1:25.218,185.073,Finished
6620,305,642,200,16,18,15,15,15,0,68,\N,\N,59,17,1:26.508,182.313,+1 Lap
6621,305,790,200,17,16,16,16,16,0,68,\N,\N,66,14,1:26.061,183.260,+1 Lap
6622,305,420,36,20,19,17,17,17,0,68,\N,\N,62,18,1:26.595,182.130,+1 Lap
6623,305,418,172,14,15,18,18,18,0,67,\N,\N,61,8,1:25.745,183.936,+2 Laps
6624,305,593,36,21,20,19,19,19,0,67,\N,\N,59,20,1:27.629,179.981,+2 Laps
6625,305,595,129,25,21,20,20,20,0,67,\N,\N,22,22,1:28.727,177.754,+2 Laps
6626,305,304,129,24,22,21,21,21,0,66,\N,\N,55,21,1:28.447,178.316,+3 Laps
6627,305,867,88,22,23,22,22,22,0,66,\N,\N,56,23,1:28.765,177.678,+3 Laps
6628,305,401,88,23,24,23,R,23,0,60,\N,\N,56,24,1:29.506,176.207,Suspension
6629,305,696,140,7,17,24,R,24,0,58,\N,\N,56,19,1:26.778,181.746,+11 Laps
6630,306,138,135,3,1,1,1,1,25,44,1:29:08.530,5348530,40,10,1:54.293,220.611,Finished
6631,306,794,169,1,10,2,2,2,18,44,+13.624,5362154,39,9,1:54.198,220.795,Finished
6632,306,669,119,9,3,3,3,3,15,44,+25.334,5373864,34,5,1:53.640,221.879,Finished
6633,306,377,77,12,11,4,4,4,12,44,+27.843,5376373,40,6,1:53.760,221.645,Finished
6634,306,500,73,6,14,5,5,5,10,44,+29.845,5378375,30,3,1:53.464,222.223,Finished
6635,306,811,169,2,12,6,6,6,8,44,+31.244,5379774,42,7,1:53.768,221.629,Finished
6636,306,696,140,7,13,7,7,7,6,44,+53.374,5401904,37,4,1:53.507,222.139,Finished
6637,306,790,200,17,15,8,8,8,4,44,+58.865,5407395,31,8,1:53.995,221.188,Finished
6638,306,642,200,16,16,9,9,9,2,44,+1:02.982,5411512,42,12,1:54.605,220.011,Finished
6639,306,869,77,11,9,10,10,10,1,44,+1:03.783,5412313,28,11,1:54.562,220.093,Finished
6640,306,656,140,8,23,11,11,11,0,44,+1:05.111,5413641,39,2,1:53.073,222.992,Finished
6641,306,706,212,19,17,12,12,12,0,44,+1:11.529,5420059,43,1,1:52.822,223.488,Finished
6642,306,418,172,14,2,13,13,13,0,44,+1:56.119,5464649,26,13,1:55.598,218.121,Finished
6643,306,593,36,21,19,14,14,14,0,43,\N,\N,28,15,1:56.741,215.985,+1 Lap
6644,306,304,129,24,20,15,15,15,0,43,\N,\N,30,16,1:56.956,215.588,+1 Lap
6645,306,595,129,25,22,16,16,16,0,43,\N,\N,27,18,1:57.939,213.791,+1 Lap
6646,306,420,36,20,18,17,17,17,0,43,\N,\N,33,14,1:56.475,216.479,+1 Lap
6647,306,867,88,22,21,18,18,18,0,43,\N,\N,30,17,1:57.315,214.929,+1 Lap
6648,306,401,88,23,24,19,R,19,0,29,\N,\N,16,19,1:59.113,211.684,Spun off
6649,306,486,212,18,6,20,R,20,0,4,\N,\N,4,20,2:56.181,143.116,Collision
6650,306,622,172,15,4,21,R,21,0,0,\N,\N,\N,\N,\N,\N,Collision
6651,306,17,73,5,5,22,R,22,0,0,\N,\N,\N,\N,\N,\N,Collision
6652,306,335,135,4,7,23,R,23,0,0,\N,\N,\N,\N,\N,\N,Collision
6653,306,319,119,10,8,24,R,24,0,0,\N,\N,\N,\N,\N,\N,Collision
6654,307,335,135,4,1,1,1,1,25,53,1:19:41.221,4781221,52,5,1:28.427,235.841,Finished
6655,307,622,172,15,12,2,2,2,18,53,+4.356,4785577,53,2,1:27.562,238.171,Finished
6656,307,17,73,5,10,3,3,3,15,53,+20.594,4801815,44,11,1:28.835,234.758,Finished
6657,307,500,73,6,3,4,4,4,12,53,+29.667,4810888,33,12,1:28.914,234.550,Finished
6658,307,669,119,9,7,5,5,5,10,53,+30.881,4812102,52,17,1:29.109,234.036,Finished
6659,307,696,140,7,4,6,6,6,8,53,+31.259,4812480,51,3,1:27.718,237.748,Finished
6660,307,656,140,8,6,7,7,7,6,53,+33.550,4814771,53,1,1:27.239,239.053,Finished
6661,307,869,77,11,9,8,8,8,4,53,+41.057,4822278,51,16,1:29.068,234.144,Finished
6662,307,418,172,14,8,9,9,9,2,53,+43.898,4825119,39,14,1:29.032,234.239,Finished
6663,307,706,212,19,13,10,10,10,1,53,+48.144,4829365,52,10,1:28.742,235.004,Finished
6664,307,486,212,18,22,11,11,11,0,53,+48.682,4829903,51,4,1:28.053,236.843,Finished
6665,307,642,200,16,14,12,12,12,0,53,+50.316,4831537,46,7,1:28.621,235.325,Finished
6666,307,846,119,10,15,13,13,13,0,53,+1:15.861,4857082,52,8,1:28.677,235.177,Finished
6667,307,420,36,20,17,14,14,14,0,52,\N,\N,46,19,1:29.399,233.277,+1 Lap
6668,307,593,36,21,18,15,15,15,0,52,\N,\N,46,15,1:29.066,234.149,+1 Lap
6669,307,595,129,25,20,16,16,16,0,52,\N,\N,44,20,1:29.753,232.357,+1 Lap
6670,307,304,129,24,19,17,17,17,0,52,\N,\N,50,21,1:29.888,232.008,+1 Lap
6671,307,867,88,22,23,18,18,18,0,52,\N,\N,51,22,1:30.398,230.699,+1 Lap
6672,307,401,88,23,21,19,19,19,0,52,\N,\N,44,23,1:31.086,228.957,+1 Lap
6673,307,811,169,2,11,20,20,20,0,51,\N,\N,43,18,1:29.202,233.792,Vibrations
6674,307,377,77,12,24,21,21,21,0,50,\N,\N,46,6,1:28.578,235.439,Brakes
6675,307,794,169,1,5,22,22,22,0,47,\N,\N,46,9,1:28.713,235.081,Alternator
6676,307,138,135,3,2,23,R,23,0,32,\N,\N,31,13,1:28.926,234.518,Fuel pressure
6677,307,790,200,17,16,24,R,24,0,8,\N,\N,6,24,1:31.962,226.776,Suspension
6678,308,794,169,1,3,1,1,1,25,59,2:00:26.144,7226144,50,3,1:52.134,162.865,Finished
6679,308,138,135,3,4,2,2,2,18,59,+8.959,7235103,47,4,1:52.625,162.155,Finished
6680,308,17,73,5,5,3,3,3,15,59,+15.227,7241371,53,5,1:52.709,162.034,Finished
6681,308,869,77,11,6,4,4,4,12,59,+19.063,7245207,54,7,1:52.931,161.716,Finished
6682,308,656,140,8,10,5,5,5,10,59,+34.784,7260928,55,12,1:53.897,160.344,Finished
6683,308,669,119,9,12,6,6,6,8,59,+35.759,7261903,53,11,1:53.785,160.502,Finished
6684,308,319,119,10,8,7,7,7,6,59,+36.698,7262842,56,14,1:54.123,160.027,Finished
6685,308,500,73,6,13,8,8,8,4,59,+42.829,7268973,47,13,1:53.997,160.204,Finished
6686,308,642,200,16,15,9,9,9,2,59,+45.820,7271964,53,15,1:54.267,159.825,Finished
6687,308,622,172,15,14,10,10,10,1,59,+50.619,7276763,51,6,1:52.778,161.935,Finished
6688,308,811,169,2,7,11,11,11,0,59,+1:27.175,7313319,53,10,1:53.726,160.585,Finished
6689,308,304,129,24,20,12,12,12,0,59,+1:31.918,7318062,30,21,1:56.057,157.360,Finished
6690,308,418,172,14,17,13,13,13,0,59,+1:37.141,7323285,52,2,1:51.690,163.513,Finished
6691,308,377,77,12,11,14,14,14,0,59,+1:39.413,7325557,52,1,1:51.033,164.480,Finished
6692,308,420,36,20,19,15,15,15,0,59,+1:47.967,7334111,48,18,1:55.233,158.485,Finished
6693,308,595,129,25,21,16,16,16,0,59,+2:12.925,7359069,37,22,1:56.486,156.781,Finished
6694,308,867,88,22,24,17,17,17,0,58,\N,\N,48,23,1:57.671,155.202,+1 Lap
6695,308,706,212,19,22,18,18,18,0,57,\N,\N,27,9,1:53.610,160.749,Retired
6696,308,593,36,21,18,19,19,19,0,57,\N,\N,44,17,1:55.140,158.613,+2 Laps
6697,308,790,200,17,16,20,R,20,0,38,\N,\N,28,8,1:53.510,160.891,Collision
6698,308,696,140,7,9,21,R,21,0,38,\N,\N,26,20,1:56.047,157.374,Collision
6699,308,486,212,18,2,22,R,22,0,36,\N,\N,27,16,1:55.120,158.641,Hydraulics
6700,308,401,88,23,23,23,R,23,0,30,\N,\N,26,24,1:58.507,154.107,Accident
6701,308,335,135,4,1,24,R,24,0,22,\N,\N,14,19,1:55.541,158.063,Gearbox
6702,309,794,169,1,1,1,1,1,25,53,1:28:56.242,5336242,52,1,1:35.774,218.276,Finished
6703,309,500,73,6,10,2,2,2,18,53,+20.639,5356881,50,5,1:36.894,215.753,Finished
6704,309,418,172,14,3,3,3,3,15,53,+24.538,5360780,52,3,1:36.679,216.233,Finished
6705,309,138,135,3,8,4,4,4,12,53,+25.098,5361340,51,2,1:36.606,216.396,Finished
6706,309,335,135,4,9,5,5,5,10,53,+46.490,5382732,45,11,1:37.760,213.842,Finished
6707,309,669,119,9,7,6,6,6,8,53,+50.424,5386666,49,13,1:37.886,213.566,Finished
6708,309,377,77,12,15,7,7,7,6,53,+51.159,5387401,46,14,1:37.938,213.453,Finished
6709,309,486,212,18,12,8,8,8,4,53,+52.364,5388606,45,12,1:37.771,213.818,Finished
6710,309,811,169,2,2,9,9,9,2,53,+54.675,5390917,49,7,1:37.128,215.233,Finished
6711,309,642,200,16,14,10,10,10,1,53,+1:06.919,5403161,50,8,1:37.455,214.511,Finished
6712,309,696,140,7,23,11,11,11,0,53,+1:07.769,5404011,43,6,1:36.942,215.646,Finished
6713,309,869,77,11,11,12,12,12,0,53,+1:23.460,5419702,48,10,1:37.535,214.335,Finished
6714,309,790,200,17,19,13,13,13,0,53,+1:28.645,5424887,39,9,1:37.533,214.339,Finished
6715,309,706,212,19,16,14,14,14,0,53,+1:28.709,5424951,44,4,1:36.819,215.920,Finished
6716,309,420,36,20,17,15,15,15,0,52,\N,\N,52,15,1:38.043,213.224,+1 Lap
6717,309,304,129,24,18,16,16,16,0,52,\N,\N,48,18,1:38.756,211.685,+1 Lap
6718,309,593,36,21,22,17,17,17,0,52,\N,\N,47,17,1:38.344,212.572,+1 Lap
6719,309,867,88,22,20,18,18,18,0,52,\N,\N,50,20,1:39.351,210.417,+1 Lap
6720,309,319,119,10,4,19,19,19,0,51,\N,\N,32,16,1:38.277,212.717,+2 Laps
6721,309,595,129,25,21,20,R,20,0,37,\N,\N,34,21,1:40.493,208.026,Engine
6722,309,401,88,23,24,21,R,21,0,32,\N,\N,21,22,1:41.388,206.190,Vibrations
6723,309,622,172,15,5,22,R,22,0,18,\N,\N,17,19,1:38.983,211.199,Spun off
6724,309,17,73,5,6,23,R,23,0,0,\N,\N,\N,\N,\N,\N,Collision
6725,309,656,140,8,13,24,R,24,0,0,\N,\N,\N,\N,\N,\N,Collision
6726,310,794,169,1,2,1,1,1,25,55,1:36:28.651,5788651,55,5,1:42.499,197.211,Finished
6727,310,811,169,2,1,2,2,2,18,55,+8.231,5796882,54,1,1:42.037,198.104,Finished
6728,310,17,73,5,4,3,3,3,15,55,+13.944,5802595,52,3,1:42.442,197.321,Finished
6729,310,500,73,6,6,4,4,4,12,55,+20.168,5808819,48,2,1:42.242,197.707,Finished
6730,310,669,119,9,5,5,5,5,10,55,+36.739,5825390,51,11,1:42.822,196.592,Finished
6731,310,377,77,12,8,6,6,6,8,55,+45.301,5833952,54,6,1:42.645,196.931,Finished
6732,310,319,119,10,7,7,7,7,6,55,+54.812,5843463,44,10,1:42.783,196.666,Finished
6733,310,790,200,17,16,8,8,8,4,55,+1:09.589,5858240,48,8,1:42.721,196.785,Finished
6734,310,642,200,16,21,9,9,9,2,55,+1:11.787,5860438,45,12,1:43.148,195.970,Finished
6735,310,335,135,4,3,10,10,10,1,55,+1:19.692,5868343,49,9,1:42.721,196.785,Finished
6736,310,622,172,15,12,11,11,11,0,55,+1:20.062,5868713,49,4,1:42.495,197.219,Finished
6737,310,869,77,11,14,12,12,12,0,55,+1:24.448,5873099,48,15,1:43.517,195.272,Finished
6738,310,696,140,7,10,13,13,13,0,55,+1:29.241,5877892,49,13,1:43.184,195.902,Finished
6739,310,486,212,18,15,14,14,14,0,55,+1:34.924,5883575,55,7,1:42.679,196.865,Finished
6740,310,706,212,19,17,15,15,15,0,55,+1:36.902,5885553,49,14,1:43.411,195.472,Finished
6741,310,593,36,21,18,16,16,16,0,54,\N,\N,50,18,1:45.013,192.490,+1 Lap
6742,310,420,36,20,19,17,17,17,0,54,\N,\N,43,17,1:44.955,192.596,+1 Lap
6743,310,304,129,24,20,18,18,18,0,54,\N,\N,42,19,1:45.236,192.082,+1 Lap
6744,310,595,129,25,24,19,19,19,0,53,\N,\N,52,16,1:44.462,193.505,+2 Laps
6745,310,401,88,23,23,20,20,20,0,53,\N,\N,39,21,1:47.068,188.795,+2 Laps
6746,310,867,88,22,22,21,R,21,0,16,\N,\N,9,22,1:49.861,183.996,Throttle
6747,310,418,172,14,13,22,R,22,0,16,\N,\N,3,20,1:47.066,188.799,Collision damage
6748,310,656,140,8,9,23,R,23,0,1,\N,\N,\N,\N,\N,\N,Collision
6749,310,138,135,3,11,24,R,24,0,0,\N,\N,\N,\N,\N,\N,Collision
6750,311,794,169,1,1,1,1,1,25,60,1:31:10.744,5470744,60,4,1:28.723,207.950,Finished
6751,311,17,73,5,5,2,2,2,18,60,+9.437,5480181,60,3,1:28.630,208.168,Finished
6752,311,811,169,2,2,3,3,3,15,60,+13.217,5483961,59,6,1:29.029,207.235,Finished
6753,311,335,135,4,3,4,4,4,12,60,+13.909,5484653,58,5,1:28.944,207.433,Finished
6754,311,138,135,3,4,5,5,5,10,60,+26.266,5497010,60,1,1:28.203,209.176,Finished
6755,311,500,73,6,6,6,6,6,8,60,+44.674,5515418,59,11,1:29.283,206.646,Finished
6756,311,669,119,9,7,7,7,7,6,60,+45.227,5515971,54,12,1:29.354,206.482,Finished
6757,311,377,77,12,12,8,8,8,4,60,+54.998,5525742,60,10,1:29.230,206.769,Finished
6758,311,319,119,10,11,9,9,9,2,60,+56.103,5526847,57,15,1:29.522,206.094,Finished
6759,311,706,212,19,13,10,10,10,1,60,+1:14.975,5545719,60,2,1:28.431,208.637,Finished
6760,311,656,140,8,10,11,11,11,0,60,+1:21.694,5552438,59,14,1:29.492,206.163,Finished
6761,311,869,77,11,16,12,12,12,0,60,+1:22.815,5553559,59,7,1:29.086,207.103,Finished
6762,311,642,200,16,15,13,13,13,0,60,+1:26.064,5556808,57,13,1:29.440,206.283,Finished
6763,311,418,172,14,17,14,14,14,0,60,+1:26.495,5557239,51,8,1:29.204,206.829,Finished
6764,311,790,200,17,18,15,15,15,0,59,\N,\N,59,17,1:30.091,204.792,+1 Lap
6765,311,486,212,18,9,16,16,16,0,59,\N,\N,50,16,1:30.067,204.847,+1 Lap
6766,311,593,36,21,19,17,17,17,0,59,\N,\N,58,19,1:31.163,202.384,+1 Lap
6767,311,420,36,20,20,18,18,18,0,59,\N,\N,57,18,1:30.786,203.225,+1 Lap
6768,311,595,129,25,24,19,19,19,0,59,\N,\N,55,20,1:31.366,201.935,+1 Lap
6769,311,304,129,24,21,20,20,20,0,58,\N,\N,56,21,1:31.721,201.153,+2 Laps
6770,311,401,88,23,23,21,21,21,0,58,\N,\N,53,22,1:32.161,200.193,+2 Laps
6771,311,696,140,7,14,22,22,22,0,55,\N,\N,53,9,1:29.230,206.769,Retired
6772,311,867,88,22,22,23,R,23,0,43,\N,\N,39,24,1:32.864,198.677,Accident
6773,311,622,172,15,8,24,R,24,0,21,\N,\N,17,23,1:32.208,200.091,Accident
6774,312,669,119,9,4,1,1,1,25,55,1:45:58.667,6358667,50,3,1:44.458,191.410,Finished
6775,312,17,73,5,6,2,2,2,18,55,+0.852,6359519,53,2,1:44.090,192.087,Finished
6776,312,794,169,1,24,3,3,3,15,55,+4.163,6362830,54,1,1:43.964,192.320,Finished
6777,312,138,135,3,5,4,4,4,12,55,+7.787,6366454,50,4,1:44.533,191.273,Finished
6778,312,486,212,18,3,5,5,5,10,55,+13.007,6371674,55,5,1:44.833,190.726,Finished
6779,312,418,172,14,15,6,6,6,8,55,+20.076,6378743,55,8,1:45.423,189.658,Finished
6780,312,500,73,6,8,7,7,7,6,55,+22.896,6381563,53,11,1:45.700,189.161,Finished
6781,312,706,212,19,14,8,8,8,4,55,+23.542,6382209,49,10,1:45.693,189.174,Finished
6782,312,869,77,11,12,9,9,9,2,55,+24.160,6382827,53,9,1:45.617,189.310,Finished
6783,312,642,200,16,16,10,10,10,1,55,+27.463,6386130,53,12,1:45.903,188.799,Finished
6784,312,696,140,7,13,11,11,11,0,55,+28.075,6386742,51,6,1:45.225,190.015,Finished
6785,312,790,200,17,17,12,12,12,0,55,+34.906,6393573,53,13,1:46.113,188.425,Finished
6786,312,420,36,20,18,13,13,13,0,55,+47.764,6406431,51,15,1:47.115,186.662,Finished
6787,312,304,129,24,21,14,14,14,0,55,+56.473,6415140,54,18,1:47.661,185.716,Finished
6788,312,622,172,15,11,15,15,15,0,55,+56.768,6415435,54,7,1:45.410,189.682,Finished
6789,312,593,36,21,20,16,16,16,0,55,+1:04.595,6423262,50,19,1:48.308,184.606,Finished
6790,312,867,88,22,22,17,17,17,0,55,+1:11.778,6430445,47,20,1:48.619,184.078,Finished
6791,312,595,129,25,19,18,R,18,0,41,\N,\N,33,21,1:49.079,183.302,Retired
6792,312,319,119,10,9,19,R,19,0,37,\N,\N,36,17,1:47.521,185.958,Collision
6793,312,811,169,2,2,20,R,20,0,37,\N,\N,32,14,1:46.959,186.935,Collision
6794,312,335,135,4,1,21,R,21,0,19,\N,\N,19,16,1:47.266,186.400,Electrical
6795,312,401,88,23,23,22,R,22,0,7,\N,\N,6,23,1:52.238,178.142,Collision
6796,312,656,140,8,7,23,R,23,0,7,\N,\N,4,22,1:49.340,182.864,Collision
6797,312,377,77,12,10,24,R,24,0,0,\N,\N,\N,\N,\N,\N,Collision
6798,313,335,135,4,2,1,1,1,25,56,1:35:55.269,5755269,55,5,1:39.709,199.047,Finished
6799,313,794,169,1,1,2,2,2,18,56,+0.675,5755944,56,1,1:39.347,199.772,Finished
6800,313,17,73,5,7,3,3,3,15,56,+39.229,5794498,56,4,1:39.672,199.121,Finished
6801,313,500,73,6,11,4,4,4,12,56,+46.013,5801282,56,2,1:39.402,199.661,Finished
6802,313,138,135,3,12,5,5,5,10,56,+56.432,5811701,54,6,1:40.150,198.170,Finished
6803,313,669,119,9,4,6,6,6,8,56,+1:04.425,5819694,56,3,1:39.474,199.517,Finished
6804,313,319,119,10,8,7,7,7,6,56,+1:10.313,5825582,55,10,1:40.625,197.235,Finished
6805,313,377,77,12,6,8,8,8,4,56,+1:13.792,5829061,53,16,1:41.048,196.409,Finished
6806,313,486,212,18,9,9,9,9,2,56,+1:14.525,5829794,53,12,1:40.719,197.051,Finished
6807,313,706,212,19,10,10,10,10,1,56,+1:15.133,5830402,53,13,1:40.745,197.000,Finished
6808,313,622,172,15,15,11,11,11,0,56,+1:24.341,5839610,53,11,1:40.701,197.086,Finished
6809,313,642,200,16,18,12,12,12,0,56,+1:24.871,5840140,53,14,1:40.772,196.947,Finished
6810,313,656,140,8,17,13,13,13,0,56,+1:25.510,5840779,51,8,1:40.428,197.622,Finished
6811,313,418,172,14,16,14,14,14,0,55,\N,\N,55,7,1:40.315,197.844,+1 Lap
6812,313,869,77,11,13,15,15,15,0,55,\N,\N,55,9,1:40.594,197.296,+1 Lap
6813,313,696,140,7,5,16,16,16,0,55,\N,\N,54,15,1:40.923,196.652,+1 Lap
6814,313,593,36,21,21,17,17,17,0,55,\N,\N,55,18,1:42.824,193.017,+1 Lap
6815,313,420,36,20,22,18,18,18,0,55,\N,\N,50,19,1:43.072,192.552,+1 Lap
6816,313,304,129,24,19,19,19,19,0,55,\N,\N,40,20,1:43.324,192.083,+1 Lap
6817,313,595,129,25,20,20,20,20,0,54,\N,\N,54,17,1:42.481,193.663,+2 Laps
6818,313,867,88,22,23,21,21,21,0,54,\N,\N,43,23,1:44.664,189.623,+2 Laps
6819,313,401,88,23,24,22,22,22,0,54,\N,\N,51,22,1:44.508,189.906,+2 Laps
6820,313,811,169,2,3,23,R,23,0,16,\N,\N,13,21,1:43.599,191.573,Alternator
6821,313,790,200,17,14,24,R,24,0,14,\N,\N,12,24,1:44.775,189.423,Suspension
6822,314,138,135,3,2,1,1,1,25,71,1:45:22.656,6322656,37,2,1:18.108,198.601,Finished
6823,314,17,73,5,7,2,2,2,18,71,+2.754,6325410,36,4,1:18.623,197.301,Finished
6824,314,500,73,6,5,3,3,3,15,71,+3.615,6326271,37,5,1:18.879,196.660,Finished
6825,314,811,169,2,3,4,4,4,12,71,+4.936,6327592,39,6,1:18.903,196.600,Finished
6826,314,377,77,12,6,5,5,5,10,71,+5.708,6328364,38,3,1:18.210,198.342,Finished
6827,314,794,169,1,4,6,6,6,8,71,+9.453,6332109,36,9,1:19.090,196.136,Finished
6828,314,696,140,7,13,7,7,7,6,71,+11.907,6334563,37,15,1:20.158,193.522,Finished
6829,314,790,200,17,17,8,8,8,4,71,+28.653,6351309,39,8,1:18.983,196.401,Finished
6830,314,418,172,14,14,9,9,9,2,71,+31.250,6353906,35,7,1:18.973,196.426,Finished
6831,314,669,119,9,8,10,10,10,1,70,\N,\N,34,13,1:19.444,195.262,+1 Lap
6832,314,593,36,21,19,11,11,11,0,70,\N,\N,39,18,1:20.528,192.633,+1 Lap
6833,314,595,129,25,22,12,12,12,0,70,\N,\N,36,17,1:20.310,193.156,+1 Lap
6834,314,642,200,16,15,13,13,13,0,70,\N,\N,36,11,1:19.308,195.596,+1 Lap
6835,314,420,36,20,20,14,14,14,0,70,\N,\N,39,10,1:19.256,195.725,+1 Lap
6836,314,656,140,8,9,15,15,15,0,70,\N,\N,38,16,1:20.266,193.262,+1 Lap
6837,314,304,129,24,21,16,16,16,0,70,\N,\N,34,14,1:19.686,194.669,+1 Lap
6838,314,867,88,22,24,17,17,17,0,69,\N,\N,37,19,1:21.085,191.310,+2 Laps
6839,314,401,88,23,23,18,18,18,0,69,\N,\N,40,20,1:21.544,190.233,+2 Laps
6840,314,869,77,11,10,19,19,19,0,68,\N,\N,39,12,1:19.314,195.582,Accident
6841,314,335,135,4,1,20,R,20,0,54,\N,\N,38,1,1:18.069,198.701,Collision
6842,314,319,119,10,18,21,R,21,0,5,\N,\N,2,21,1:22.184,188.752,Accident
6843,314,486,212,18,16,22,R,22,0,1,\N,\N,\N,\N,\N,\N,Collision
6844,314,706,212,19,11,23,R,23,0,0,\N,\N,\N,\N,\N,\N,Collision
6845,314,622,172,15,12,24,R,24,0,0,\N,\N,\N,\N,\N,\N,Collision
6846,315,669,119,7,7,1,1,1,25,58,1:30:03.225,5403225,56,1,1:29.274,213.845,Finished
6847,315,17,73,3,5,2,2,2,18,58,+12.451,5415676,53,3,1:29.560,213.162,Finished
6848,315,794,169,1,1,3,3,3,15,58,+22.346,5425571,42,10,1:30.409,211.160,Finished
6849,315,500,73,4,4,4,4,4,12,58,+33.577,5436802,38,8,1:30.239,211.558,Finished
6850,315,335,140,10,3,5,5,5,10,58,+45.561,5448786,45,5,1:29.759,212.689,Finished
6851,315,811,169,2,2,6,6,6,8,58,+46.800,5450025,45,4,1:29.732,212.753,Finished
6852,315,746,77,15,12,7,7,7,6,58,+1:05.068,5468293,49,13,1:30.710,210.459,Finished
6853,315,869,77,14,9,8,8,8,4,58,+1:08.449,5471674,56,15,1:30.894,210.033,Finished
6854,315,138,135,5,10,9,9,9,2,58,+1:21.630,5484855,41,7,1:30.198,211.654,Finished
6855,315,319,119,8,8,10,10,10,1,58,+1:22.759,5485984,41,9,1:30.395,211.193,Finished
6856,315,622,135,6,15,11,11,11,0,58,+1:23.367,5486592,46,6,1:29.926,212.294,Finished
6857,315,790,200,18,13,12,12,12,0,58,+1:23.857,5487082,50,2,1:29.498,213.309,Finished
6858,315,327,172,12,18,13,13,13,0,57,\N,\N,32,16,1:31.415,208.836,+1 Lap
6859,315,102,212,17,16,14,14,14,0,57,\N,\N,42,12,1:30.652,210.594,+1 Lap
6860,315,80,129,22,19,15,15,15,0,57,\N,\N,52,11,1:30.454,211.055,+1 Lap
6861,315,595,36,20,22,16,16,16,0,56,\N,\N,55,19,1:32.261,206.921,+2 Laps
6862,315,165,129,23,20,17,17,17,0,56,\N,\N,49,17,1:32.210,207.036,+2 Laps
6863,315,873,36,21,21,18,18,18,0,56,\N,\N,39,20,1:32.636,206.084,+2 Laps
6864,315,642,200,19,14,19,R,19,0,39,\N,\N,33,14,1:30.881,210.063,Hydraulics
6865,315,656,140,9,6,20,R,20,0,26,\N,\N,18,18,1:32.259,206.926,Electrical
6866,315,486,212,16,17,21,R,21,0,24,\N,\N,12,21,1:32.915,205.465,Spun off
6867,315,377,172,11,11,22,W,22,0,0,\N,\N,\N,\N,\N,\N,Fuel system
6868,316,794,169,1,1,1,1,1,25,56,1:38:56.681,5936681,45,3,1:40.446,198.661,Finished
6869,316,811,169,2,5,2,2,2,18,56,+4.298,5940979,45,6,1:40.685,198.190,Finished
6870,316,335,140,10,4,3,3,3,15,56,+12.181,5948862,32,10,1:41.001,197.570,Finished
6871,316,656,140,9,6,4,4,4,12,56,+12.640,5949321,44,8,1:40.755,198.052,Finished
6872,316,500,73,4,2,5,5,5,10,56,+25.648,5962329,50,2,1:39.805,199.937,Finished
6873,316,319,119,8,11,6,6,6,8,56,+35.564,5972245,37,11,1:41.226,197.131,Finished
6874,316,669,119,7,10,7,7,7,6,56,+48.479,5985160,37,13,1:41.769,196.079,Finished
6875,316,377,172,11,12,8,8,8,4,56,+53.044,5989725,46,7,1:40.727,198.107,Finished
6876,316,622,135,6,9,9,9,9,2,56,+1:12.357,6009038,56,1,1:39.199,201.159,Finished
6877,316,790,200,18,17,10,10,10,1,56,+1:27.124,6023805,45,4,1:40.492,198.571,Finished
6878,316,102,212,17,18,11,11,11,0,56,+1:28.610,6025291,54,12,1:41.373,196.845,Finished
6879,316,327,172,12,14,12,12,12,0,55,\N,\N,54,9,1:40.929,197.711,+1 Lap
6880,316,80,129,22,19,13,13,13,0,55,\N,\N,47,14,1:42.423,194.827,+1 Lap
6881,316,595,36,20,20,14,14,14,0,55,\N,\N,51,17,1:42.942,193.845,+1 Lap
6882,316,873,36,21,22,15,15,15,0,55,\N,\N,44,20,1:43.157,193.441,+1 Lap
6883,316,165,129,23,21,16,16,16,0,54,\N,\N,44,19,1:43.150,193.454,+2 Laps
6884,316,138,135,5,7,17,17,17,0,53,\N,\N,43,5,1:40.556,198.444,Withdrew
6885,316,642,200,19,13,18,18,18,0,51,\N,\N,35,15,1:42.581,194.527,Retired
6886,316,486,212,16,16,19,R,19,0,45,\N,\N,34,21,1:43.465,192.865,Retired
6887,316,746,77,15,8,20,R,20,0,27,\N,\N,24,16,1:42.791,194.129,Wheel nut
6888,316,869,77,14,15,21,R,21,0,22,\N,\N,19,18,1:43.094,193.559,Wheel nut
6889,316,17,73,3,3,22,R,22,0,1,\N,\N,\N,\N,\N,\N,Collision
6890,317,17,73,3,3,1,1,1,25,56,1:36:26.945,5786945,46,4,1:39.506,197.210,Finished
6891,317,669,119,7,2,2,2,2,18,56,+10.168,5797113,51,5,1:39.955,196.324,Finished
6892,317,335,140,10,1,3,3,3,15,56,+12.322,5799267,50,6,1:39.981,196.273,Finished
6893,317,794,169,1,9,4,4,4,12,56,+12.525,5799470,53,1,1:36.808,202.706,Finished
6894,317,138,135,5,8,5,5,5,10,56,+35.285,5822230,56,2,1:38.058,200.122,Finished
6895,317,500,73,4,5,6,6,6,8,56,+40.827,5827772,55,10,1:40.284,195.680,Finished
6896,317,642,200,19,7,7,7,7,6,56,+42.691,5829636,55,9,1:40.240,195.766,Finished
6897,317,869,77,14,11,8,8,8,4,56,+51.084,5838029,55,7,1:40.101,196.038,Finished
6898,317,319,119,8,6,9,9,9,2,56,+53.423,5840368,55,11,1:40.563,195.137,Finished
6899,317,377,172,11,10,10,10,10,1,56,+56.598,5843543,31,12,1:40.630,195.007,Finished
6900,317,622,135,6,12,11,11,11,0,56,+1:03.860,5850805,55,14,1:41.281,193.754,Finished
6901,317,790,200,18,15,12,12,12,0,56,+1:12.604,5859549,56,8,1:40.138,195.965,Finished
6902,317,102,212,17,16,13,13,13,0,56,+1:33.861,5880806,53,3,1:38.200,199.832,Finished
6903,317,486,212,16,14,14,14,14,0,56,+1:35.453,5882398,54,13,1:40.968,194.354,Finished
6904,317,80,129,22,18,15,15,15,0,55,\N,\N,35,15,1:41.537,193.265,+1 Lap
6905,317,595,36,20,20,16,16,16,0,55,\N,\N,48,17,1:41.997,192.393,+1 Lap
6906,317,165,129,23,19,17,17,17,0,55,\N,\N,39,16,1:41.978,192.429,+1 Lap
6907,317,873,36,21,21,18,18,18,0,55,\N,\N,42,18,1:42.357,191.717,+1 Lap
6908,317,656,140,9,4,19,R,19,0,21,\N,\N,7,19,1:43.378,189.823,Suspension
6909,317,811,169,2,22,20,R,20,0,15,\N,\N,12,20,1:43.416,189.754,Wheel
6910,317,746,77,15,13,21,R,21,0,5,\N,\N,3,21,1:44.257,188.223,Collision
6911,317,327,172,12,17,22,R,22,0,4,\N,\N,2,22,1:44.775,187.292,Collision
6912,318,794,169,1,2,1,1,1,25,57,1:36:00.498,5760498,55,1,1:36.961,200.938,Finished
6913,318,669,119,7,8,2,2,2,18,57,+9.111,5769609,57,8,1:38.164,198.476,Finished
6914,318,319,119,8,11,3,3,3,15,57,+19.507,5780005,52,5,1:37.627,199.567,Finished
6915,318,869,77,14,5,4,4,4,12,57,+21.727,5782225,57,12,1:38.336,198.128,Finished
6916,318,335,140,10,9,5,5,5,10,57,+35.230,5795728,48,11,1:38.204,198.395,Finished
6917,318,622,135,6,12,6,6,6,8,57,+35.998,5796496,41,7,1:37.913,198.984,Finished
6918,318,811,169,2,7,7,7,7,6,57,+37.244,5797742,52,13,1:38.557,197.684,Finished
6919,318,17,73,3,3,8,8,8,4,57,+37.574,5798072,41,3,1:37.204,200.436,Finished
6920,318,656,140,9,1,9,9,9,2,57,+41.126,5801624,48,4,1:37.588,199.647,Finished
6921,318,138,135,5,10,10,10,10,1,57,+46.631,5807129,49,6,1:37.743,199.330,Finished
6922,318,486,212,16,17,11,11,11,0,57,+1:06.450,5826948,57,17,1:38.962,196.875,Finished
6923,318,377,172,11,14,12,12,12,0,57,+1:12.933,5833431,43,15,1:38.770,197.258,Finished
6924,318,746,77,15,6,13,13,13,0,57,+1:16.719,5837217,44,2,1:37.070,200.712,Finished
6925,318,102,212,17,15,14,14,14,0,57,+1:21.511,5842009,57,9,1:38.192,198.419,Finished
6926,318,500,73,4,4,15,15,15,0,57,+1:26.364,5846862,42,16,1:38.839,197.120,Finished
6927,318,642,200,19,13,16,16,16,0,56,\N,\N,51,21,1:39.579,195.655,+1 Lap
6928,318,595,36,20,18,17,17,17,0,56,\N,\N,37,20,1:39.546,195.720,+1 Lap
6929,318,327,172,12,22,18,18,18,0,56,\N,\N,45,10,1:38.202,198.399,+1 Lap
6930,318,80,129,22,19,19,19,19,0,56,\N,\N,50,14,1:38.756,197.286,+1 Lap
6931,318,165,129,23,21,20,20,20,0,56,\N,\N,50,18,1:39.279,196.246,+1 Lap
6932,318,873,36,21,20,21,21,21,0,55,\N,\N,49,19,1:39.334,196.138,+2 Laps
6933,318,790,200,18,16,22,R,22,0,16,\N,\N,4,22,1:43.107,188.960,Puncture
6934,319,17,73,3,5,1,1,1,25,66,1:39:16.596,5956596,53,5,1:26.681,193.329,Finished
6935,319,669,119,7,4,2,2,2,18,66,+9.338,5965934,47,6,1:26.757,193.160,Finished
6936,319,500,73,4,9,3,3,3,15,66,+26.049,5982645,56,2,1:26.394,193.971,Finished
6937,319,794,169,1,3,4,4,4,12,66,+38.273,5994869,55,9,1:27.036,192.541,Finished
6938,319,811,169,2,7,5,5,5,10,66,+47.963,6004559,55,8,1:27.017,192.583,Finished
6939,319,656,140,9,1,6,6,6,8,66,+1:08.020,6024616,56,11,1:27.591,191.321,Finished
6940,319,869,77,14,10,7,7,7,6,66,+1:08.988,6025584,55,7,1:26.776,193.117,Finished
6941,319,138,135,5,14,8,8,8,4,66,+1:19.506,6036102,55,14,1:27.957,190.524,Finished
6942,319,622,135,6,8,9,9,9,2,66,+1:21.738,6038334,55,10,1:27.251,192.066,Finished
6943,319,642,200,19,11,10,10,10,1,65,\N,\N,55,16,1:28.083,190.252,+1 Lap
6944,319,327,172,12,19,11,11,11,0,65,\N,\N,56,1,1:26.217,194.370,+1 Lap
6945,319,335,140,10,2,12,12,12,0,65,\N,\N,53,13,1:27.895,190.659,+1 Lap
6946,319,746,77,15,13,13,13,13,0,65,\N,\N,38,3,1:26.564,193.590,+1 Lap
6947,319,486,212,16,17,14,14,14,0,65,\N,\N,56,12,1:27.849,190.759,+1 Lap
6948,319,377,172,11,15,15,15,15,0,65,\N,\N,58,4,1:26.586,193.541,+1 Lap
6949,319,102,212,17,16,16,16,16,0,65,\N,\N,27,20,1:29.747,186.724,+1 Lap
6950,319,595,36,20,22,17,17,17,0,65,\N,\N,43,19,1:29.362,187.529,+1 Lap
6951,319,80,129,22,20,18,18,18,0,64,\N,\N,55,18,1:28.884,188.537,+2 Laps
6952,319,165,129,23,21,19,19,19,0,64,\N,\N,49,15,1:28.011,190.408,+2 Laps
6953,319,790,200,18,12,20,20,20,0,52,\N,\N,41,17,1:28.231,189.933,Accident
6954,319,873,36,21,18,21,21,21,0,21,\N,\N,11,21,1:30.597,184.973,Wheel
6955,319,319,119,8,6,22,22,22,0,8,\N,\N,5,22,1:31.136,183.879,Suspension
6956,320,656,140,9,1,1,1,1,25,78,2:17:52.056,8272056,74,6,1:18.327,153.510,Finished
6957,320,794,169,1,3,2,2,2,18,78,+3.888,8275943,77,1,1:16.577,157.018,Finished
6958,320,811,169,2,4,3,3,3,15,78,+6.314,8278370,77,4,1:18.262,153.637,Finished
6959,320,335,140,10,2,4,4,4,12,78,+13.894,8285950,76,3,1:18.133,153.891,Finished
6960,320,746,77,15,8,5,5,5,10,78,+21.477,8293532,74,5,1:18.292,153.578,Finished
6961,320,138,135,5,9,6,6,6,8,78,+23.103,8295159,76,8,1:18.720,152.743,Finished
6962,320,17,73,3,6,7,7,7,6,78,+26.734,8298790,77,12,1:19.340,151.550,Finished
6963,320,790,200,18,10,8,8,8,4,78,+27.223,8299279,77,10,1:19.151,151.912,Finished
6964,320,869,77,14,17,9,9,9,2,78,+27.608,8299664,77,11,1:19.215,151.789,Finished
6965,320,669,119,7,5,10,10,10,1,78,+36.582,8308638,78,2,1:17.392,155.364,Finished
6966,320,377,172,11,11,11,11,11,0,78,+42.572,8314628,29,15,1:19.853,150.576,Finished
6967,320,102,212,17,14,12,12,12,0,78,+42.691,8314746,68,20,1:20.921,148.589,Finished
6968,320,327,172,12,19,13,13,13,0,78,+43.212,8315268,71,7,1:18.685,152.811,Finished
6969,320,165,129,23,22,14,14,14,0,78,+49.885,8321941,78,9,1:19.016,152.171,Finished
6970,320,873,36,21,15,15,15,15,0,78,+1:02.590,8334646,50,17,1:20.494,149.377,Finished
6971,320,622,135,6,7,16,16,16,0,72,\N,\N,27,14,1:19.530,151.188,Suspension
6972,320,319,119,8,13,17,R,17,0,63,\N,\N,57,21,1:20.969,148.501,Collision
6973,320,642,200,19,12,18,R,18,0,61,\N,\N,26,13,1:19.426,151.386,Collision
6974,320,80,129,22,20,19,R,19,0,58,\N,\N,49,18,1:20.617,149.149,Brakes
6975,320,486,212,16,16,20,R,20,0,44,\N,\N,8,19,1:20.881,148.662,Collision
6976,320,500,73,4,21,21,R,21,0,28,\N,\N,28,16,1:20.064,150.179,Accident
6977,320,595,36,20,18,22,R,22,0,7,\N,\N,4,22,1:22.772,145.266,Gearbox
6978,321,794,169,1,1,1,1,1,25,70,1:32:09.143,5529143,55,5,1:16.561,205.060,Finished
6979,321,17,73,3,6,2,2,2,18,70,+14.408,5543551,69,2,1:16.203,206.023,Finished
6980,321,335,140,10,2,3,3,3,15,70,+15.942,5545085,69,3,1:16.354,205.615,Finished
6981,321,811,169,2,5,4,4,4,12,70,+25.731,5554874,69,1,1:16.182,206.080,Finished
6982,321,656,140,9,4,5,5,5,10,70,+1:09.725,5598868,70,4,1:16.534,205.132,Finished
6983,321,790,200,18,7,6,6,6,8,69,\N,\N,61,13,1:17.909,201.512,+1 Lap
6984,321,869,77,14,17,7,7,7,6,69,\N,\N,63,12,1:17.841,201.688,+1 Lap
6985,321,500,73,4,16,8,8,8,4,69,\N,\N,69,6,1:16.939,204.052,+1 Lap
6986,321,669,119,7,10,9,9,9,2,69,\N,\N,61,11,1:17.766,201.882,+1 Lap
6987,321,746,77,15,8,10,10,10,1,69,\N,\N,68,10,1:17.694,202.069,+1 Lap
6988,321,622,135,6,12,11,11,11,0,69,\N,\N,69,7,1:17.369,202.918,+1 Lap
6989,321,138,135,5,14,12,12,12,0,69,\N,\N,68,8,1:17.458,202.685,+1 Lap
6990,321,319,119,8,22,13,13,13,0,69,\N,\N,62,9,1:17.607,202.296,+1 Lap
6991,321,102,212,17,3,14,14,14,0,69,\N,\N,63,14,1:18.004,201.266,+1 Lap
6992,321,642,200,19,11,15,15,15,0,68,\N,\N,68,16,1:18.257,200.615,+2 Laps
6993,321,486,212,16,13,16,16,16,0,68,\N,\N,68,15,1:18.105,201.006,+2 Laps
6994,321,80,129,22,19,17,17,17,0,68,\N,\N,68,17,1:18.873,199.049,+2 Laps
6995,321,595,36,20,18,18,18,18,0,67,\N,\N,60,19,1:19.380,197.777,+3 Laps
6996,321,165,129,23,20,19,19,19,0,67,\N,\N,67,21,1:19.566,197.315,+3 Laps
6997,321,327,172,12,15,20,20,20,0,63,\N,\N,52,20,1:19.478,197.533,Accident
6998,321,377,172,11,9,21,R,21,0,45,\N,\N,40,18,1:19.056,198.588,Collision
6999,321,873,36,21,21,22,R,22,0,43,\N,\N,42,22,1:21.811,191.900,Collision
7000,322,656,140,9,2,1,1,1,25,52,1:32:59.456,5579456,50,2,1:33.531,226.744,Finished
7001,322,811,169,2,4,2,2,2,18,52,+0.765,5580221,52,1,1:33.401,227.059,Finished
7002,322,17,73,3,9,3,3,3,15,52,+7.124,5586580,50,3,1:34.090,225.396,Finished
7003,322,335,140,10,1,4,4,4,12,52,+7.756,5587212,51,4,1:34.159,225.231,Finished
7004,322,669,119,7,8,5,5,5,10,52,+11.257,5590713,49,8,1:35.384,222.339,Finished
7005,322,500,73,4,11,6,6,6,8,52,+14.573,5594029,51,6,1:35.273,222.598,Finished
7006,322,746,77,15,6,7,7,7,6,52,+16.335,5595791,35,12,1:35.961,221.002,Finished
7007,322,642,200,19,5,8,8,8,4,52,+16.543,5595999,37,11,1:35.927,221.080,Finished
7008,322,869,77,14,21,9,9,9,2,52,+17.943,5597399,52,7,1:35.330,222.465,Finished
7009,322,377,172,11,14,10,10,10,1,52,+19.709,5599165,48,13,1:36.013,220.882,Finished
7010,322,486,212,16,15,11,11,11,0,52,+21.135,5600591,52,10,1:35.907,221.126,Finished
7011,322,102,212,17,16,12,12,12,0,52,+25.094,5604550,52,15,1:36.312,220.196,Finished
7012,322,138,135,5,10,13,13,13,0,52,+25.969,5605425,39,16,1:36.356,220.096,Finished
7013,322,327,172,12,17,14,14,14,0,52,+26.285,5605741,32,17,1:36.439,219.906,Finished
7014,322,595,36,20,18,15,15,15,0,52,+31.613,5611069,52,18,1:37.091,218.430,Finished
7015,322,80,129,22,19,16,16,16,0,52,+36.097,5615553,51,19,1:37.978,216.452,Finished
7016,322,165,129,23,20,17,17,17,0,52,+1:07.660,5647116,50,22,1:39.156,213.881,Finished
7017,322,873,36,21,22,18,18,18,0,52,+1:07.759,5647215,50,21,1:38.722,214.821,Finished
7018,322,319,119,8,7,19,19,19,0,51,\N,\N,48,9,1:35.614,221.804,Retired
7019,322,622,135,6,13,20,20,20,0,46,\N,\N,37,14,1:36.131,220.611,Wheel
7020,322,794,169,1,3,21,R,21,0,41,\N,\N,37,5,1:35.018,223.195,Gearbox
7021,322,790,200,18,12,22,R,22,0,35,\N,\N,30,20,1:38.370,215.590,Tyre
7022,323,794,169,1,2,1,1,1,25,60,1:41:14.711,6074711,59,5,1:34.164,196.814,Finished
7023,323,669,119,7,4,2,2,2,18,60,+1.008,6075719,57,2,1:33.767,197.647,Finished
7024,323,319,119,8,5,3,3,3,15,60,+5.830,6080541,57,10,1:34.576,195.956,Finished
7025,323,17,73,3,8,4,4,4,12,60,+7.721,6082432,51,1,1:33.468,198.279,Finished
7026,323,335,140,10,1,5,5,5,10,60,+26.927,6101638,57,4,1:34.156,196.830,Finished
7027,323,138,135,5,9,6,6,6,8,60,+27.996,6102707,49,7,1:34.201,196.736,Finished
7028,323,811,169,2,3,7,7,7,6,60,+37.562,6112273,55,11,1:34.782,195.530,Finished
7029,323,622,135,6,13,8,8,8,4,60,+38.306,6113017,50,15,1:36.134,192.780,Finished
7030,323,656,140,9,11,9,9,9,2,60,+46.821,6121532,55,6,1:34.181,196.778,Finished
7031,323,377,172,11,10,10,10,10,1,60,+49.892,6124603,58,8,1:34.244,196.647,Finished
7032,323,869,77,14,12,11,11,11,0,60,+53.771,6128482,43,16,1:36.566,191.918,Finished
7033,323,642,200,19,6,12,12,12,0,60,+56.975,6131686,58,14,1:35.982,193.086,Finished
7034,323,746,77,15,15,13,13,13,0,60,+57.738,6132449,60,13,1:35.816,193.420,Finished
7035,323,327,172,12,14,14,14,14,0,60,+1:00.160,6134871,56,12,1:35.792,193.469,Finished
7036,323,486,212,16,18,15,15,15,0,60,+1:01.929,6136640,56,9,1:34.293,196.544,Finished
7037,323,102,212,17,17,16,16,16,0,59,\N,\N,56,3,1:33.972,197.216,+1 Lap
7038,323,595,36,20,22,17,17,17,0,59,\N,\N,51,17,1:37.584,189.916,+1 Lap
7039,323,873,36,21,20,18,18,18,0,59,\N,\N,40,19,1:38.509,188.133,+1 Lap
7040,323,165,129,23,21,19,19,19,0,59,\N,\N,47,18,1:38.383,188.374,+1 Lap
7041,323,790,200,18,16,20,R,20,0,22,\N,\N,12,21,1:39.281,186.670,Hydraulics
7042,323,80,129,22,19,21,R,21,0,21,\N,\N,20,22,1:39.844,185.617,Engine
7043,323,500,73,4,7,22,R,22,0,3,\N,\N,3,20,1:38.890,187.408,Spun off
7044,324,335,140,10,1,1,1,1,25,70,1:42:29.445,6149445,69,3,1:24.647,186.322,Finished
7045,324,669,119,7,6,2,2,2,18,70,+10.938,6160383,61,6,1:25.260,184.982,Finished
7046,324,794,169,1,2,3,3,3,15,70,+12.459,6161904,57,2,1:24.553,186.529,Finished
7047,324,811,169,2,10,4,4,4,12,70,+18.044,6167489,61,1,1:24.069,187.603,Finished
7048,324,17,73,3,5,5,5,5,10,70,+31.411,6180856,56,8,1:25.394,184.692,Finished
7049,324,319,119,8,3,6,6,6,8,70,+52.295,6201740,54,7,1:25.328,184.834,Finished
7050,324,138,135,5,13,7,7,7,6,70,+53.819,6203264,56,11,1:26.195,182.975,Finished
7051,324,500,73,4,7,8,8,8,4,70,+56.447,6205892,59,5,1:25.176,185.164,Finished
7052,324,622,135,6,9,9,9,9,2,69,\N,\N,59,10,1:26.143,183.086,+1 Lap
7053,324,486,212,16,15,10,10,10,1,69,\N,\N,69,9,1:25.597,184.254,+1 Lap
7054,324,377,172,11,12,11,11,11,0,69,\N,\N,58,14,1:26.740,181.826,+1 Lap
7055,324,790,200,18,14,12,12,12,0,69,\N,\N,53,12,1:26.491,182.349,+1 Lap
7056,324,642,200,19,8,13,13,13,0,69,\N,\N,58,15,1:26.863,181.568,+1 Lap
7057,324,873,36,21,20,14,14,14,0,68,\N,\N,47,17,1:27.473,180.302,+2 Laps
7058,324,595,36,20,19,15,15,15,0,68,\N,\N,54,18,1:27.725,179.784,+2 Laps
7059,324,80,129,22,21,16,16,16,0,67,\N,\N,57,20,1:28.250,178.715,+3 Laps
7060,324,165,129,23,22,17,17,17,0,67,\N,\N,65,19,1:28.160,178.897,+3 Laps
7061,324,869,77,14,18,18,18,18,0,66,\N,\N,55,13,1:26.608,182.103,Hydraulics
7062,324,656,140,9,4,19,19,19,0,64,\N,\N,62,4,1:25.089,185.354,Engine
7063,324,102,212,17,16,20,R,20,0,42,\N,\N,41,16,1:27.127,181.018,Hydraulics
7064,324,327,172,12,17,21,R,21,0,28,\N,\N,16,22,1:29.135,176.940,Transmission
7065,324,746,77,15,11,22,R,22,0,19,\N,\N,12,21,1:28.548,178.113,Hydraulics
7066,325,794,169,1,2,1,1,1,25,44,1:23:42.196,5022196,40,1,1:50.756,227.657,Finished
7067,325,17,73,3,9,2,2,2,18,44,+16.869,5039065,36,4,1:51.383,226.375,Finished
7068,325,335,140,10,1,3,3,3,15,44,+27.734,5049930,39,7,1:51.596,225.943,Finished
7069,325,656,140,9,4,4,4,4,12,44,+29.872,5052068,39,6,1:51.582,225.971,Finished
7070,325,811,169,2,3,5,5,5,10,44,+33.845,5056041,31,5,1:51.397,226.347,Finished
7071,325,138,135,5,6,6,6,6,8,44,+40.794,5062990,36,2,1:50.823,227.519,Finished
7072,325,500,73,4,10,7,7,7,6,44,+53.922,5076118,40,9,1:52.182,224.763,Finished
7073,325,319,119,8,7,8,8,8,4,44,+55.846,5078042,34,11,1:52.497,224.133,Finished
7074,325,746,77,15,12,9,9,9,2,44,+1:09.547,5091743,35,10,1:52.226,224.675,Finished
7075,325,642,200,19,19,10,10,10,1,44,+1:13.470,5095666,38,3,1:50.967,227.224,Finished
7076,325,622,135,6,13,11,11,11,0,44,+1:21.936,5104132,34,16,1:53.472,222.208,Finished
7077,325,790,200,18,18,12,12,12,0,44,+1:26.740,5108936,29,14,1:53.065,223.008,Finished
7078,325,377,172,11,11,13,13,13,0,44,+1:28.258,5110454,41,15,1:53.110,222.919,Finished
7079,325,327,172,12,21,14,14,14,0,44,+1:40.436,5122632,30,8,1:51.849,225.432,Finished
7080,325,102,212,17,20,15,15,15,0,44,+1:47.456,5129652,31,13,1:52.688,223.754,Finished
7081,325,873,36,21,14,16,16,16,0,43,\N,\N,43,18,1:53.995,221.188,+1 Lap
7082,325,486,212,16,17,17,17,17,0,43,\N,\N,35,12,1:52.579,223.970,+1 Lap
7083,325,80,129,22,15,18,18,18,0,43,\N,\N,37,20,1:54.894,219.457,+1 Lap
7084,325,165,129,23,16,19,19,19,0,42,\N,\N,31,21,1:54.924,219.400,+2 Laps
7085,325,869,77,14,5,20,R,20,0,26,\N,\N,21,19,1:54.757,219.719,Collision
7086,325,669,119,7,8,21,R,21,0,25,\N,\N,20,17,1:53.688,221.785,Brakes
7087,325,595,36,20,22,22,R,22,0,8,\N,\N,7,22,1:57.330,214.901,Oil leak
7088,326,794,169,1,1,1,1,1,25,53,1:18:33.352,4713352,52,12,1:27.190,239.187,Finished
7089,326,17,73,3,5,2,2,2,18,53,+5.467,4718819,52,5,1:26.797,240.270,Finished
7090,326,811,169,2,2,3,3,3,15,53,+6.350,4719702,53,3,1:26.690,240.567,Finished
7091,326,500,73,4,4,4,4,4,12,53,+9.361,4722713,48,10,1:27.095,239.448,Finished
7092,326,377,172,11,3,5,5,5,10,53,+10.355,4723707,48,4,1:26.716,240.495,Finished
7093,326,656,140,9,6,6,6,6,8,53,+10.999,4724351,50,2,1:26.500,241.095,Finished
7094,326,642,200,19,7,7,7,7,6,53,+32.329,4745681,52,13,1:27.294,238.903,Finished
7095,326,319,119,8,13,8,8,8,4,53,+33.130,4746482,52,8,1:27.043,239.591,Finished
7096,326,335,140,10,12,9,9,9,2,53,+33.527,4746879,51,1,1:25.849,242.924,Finished
7097,326,138,135,5,9,10,10,10,1,53,+38.327,4751679,46,16,1:27.830,237.445,Finished
7098,326,669,119,7,11,11,11,11,0,53,+38.695,4752047,45,6,1:26.948,239.853,Finished
7099,326,622,135,6,8,12,12,12,0,53,+39.765,4753117,44,15,1:27.607,238.049,Finished
7100,326,327,172,12,16,13,13,13,0,53,+40.880,4754232,53,9,1:27.092,239.457,Finished
7101,326,486,212,16,14,14,14,14,0,53,+49.085,4762437,51,7,1:26.981,239.762,Finished
7102,326,102,212,17,18,15,15,15,0,53,+56.827,4770179,53,11,1:27.166,239.253,Finished
7103,326,746,77,15,17,16,16,16,0,52,\N,\N,38,14,1:27.418,238.564,+1 Lap
7104,326,595,36,20,20,17,17,17,0,52,\N,\N,52,17,1:28.620,235.328,+1 Lap
7105,326,873,36,21,19,18,18,18,0,52,\N,\N,52,18,1:28.663,235.214,+1 Lap
7106,326,80,129,22,21,19,19,19,0,52,\N,\N,47,20,1:29.595,232.767,+1 Lap
7107,326,165,129,23,22,20,20,20,0,52,\N,\N,48,19,1:29.491,233.037,+1 Lap
7108,326,790,200,18,10,21,R,21,0,14,\N,\N,14,21,1:29.710,232.469,Transmission
7109,326,869,77,14,15,22,R,22,0,0,\N,\N,\N,\N,\N,\N,Accident
7110,327,794,169,1,1,1,1,1,25,61,1:59:13.132,7153132,46,1,1:48.574,167.940,Finished
7111,327,17,73,3,7,2,2,2,18,61,+32.627,7185759,44,11,1:51.082,164.149,Finished
7112,327,669,119,7,13,3,3,3,15,61,+43.920,7197052,55,13,1:51.140,164.063,Finished
7113,327,656,140,9,2,4,4,4,12,61,+51.155,7204287,51,6,1:50.353,165.233,Finished
7114,327,335,140,10,5,5,5,5,10,61,+53.159,7206291,59,4,1:49.916,165.890,Finished
7115,327,500,73,4,6,6,6,6,8,61,+1:03.877,7217009,45,7,1:50.509,165.000,Finished
7116,327,138,135,5,8,7,7,7,6,61,+1:23.354,7236486,46,15,1:51.740,163.182,Finished
7117,327,622,135,6,14,8,8,8,4,61,+1:23.820,7236952,46,16,1:51.926,162.911,Finished
7118,327,377,172,11,11,9,9,9,2,61,+1:24.261,7237393,47,18,1:52.186,162.533,Finished
7119,327,746,77,15,15,10,10,10,1,61,+1:24.668,7237800,43,2,1:49.656,166.283,Finished
7120,327,486,212,16,18,11,11,11,0,61,+1:28.479,7241611,46,8,1:50.708,164.703,Finished
7121,327,327,172,12,10,12,12,12,0,61,+1:37.894,7251026,37,17,1:52.007,162.793,Finished
7122,327,102,212,17,16,13,13,13,0,61,+1:45.161,7258293,53,14,1:51.706,163.232,Finished
7123,327,790,200,18,12,14,14,14,0,61,+1:53.512,7266644,45,5,1:50.328,165.270,Finished
7124,327,811,169,2,4,15,15,15,0,60,\N,\N,51,3,1:49.783,166.091,Water pressure
7125,327,873,36,21,20,16,16,16,0,60,\N,\N,44,19,1:52.472,162.120,+1 Lap
7126,327,165,129,23,22,17,17,17,0,60,\N,\N,50,21,1:53.041,161.304,+1 Lap
7127,327,80,129,22,21,18,18,18,0,60,\N,\N,45,20,1:52.898,161.508,+1 Lap
7128,327,595,36,20,19,19,19,19,0,60,\N,\N,58,10,1:50.990,164.285,+1 Lap
7129,327,869,77,14,17,20,20,20,0,54,\N,\N,45,9,1:50.739,164.657,Accident
7130,327,319,119,8,3,21,R,21,0,37,\N,\N,35,12,1:51.097,164.126,Pneumatics
7131,327,642,200,19,9,22,R,22,0,23,\N,\N,23,22,1:53.052,161.288,Accident
7132,328,794,169,1,1,1,1,1,25,55,1:43:13.701,6193701,53,1,1:41.380,199.388,Finished
7133,328,669,119,7,9,2,2,2,18,55,+4.224,6197925,51,3,1:41.975,198.225,Finished
7134,328,319,119,8,3,3,3,3,15,55,+4.927,6198628,46,2,1:41.936,198.300,Finished
7135,328,377,172,11,7,4,4,4,12,55,+24.114,6217815,53,6,1:42.608,197.002,Finished
7136,328,335,140,10,2,5,5,5,10,55,+25.255,6218956,53,5,1:42.539,197.134,Finished
7137,328,17,73,3,5,6,6,6,8,55,+26.189,6219890,54,7,1:42.709,196.808,Finished
7138,328,656,140,9,4,7,7,7,6,55,+26.698,6220399,54,4,1:42.471,197.265,Finished
7139,328,138,135,5,11,8,8,8,4,55,+32.262,6225963,45,12,1:43.073,196.113,Finished
7140,328,500,73,4,6,9,9,9,2,55,+34.390,6228091,47,10,1:42.954,196.340,Finished
7141,328,622,135,6,10,10,10,10,1,55,+35.155,6228856,47,11,1:42.973,196.303,Finished
7142,328,327,172,12,8,11,11,11,0,55,+35.990,6229691,55,8,1:42.744,196.741,Finished
7143,328,102,212,17,17,12,12,12,0,55,+47.049,6240750,44,14,1:43.869,194.610,Finished
7144,328,486,212,16,18,13,13,13,0,55,+50.013,6243714,43,17,1:44.136,194.111,Finished
7145,328,595,36,20,19,14,14,14,0,55,+1:03.578,6257279,54,19,1:44.477,193.477,Finished
7146,328,873,36,21,20,15,15,15,0,55,+1:04.501,6258202,55,18,1:44.375,193.667,Finished
7147,328,80,129,22,22,16,16,16,0,55,+1:07.970,6261671,54,20,1:44.991,192.530,Finished
7148,328,165,129,23,21,17,17,17,0,55,+1:12.898,6266599,48,21,1:45.408,191.769,Finished
7149,328,790,200,18,16,18,18,18,0,53,\N,\N,52,15,1:44.090,194.197,+2 Laps
7150,328,642,200,19,12,19,19,19,0,52,\N,\N,52,9,1:42.947,196.353,+3 Laps
7151,328,746,77,15,14,20,20,20,0,50,\N,\N,43,16,1:44.095,194.188,Collision
7152,328,811,169,2,13,21,R,21,0,36,\N,\N,27,13,1:43.863,194.621,Collision
7153,328,869,77,14,15,22,R,22,0,24,\N,\N,10,22,1:46.411,189.961,Spun off
7154,329,794,169,1,2,1,1,1,25,53,1:26:49.301,5209301,39,4,1:35.317,219.322,Finished
7155,329,811,169,2,1,2,2,2,18,53,+7.129,5216430,44,1,1:34.587,221.015,Finished
7156,329,319,119,8,4,3,3,3,15,53,+9.910,5219211,48,10,1:35.991,217.782,Finished
7157,329,17,73,3,8,4,4,4,12,53,+45.605,5254906,39,8,1:35.877,218.041,Finished
7158,329,669,119,7,9,5,5,5,10,53,+47.325,5256626,35,5,1:35.516,218.865,Finished
7159,329,377,172,11,7,6,6,6,8,53,+51.615,5260916,33,11,1:36.482,216.674,Finished
7160,329,327,172,12,14,7,7,7,6,53,+1:11.630,5280931,50,12,1:36.499,216.636,Finished
7161,329,656,140,9,6,8,8,8,4,53,+1:12.023,5281324,46,2,1:34.650,220.868,Finished
7162,329,138,135,5,10,9,9,9,2,53,+1:20.821,5290122,53,6,1:35.549,218.790,Finished
7163,329,500,73,4,5,10,10,10,1,53,+1:29.263,5298564,30,13,1:37.001,215.515,Finished
7164,329,869,77,14,12,11,11,11,0,53,+1:38.572,5307873,41,15,1:37.407,214.617,Finished
7165,329,790,200,18,17,12,12,12,0,52,\N,\N,52,9,1:35.895,218.000,+1 Lap
7166,329,642,200,19,16,13,13,13,0,52,\N,\N,52,3,1:35.020,220.008,+1 Lap
7167,329,746,77,15,22,14,14,14,0,52,\N,\N,29,14,1:37.367,214.705,+1 Lap
7168,329,622,135,6,11,15,15,15,0,52,\N,\N,46,7,1:35.845,218.114,+1 Lap
7169,329,486,212,16,15,16,16,16,0,52,\N,\N,30,16,1:37.423,214.581,+1 Lap
7170,329,102,212,17,13,17,17,17,0,52,\N,\N,43,18,1:37.856,213.632,+1 Lap
7171,329,595,36,20,20,18,18,18,0,52,\N,\N,51,17,1:37.489,214.436,+1 Lap
7172,329,165,129,23,18,19,19,19,0,52,\N,\N,45,19,1:38.713,211.777,+1 Lap
7173,329,335,140,10,3,20,R,20,0,7,\N,\N,3,20,1:41.202,206.569,Puncture
7174,329,873,36,21,19,21,R,21,0,0,\N,\N,\N,\N,\N,\N,Accident
7175,329,80,129,22,21,22,R,22,0,0,\N,\N,\N,\N,\N,\N,Accident
7176,330,794,169,1,1,1,1,1,25,60,1:31:12.187,5472187,54,2,1:28.116,209.383,Finished
7177,330,656,140,9,2,2,2,2,18,60,+29.823,5502010,49,9,1:28.816,207.732,Finished
7178,330,319,119,8,17,3,3,3,15,60,+39.892,5512079,57,7,1:28.796,207.779,Finished
7179,330,500,73,4,5,4,4,4,12,60,+41.692,5513879,54,11,1:28.886,207.569,Finished
7180,330,622,135,6,9,5,5,5,10,60,+43.829,5516016,59,4,1:28.503,208.467,Finished
7181,330,335,140,10,3,6,6,6,8,60,+52.475,5524662,53,15,1:29.052,207.182,Finished
7182,330,669,119,7,6,7,7,7,6,60,+1:07.988,5540175,60,1,1:27.679,210.426,Finished
7183,330,869,77,14,12,8,8,8,4,60,+1:12.868,5545055,58,17,1:29.300,206.606,Finished
7184,330,746,77,15,13,9,9,9,2,60,+1:14.734,5546921,60,3,1:28.419,208.665,Finished
7185,330,642,200,19,11,10,10,10,1,60,+1:16.237,5548424,60,10,1:28.831,207.697,Finished
7186,330,17,73,3,8,11,11,11,0,60,+1:18.297,5550484,58,6,1:28.709,207.983,Finished
7187,330,486,212,16,18,12,12,12,0,60,+1:18.951,5551138,56,14,1:29.012,207.275,Finished
7188,330,790,200,18,14,13,13,13,0,59,\N,\N,53,16,1:29.280,206.653,+1 Lap
7189,330,138,135,5,10,14,14,14,0,59,\N,\N,57,8,1:28.814,207.737,+1 Lap
7190,330,327,172,12,16,15,15,15,0,59,\N,\N,49,5,1:28.682,208.046,+1 Lap
7191,330,102,212,17,15,16,16,16,0,59,\N,\N,52,12,1:28.928,207.471,+1 Lap
7192,330,165,129,23,22,17,17,17,0,58,\N,\N,56,20,1:30.335,204.239,+2 Laps
7193,330,80,129,22,19,18,18,18,0,58,\N,\N,57,19,1:30.171,204.611,+2 Laps
7194,330,377,172,11,7,19,19,19,0,54,\N,\N,52,13,1:28.947,207.426,Mechanical
7195,330,811,169,2,4,20,R,20,0,39,\N,\N,30,18,1:29.500,206.145,Alternator
7196,330,595,36,20,21,21,R,21,0,35,\N,\N,32,21,1:32.907,198.585,Hydraulics
7197,330,873,36,21,20,22,R,22,0,1,\N,\N,\N,\N,\N,\N,Collision
7198,331,794,169,1,2,1,1,1,25,55,1:38:06.106,5886106,51,2,1:43.893,192.451,Finished
7199,331,811,169,2,1,2,2,2,18,55,+30.829,5916935,49,5,1:44.364,191.583,Finished
7200,331,656,140,9,3,3,3,3,15,55,+33.650,5919756,51,6,1:44.458,191.410,Finished
7201,331,319,119,8,6,4,4,4,12,55,+34.802,5920908,54,3,1:44.301,191.699,Finished
7202,331,17,73,3,10,5,5,5,10,55,+1:07.181,5953287,55,1,1:43.434,193.305,Finished
7203,331,869,77,14,11,6,6,6,8,55,+1:18.174,5964280,55,14,1:45.786,189.007,Finished
7204,331,335,140,10,4,7,7,7,6,55,+1:19.267,5965373,47,10,1:45.463,189.586,Finished
7205,331,500,73,4,7,8,8,8,4,55,+1:22.886,5968992,52,9,1:45.447,189.615,Finished
7206,331,622,135,6,8,9,9,9,2,55,+1:31.198,5977304,51,8,1:45.435,189.637,Finished
7207,331,746,77,15,17,10,10,10,1,55,+1:33.257,5979363,48,13,1:45.609,189.324,Finished
7208,331,486,212,16,14,11,11,11,0,55,+1:35.989,5982095,55,11,1:45.530,189.466,Finished
7209,331,138,135,5,12,12,12,12,0,55,+1:43.767,5989873,43,17,1:46.336,188.030,Finished
7210,331,327,172,12,16,13,13,13,0,55,+1:44.295,5990401,43,15,1:45.974,188.672,Finished
7211,331,377,172,11,5,14,14,14,0,54,\N,\N,52,12,1:45.570,189.394,+1 Lap
7212,331,102,212,17,15,15,15,15,0,54,\N,\N,54,4,1:44.351,191.607,+1 Lap
7213,331,642,200,19,9,16,16,16,0,54,\N,\N,46,16,1:46.042,188.551,+1 Lap
7214,331,790,200,18,13,17,17,17,0,54,\N,\N,53,7,1:44.517,191.302,+1 Lap
7215,331,873,36,21,18,18,18,18,0,54,\N,\N,48,19,1:46.592,187.578,+1 Lap
7216,331,595,36,20,19,19,19,19,0,54,\N,\N,50,18,1:46.432,187.860,+1 Lap
7217,331,80,129,22,21,20,20,20,0,53,\N,\N,52,20,1:47.619,185.788,+2 Laps
7218,331,165,129,23,20,21,21,21,0,53,\N,\N,52,21,1:47.707,185.636,+2 Laps
7219,331,669,119,7,22,22,R,22,0,0,\N,\N,\N,\N,\N,\N,Accident
7220,332,794,169,1,1,1,1,1,25,56,1:39:17.148,5957148,54,1,1:39.856,198.754,Finished
7221,332,319,119,8,3,2,2,2,18,56,+6.284,5963432,52,2,1:40.445,197.588,Finished
7222,332,811,169,2,2,3,3,3,15,56,+8.396,5965544,52,4,1:40.591,197.301,Finished
7223,332,335,140,10,5,4,4,4,12,56,+27.358,5984506,50,5,1:40.818,196.857,Finished
7224,332,17,73,3,6,5,5,5,10,56,+29.592,5986740,52,10,1:41.186,196.141,Finished
7225,332,377,172,11,4,6,6,6,8,56,+30.400,5987548,54,6,1:40.952,196.596,Finished
7226,332,622,135,6,7,7,7,7,6,56,+46.692,6003840,47,15,1:41.830,194.901,Finished
7227,332,102,212,17,9,8,8,8,4,56,+54.509,6011657,54,3,1:40.492,197.496,Finished
7228,332,656,140,9,12,9,9,9,2,56,+59.141,6016289,51,8,1:41.133,196.244,Finished
7229,332,138,135,5,15,10,10,10,1,56,+1:17.278,6034426,50,12,1:41.285,195.950,Finished
7230,332,642,200,19,10,11,11,11,0,56,+1:21.004,6038152,45,16,1:42.119,194.349,Finished
7231,332,790,200,18,14,12,12,12,0,56,+1:24.574,6041722,52,13,1:41.320,195.882,Finished
7232,332,500,73,4,13,13,13,13,0,56,+1:26.914,6044062,53,11,1:41.209,196.097,Finished
7233,332,327,172,12,20,14,14,14,0,56,+1:31.707,6048855,51,14,1:41.401,195.725,Finished
7234,332,420,119,7,8,15,15,15,0,56,+1:35.063,6052211,52,7,1:41.028,196.448,Finished
7235,332,869,77,14,11,16,16,16,0,56,+1:36.853,6054001,54,9,1:41.148,196.215,Finished
7236,332,486,212,16,17,17,17,17,0,55,\N,\N,42,17,1:43.058,192.578,+1 Lap
7237,332,80,129,22,19,18,18,18,0,55,\N,\N,45,18,1:43.419,191.906,+1 Lap
7238,332,873,36,21,18,19,19,19,0,55,\N,\N,45,20,1:43.933,190.957,+1 Lap
7239,332,595,36,20,22,20,20,20,0,55,\N,\N,48,21,1:43.968,190.893,+1 Lap
7240,332,165,129,23,21,21,21,21,0,54,\N,\N,48,19,1:43.775,191.248,+2 Laps
7241,332,746,77,15,16,22,R,22,0,0,\N,\N,\N,\N,\N,\N,Accident
7242,333,794,169,1,1,1,1,1,25,71,1:32:36.300,5556300,51,3,1:15.624,205.125,Finished
7243,333,811,169,2,4,2,2,2,18,71,+10.452,5566752,51,1,1:15.436,205.636,Finished
7244,333,17,73,3,3,3,3,3,15,71,+18.913,5575213,50,2,1:15.496,205.473,Finished
7245,333,138,135,5,14,4,4,4,12,71,+37.360,5593660,52,7,1:16.450,202.909,Finished
7246,333,656,140,9,2,5,5,5,10,71,+39.048,5595348,60,6,1:16.442,202.930,Finished
7247,333,622,135,6,19,6,6,6,8,71,+44.051,5600351,50,5,1:16.246,203.451,Finished
7248,333,500,73,4,9,7,7,7,6,71,+49.110,5605410,49,8,1:16.470,202.856,Finished
7249,333,377,172,11,10,8,8,8,4,71,+1:04.252,5620552,49,12,1:16.802,201.979,Finished
7250,333,335,140,10,5,9,9,9,2,71,+1:12.903,5629203,51,10,1:16.692,202.268,Finished
7251,333,642,200,19,7,10,10,10,1,70,\N,\N,45,15,1:16.974,201.527,+1 Lap
7252,333,869,77,14,12,11,11,11,0,70,\N,\N,58,14,1:16.855,201.839,+1 Lap
7253,333,327,172,12,17,12,12,12,0,70,\N,\N,59,9,1:16.528,202.702,+1 Lap
7254,333,746,77,15,15,13,13,13,0,70,\N,\N,57,4,1:16.049,203.979,+1 Lap
7255,333,420,119,7,11,14,14,14,0,70,\N,\N,70,16,1:17.249,200.810,+1 Lap
7256,333,790,200,18,8,15,15,15,0,70,\N,\N,49,11,1:16.790,202.010,+1 Lap
7257,333,486,212,16,16,16,16,16,0,70,\N,\N,45,18,1:17.554,200.020,+1 Lap
7258,333,80,129,22,21,17,17,17,0,69,\N,\N,67,20,1:17.717,199.601,+2 Laps
7259,333,873,36,21,20,18,18,18,0,69,\N,\N,51,19,1:17.590,199.927,+2 Laps
7260,333,165,129,23,22,19,19,19,0,69,\N,\N,68,17,1:17.281,200.727,+2 Laps
7261,333,595,36,20,18,20,R,20,0,58,\N,\N,27,21,1:18.434,197.776,Mechanical
7262,333,102,212,17,13,21,R,21,0,45,\N,\N,43,13,1:16.840,201.879,Accident
7263,333,319,119,8,6,22,R,22,0,2,\N,\N,2,22,1:20.898,191.752,Engine
7264,334,656,140,6,3,1,1,1,25,57,1:32:58.710,5578710,19,1,1:32.478,206.436,Finished
7265,334,483,135,20,4,2,2,2,18,57,+26.777,5605487,49,6,1:33.066,205.131,Finished
7266,334,138,135,22,10,3,3,3,15,57,+30.027,5608737,39,5,1:32.917,205.460,Finished
7267,334,17,73,14,5,4,4,4,12,57,+35.284,5613994,57,7,1:33.186,204.867,Finished
7268,334,102,212,77,15,5,5,5,10,57,+47.639,5626349,56,3,1:32.616,206.128,Finished
7269,334,377,77,27,7,6,6,6,8,57,+50.718,5629428,56,2,1:32.568,206.235,Finished
7270,334,669,73,7,11,7,7,7,6,57,+57.675,5636385,56,8,1:33.210,204.814,Finished
7271,334,790,200,25,6,8,8,8,4,57,+1:00.441,5639151,56,10,1:33.691,203.763,Finished
7272,334,425,200,26,8,9,9,9,2,57,+1:03.585,5642295,35,11,1:33.864,203.387,Finished
7273,334,622,77,11,16,10,10,10,1,57,+1:25.916,5664626,38,4,1:32.634,206.088,Finished
7274,334,746,172,99,13,11,11,11,0,56,\N,\N,34,9,1:33.366,204.472,+1 Lap
7275,334,327,172,21,20,12,12,12,0,56,\N,\N,41,13,1:34.564,201.882,+1 Lap
7276,334,165,129,4,17,13,13,13,0,55,\N,\N,33,12,1:34.202,202.658,+2 Laps
7277,334,80,129,17,18,14,R,14,0,49,\N,\N,55,16,1:35.635,199.621,+8 Laps
7278,334,319,119,8,22,15,R,15,0,43,\N,\N,41,15,1:35.281,200.363,ERS
7279,334,486,119,13,21,16,R,16,0,29,\N,\N,30,14,1:34.766,201.451,ERS
7280,334,234,36,9,19,17,R,17,0,27,\N,\N,17,18,1:37.332,196.141,Oil pressure
7281,334,794,169,1,12,18,R,18,0,3,\N,\N,26,17,1:37.064,196.682,Engine
7282,334,335,140,44,1,19,R,19,0,2,\N,\N,2,20,1:49.947,173.636,Engine
7283,334,500,212,19,9,20,R,20,0,0,\N,\N,2,19,1:40.287,190.361,Collision
7284,334,418,36,10,14,21,R,21,0,0,\N,\N,\N,\N,\N,\N,Collision
7285,334,642,169,3,2,22,D,22,0,57,\N,\N,\N,\N,\N,\N,Disqualified
7286,335,335,140,44,1,1,1,1,25,56,1:40:25.974,6025974,53,1,1:43.066,193.611,Finished
7287,335,656,140,6,3,2,2,2,18,56,+17.313,6043287,55,2,1:43.960,191.946,Finished
7288,335,794,169,1,2,3,3,3,15,56,+24.534,6050508,51,4,1:44.289,191.341,Finished
7289,335,17,73,14,4,4,4,4,12,56,+35.992,6061966,47,3,1:44.165,191.569,Finished
7290,335,377,77,27,7,5,5,5,10,56,+47.199,6073173,38,10,1:45.982,188.284,Finished
7291,335,138,135,22,10,6,6,6,8,56,+1:23.691,6109665,47,11,1:46.039,188.183,Finished
7292,335,500,212,19,13,7,7,7,6,56,+1:25.076,6111050,44,6,1:44.897,190.232,Finished
7293,335,102,212,77,18,8,8,8,4,56,+1:25.537,6111511,31,9,1:45.475,189.189,Finished
7294,335,483,135,20,8,9,9,9,2,55,\N,\N,44,8,1:45.373,189.372,+1 Lap
7295,335,425,200,26,11,10,10,10,1,55,\N,\N,36,13,1:46.695,187.026,+1 Lap
7296,335,319,119,8,15,11,11,11,0,55,\N,\N,42,12,1:46.224,187.855,+1 Lap
7297,335,669,73,7,6,12,12,12,0,55,\N,\N,36,7,1:45.129,189.812,+1 Lap
7298,335,418,36,10,20,13,13,13,0,55,\N,\N,53,15,1:47.753,185.190,+1 Lap
7299,335,234,36,9,22,14,14,14,0,54,\N,\N,40,14,1:47.500,185.626,+2 Laps
7300,335,165,129,4,21,15,15,15,0,54,\N,\N,49,18,1:48.249,184.341,+2 Laps
7301,335,642,169,3,5,16,R,16,0,49,\N,\N,48,5,1:44.675,190.635,Technical
7302,335,327,172,21,12,17,R,17,0,35,\N,\N,27,16,1:47.782,185.140,Gearbox
7303,335,746,172,99,17,18,R,18,0,32,\N,\N,27,17,1:48.040,184.698,Electrical
7304,335,790,200,25,9,19,R,19,0,18,\N,\N,4,19,1:48.527,183.869,Power Unit
7305,335,80,129,17,19,20,R,20,0,8,\N,\N,4,21,1:51.473,179.010,Brakes
7306,335,486,119,13,16,21,R,21,0,7,\N,\N,6,20,1:50.929,179.888,Engine
7307,335,622,77,11,14,22,W,22,0,0,\N,\N,\N,\N,\N,\N,Withdrew
7308,336,335,140,44,2,1,1,1,25,57,1:39:42.743,5982743,49,2,1:37.108,200.634,Finished
7309,336,656,140,6,1,2,2,2,18,57,+1.085,5983828,49,1,1:37.020,200.816,Finished
7310,336,622,77,11,4,3,3,3,15,57,+24.067,6006810,36,7,1:39.320,196.165,Finished
7311,336,642,169,3,13,4,4,4,12,57,+24.489,6007232,38,4,1:39.269,196.266,Finished
7312,336,377,77,27,11,5,5,5,10,57,+28.654,6011397,37,3,1:38.785,197.228,Finished
7313,336,794,169,1,10,6,6,6,8,57,+29.879,6012622,18,6,1:39.312,196.181,Finished
7314,336,500,212,19,7,7,7,7,6,57,+31.265,6014008,40,5,1:39.272,196.260,Finished
7315,336,102,212,77,3,8,8,8,4,57,+31.876,6014619,50,13,1:39.762,195.296,Finished
7316,336,17,73,14,9,9,9,9,2,57,+32.595,6015338,53,12,1:39.732,195.355,Finished
7317,336,669,73,7,5,10,10,10,1,57,+33.462,6016205,35,8,1:39.438,195.933,Finished
7318,336,425,200,26,12,11,11,11,0,57,+41.342,6024085,12,15,1:40.160,194.520,Finished
7319,336,319,119,8,16,12,12,12,0,57,+43.143,6025886,39,9,1:39.443,195.923,Finished
7320,336,165,129,4,21,13,13,13,0,57,+59.909,6042652,48,21,1:41.825,191.340,Finished
7321,336,486,119,13,17,14,14,14,0,57,+1:02.803,6045546,52,11,1:39.666,195.484,Finished
7322,336,418,36,10,18,15,15,15,0,57,+1:27.900,6070643,17,18,1:41.246,192.434,Finished
7323,336,80,129,17,19,16,16,16,0,56,\N,\N,44,22,1:42.175,190.684,+1 Lap
7324,336,138,135,22,6,17,17,17,0,55,\N,\N,37,10,1:39.565,195.683,Clutch
7325,336,483,135,20,8,18,R,18,0,40,\N,\N,40,14,1:40.108,194.621,Clutch
7326,336,327,172,21,15,19,R,19,0,39,\N,\N,32,16,1:40.698,193.481,Collision
7327,336,234,36,9,20,20,R,20,0,33,\N,\N,28,17,1:41.134,192.647,Retired
7328,336,790,200,25,14,21,R,21,0,18,\N,\N,16,19,1:41.650,191.669,Retired
7329,336,746,172,99,22,22,R,22,0,17,\N,\N,9,20,1:41.791,191.403,Collision
7330,337,335,140,44,1,1,1,1,25,54,1:33:28.338,5608338,42,2,1:41.196,193.916,Finished
7331,337,656,140,6,4,2,2,2,18,54,+18.062,5626400,39,1,1:40.402,195.450,Finished
7332,337,17,73,14,5,3,3,3,15,54,+23.604,5631942,48,4,1:42.081,192.235,Finished
7333,337,642,169,3,2,4,4,4,12,54,+27.136,5635474,39,3,1:41.473,193.387,Finished
7334,337,794,169,1,3,5,5,5,10,54,+47.778,5656116,37,5,1:42.169,192.070,Finished
7335,337,377,77,27,8,6,6,6,8,54,+54.295,5662633,33,10,1:42.624,191.218,Finished
7336,337,102,212,77,7,7,7,7,6,54,+55.697,5664035,52,11,1:42.660,191.151,Finished
7337,337,669,73,7,11,8,8,8,4,54,+1:16.335,5684673,34,8,1:42.300,191.824,Finished
7338,337,622,77,11,16,9,9,9,2,54,+1:22.647,5690985,32,6,1:42.228,191.959,Finished
7339,337,425,200,26,13,10,10,10,1,53,\N,\N,33,17,1:43.337,189.899,+1 Lap
7340,337,138,135,22,12,11,11,11,0,53,\N,\N,30,18,1:43.375,189.829,+1 Lap
7341,337,790,200,25,9,12,12,12,0,53,\N,\N,34,14,1:42.896,190.712,+1 Lap
7342,337,483,135,20,15,13,13,13,0,53,\N,\N,33,12,1:42.701,191.075,+1 Lap
7343,337,486,119,13,22,14,14,14,0,53,\N,\N,34,15,1:43.067,190.396,+1 Lap
7344,337,500,212,19,6,15,15,15,0,53,\N,\N,34,9,1:42.379,191.676,+1 Lap
7345,337,327,172,21,17,16,16,16,0,53,\N,\N,42,7,1:42.257,191.904,+1 Lap
7346,337,80,129,17,19,17,17,17,0,53,\N,\N,36,21,1:44.825,187.203,+1 Lap
7347,337,418,36,10,18,18,18,18,0,53,\N,\N,48,16,1:43.323,189.924,+1 Lap
7348,337,165,129,4,21,19,19,19,0,52,\N,\N,50,13,1:42.875,190.751,+2 Laps
7349,337,234,36,9,20,20,20,20,0,52,\N,\N,30,19,1:43.620,189.380,+2 Laps
7350,337,319,119,8,10,21,R,21,0,28,\N,\N,4,20,1:44.366,188.026,Gearbox
7351,337,746,172,99,14,22,R,22,0,5,\N,\N,2,22,1:58.376,165.773,Engine
7352,338,335,140,44,1,1,1,1,25,66,1:41:05.155,6065155,54,3,1:29.483,187.275,Finished
7353,338,656,140,6,2,2,2,2,18,66,+0.636,6065791,51,2,1:29.236,187.794,Finished
7354,338,642,169,3,3,3,3,3,15,66,+49.014,6114169,65,5,1:30.012,186.175,Finished
7355,338,794,169,1,15,4,4,4,12,66,+1:16.702,6141857,55,1,1:28.918,188.465,Finished
7356,338,102,212,77,4,5,5,5,10,66,+1:19.293,6144448,47,8,1:30.424,185.326,Finished
7357,338,17,73,14,7,6,6,6,8,66,+1:27.743,6152898,55,4,1:29.898,186.411,Finished
7358,338,669,73,7,6,7,7,7,6,65,\N,\N,53,11,1:30.580,185.007,+1 Lap
7359,338,319,119,8,5,8,8,8,4,65,\N,\N,47,14,1:31.068,184.016,+1 Lap
7360,338,622,77,11,11,9,9,9,2,65,\N,\N,39,13,1:30.756,184.648,+1 Lap
7361,338,377,77,27,10,10,10,10,1,65,\N,\N,42,16,1:31.411,183.325,+1 Lap
7362,338,138,135,22,8,11,11,11,0,65,\N,\N,43,10,1:30.563,185.042,+1 Lap
7363,338,483,135,20,14,12,12,12,0,65,\N,\N,43,7,1:30.318,185.544,+1 Lap
7364,338,500,212,19,9,13,13,13,0,65,\N,\N,55,9,1:30.468,185.236,+1 Lap
7365,338,425,200,26,12,14,14,14,0,65,\N,\N,59,6,1:30.269,185.645,+1 Lap
7366,338,486,119,13,22,15,15,15,0,65,\N,\N,39,15,1:31.235,183.679,+1 Lap
7367,338,327,172,21,13,16,16,16,0,65,\N,\N,55,12,1:30.666,184.832,+1 Lap
7368,338,746,172,99,16,17,17,17,0,65,\N,\N,38,17,1:31.473,183.201,+1 Lap
7369,338,80,129,17,18,18,18,18,0,64,\N,\N,46,20,1:31.784,182.580,+2 Laps
7370,338,165,129,4,17,19,19,19,0,64,\N,\N,44,18,1:31.767,182.614,+2 Laps
7371,338,234,36,9,19,20,20,20,0,64,\N,\N,54,22,1:33.350,179.517,+2 Laps
7372,338,418,36,10,20,21,R,21,0,34,\N,\N,25,21,1:33.064,180.069,Brakes
7373,338,790,200,25,21,22,R,22,0,24,\N,\N,18,19,1:31.781,182.586,Exhaust
7374,339,656,140,6,1,1,1,1,25,78,1:49:27.661,6567661,33,4,1:19.425,151.388,Finished
7375,339,335,140,44,2,2,2,2,18,78,+9.210,6576871,34,3,1:19.361,151.510,Finished
7376,339,642,169,3,3,3,3,3,15,78,+9.614,6577275,70,2,1:19.252,151.718,Finished
7377,339,17,73,14,5,4,4,4,12,78,+32.452,6600113,54,5,1:19.727,150.814,Finished
7378,339,377,77,27,11,5,5,5,10,77,\N,\N,38,9,1:20.767,148.872,+1 Lap
7379,339,138,135,22,12,6,6,6,8,77,\N,\N,42,12,1:21.047,148.358,+1 Lap
7380,339,500,212,19,16,7,7,7,6,77,\N,\N,48,6,1:20.314,149.712,+1 Lap
7381,339,319,119,8,14,8,8,8,4,77,\N,\N,53,11,1:20.979,148.482,+1 Lap
7382,339,80,129,17,21,9,9,9,2,77,\N,\N,42,16,1:21.254,147.980,+1 Lap
7383,339,483,135,20,8,10,10,10,1,77,\N,\N,75,8,1:20.657,149.075,+1 Lap
7384,339,234,36,9,22,11,11,11,0,77,\N,\N,53,10,1:20.911,148.607,+1 Lap
7385,339,669,73,7,6,12,12,12,0,77,\N,\N,75,1,1:18.479,153.212,+1 Lap
7386,339,418,36,10,20,13,13,13,0,75,\N,\N,16,19,1:22.425,145.878,+2 Laps
7387,339,165,129,4,19,14,14,14,0,75,\N,\N,69,7,1:20.579,149.220,+3 Laps
7388,339,327,172,21,17,15,R,15,0,59,\N,\N,41,15,1:21.146,148.177,Accident
7389,339,102,212,77,13,16,R,16,0,55,\N,\N,50,14,1:21.105,148.252,Engine
7390,339,790,200,25,7,17,R,17,0,50,\N,\N,35,13,1:21.083,148.292,Engine
7391,339,746,172,99,18,18,R,18,0,23,\N,\N,23,17,1:21.761,147.062,Accident
7392,339,425,200,26,9,19,R,19,0,10,\N,\N,8,18,1:22.011,146.614,Mechanical
7393,339,794,169,1,4,20,R,20,0,5,\N,\N,3,20,1:59.505,100.615,Turbo
7394,339,622,77,11,10,21,R,21,0,0,\N,\N,\N,\N,\N,\N,Collision
7395,339,486,119,13,15,22,W,22,0,0,\N,\N,\N,\N,\N,\N,Withdrew
7396,340,642,169,3,6,1,1,1,25,70,1:39:12.830,5952830,68,4,1:18.640,199.638,Finished
7397,340,656,140,6,1,2,2,2,18,70,+4.236,5957066,33,7,1:18.881,199.028,Finished
7398,340,794,169,1,3,3,3,3,15,70,+5.247,5958077,48,10,1:19.171,198.299,Finished
7399,340,138,135,22,9,4,4,4,12,70,+11.755,5964585,64,5,1:18.759,199.337,Finished
7400,340,377,77,27,11,5,5,5,10,70,+12.843,5965673,64,8,1:18.936,198.890,Finished
7401,340,17,73,14,7,6,6,6,8,70,+14.869,5967699,64,3,1:18.614,199.704,Finished
7402,340,102,212,77,4,7,7,7,6,70,+23.578,5976408,52,11,1:19.321,197.924,Finished
7403,340,790,200,25,8,8,8,8,4,70,+28.026,5980856,56,12,1:19.399,197.730,Finished
7404,340,483,135,20,12,9,9,9,2,70,+29.254,5982084,56,6,1:18.819,199.185,Finished
7405,340,669,73,7,10,10,10,10,1,70,+53.678,6006508,68,2,1:18.529,199.921,Finished
7406,340,622,77,11,13,11,11,11,0,69,\N,\N,63,13,1:19.491,197.501,Collision
7407,340,500,212,19,5,12,12,12,0,69,\N,\N,58,1,1:18.504,199.984,Collision
7408,340,746,172,99,16,13,13,13,0,69,\N,\N,66,17,1:20.226,195.692,+1 Lap
7409,340,327,172,21,22,14,14,14,0,64,\N,\N,51,16,1:20.112,195.970,ERS
7410,340,319,119,8,14,15,R,15,0,59,\N,\N,54,14,1:19.650,197.107,Rear wing
7411,340,425,200,26,15,16,R,16,0,47,\N,\N,43,15,1:19.978,196.298,Drivetrain
7412,340,335,140,44,2,17,R,17,0,46,\N,\N,24,9,1:18.942,198.875,Brakes
7413,340,418,36,10,21,18,R,18,0,23,\N,\N,20,19,1:23.130,188.856,Suspension
7414,340,486,119,13,17,19,R,19,0,21,\N,\N,21,18,1:21.514,192.600,Power Unit
7415,340,234,36,9,20,20,R,20,0,7,\N,\N,7,20,1:51.041,141.385,Turbo
7416,340,165,129,4,18,21,R,21,0,0,\N,\N,\N,\N,\N,\N,Collision
7417,340,80,129,17,19,22,R,22,0,0,\N,\N,\N,\N,\N,\N,Collision
7418,341,656,140,6,3,1,1,1,25,71,1:27:54.976,5274976,50,6,1:12.598,214.518,Finished
7419,341,335,140,44,9,2,2,2,18,71,+1.932,5276908,41,2,1:12.217,215.650,Finished
7420,341,102,212,77,2,3,3,3,15,71,+8.172,5283148,63,3,1:12.581,214.568,Finished
7421,341,500,212,19,1,4,4,4,12,71,+17.358,5292334,63,4,1:12.586,214.553,Finished
7422,341,17,73,14,4,5,5,5,10,71,+18.553,5293529,58,5,1:12.595,214.527,Finished
7423,341,622,77,11,15,6,6,6,8,71,+28.546,5303522,59,1,1:12.142,215.874,Finished
7424,341,483,135,20,6,7,7,7,6,71,+32.031,5307007,53,7,1:12.746,214.081,Finished
7425,341,642,169,3,5,8,8,8,4,71,+43.522,5318498,55,10,1:13.060,213.161,Finished
7426,341,377,77,27,10,9,9,9,2,71,+44.137,5319113,60,11,1:13.156,212.882,Finished
7427,341,669,73,7,8,10,10,10,1,71,+47.777,5322753,55,9,1:12.884,213.676,Finished
7428,341,138,135,22,11,11,11,11,0,71,+50.966,5325942,60,8,1:12.858,213.752,Finished
7429,341,486,119,13,13,12,12,12,0,70,\N,\N,64,12,1:13.187,212.791,+1 Lap
7430,341,746,172,99,16,13,13,13,0,70,\N,\N,59,14,1:13.709,211.284,+1 Lap
7431,341,319,119,8,22,14,14,14,0,70,\N,\N,42,15,1:13.953,210.587,+1 Lap
7432,341,80,129,17,18,15,15,15,0,69,\N,\N,65,19,1:14.476,209.108,+2 Laps
7433,341,418,36,10,19,16,16,16,0,69,\N,\N,40,22,1:15.274,206.892,+2 Laps
7434,341,165,129,4,21,17,17,17,0,69,\N,\N,40,21,1:14.847,208.072,+2 Laps
7435,341,234,36,9,20,18,18,18,0,69,\N,\N,33,20,1:14.672,208.560,+2 Laps
7436,341,327,172,21,17,19,19,19,0,69,\N,\N,53,16,1:14.036,210.351,+2 Laps
7437,341,790,200,25,14,20,R,20,0,59,\N,\N,55,13,1:13.317,212.414,Brakes
7438,341,794,169,1,12,21,R,21,0,34,\N,\N,30,17,1:14.254,209.734,Electrical
7439,341,425,200,26,7,22,R,22,0,24,\N,\N,23,18,1:14.332,209.514,Suspension
7440,342,335,140,44,6,1,1,1,25,52,2:26:52.094,8812094,26,1,1:37.176,218.239,Finished
7441,342,102,212,77,14,2,2,2,18,52,+30.135,8842229,34,4,1:38.264,215.822,Finished
7442,342,642,169,3,8,3,3,3,15,52,+46.495,8858589,34,7,1:38.459,215.395,Finished
7443,342,138,135,22,3,4,4,4,12,52,+47.390,8859484,52,5,1:38.284,215.778,Finished
7444,342,794,169,1,2,5,5,5,10,52,+53.864,8865958,52,2,1:37.481,217.556,Finished
7445,342,17,73,14,16,6,6,6,8,52,+59.946,8872040,52,8,1:38.587,215.115,Finished
7446,342,483,135,20,5,7,7,7,6,52,+1:02.563,8874657,32,10,1:38.677,214.919,Finished
7447,342,377,77,27,4,8,8,8,4,52,+1:28.692,8900786,52,9,1:38.625,215.032,Finished
7448,342,425,200,26,9,9,9,9,2,52,+1:29.340,8901434,45,6,1:38.407,215.509,Finished
7449,342,790,200,25,10,10,10,10,1,51,\N,\N,44,13,1:39.261,213.654,+1 Lap
7450,342,622,77,11,7,11,11,11,0,51,\N,\N,41,11,1:38.716,214.834,+1 Lap
7451,342,319,119,8,11,12,12,12,0,51,\N,\N,48,12,1:38.919,214.393,+1 Lap
7452,342,746,172,99,13,13,13,13,0,51,\N,\N,34,15,1:40.041,211.989,+1 Lap
7453,342,80,129,17,12,14,14,14,0,51,\N,\N,51,14,1:39.961,212.158,+1 Lap
7454,342,418,36,10,22,15,15,15,0,50,\N,\N,31,18,1:41.462,209.020,+2 Laps
7455,342,165,129,4,17,16,16,16,0,50,\N,\N,50,17,1:40.399,211.233,+2 Laps
7456,342,486,119,13,20,17,17,17,0,49,\N,\N,48,16,1:40.314,211.412,+3 Laps
7457,342,656,140,6,1,18,R,18,0,28,\N,\N,26,3,1:38.091,216.203,Gearbox
7458,342,234,36,9,21,19,R,19,0,11,\N,\N,7,20,1:44.319,203.295,Suspension
7459,342,327,172,21,19,20,R,20,0,9,\N,\N,7,19,1:42.566,206.770,Collision
7460,342,500,212,19,15,21,R,21,0,0,\N,\N,\N,\N,\N,\N,Collision
7461,342,669,73,7,18,22,R,22,0,0,\N,\N,\N,\N,\N,\N,Collision
7462,343,656,140,6,1,1,1,1,25,67,1:33:42.914,5622914,67,6,1:21.298,202.543,Finished
7463,343,102,212,77,2,2,2,2,18,67,+20.789,5643703,45,9,1:21.494,202.056,Finished
7464,343,335,140,44,20,3,3,3,15,67,+22.530,5645444,53,1,1:19.908,206.066,Finished
7465,343,794,169,1,6,4,4,4,12,67,+44.014,5666928,39,10,1:21.545,201.930,Finished
7466,343,17,73,14,7,5,5,5,10,67,+52.467,5675381,57,3,1:20.548,204.429,Finished
7467,343,642,169,3,5,6,6,6,8,67,+52.549,5675463,53,5,1:20.846,203.676,Finished
7468,343,377,77,27,9,7,7,7,6,67,+1:04.178,5687092,44,13,1:22.098,200.570,Finished
7469,343,138,135,22,11,8,8,8,4,67,+1:24.711,5707625,64,8,1:21.346,202.424,Finished
7470,343,483,135,20,4,9,9,9,2,66,\N,\N,56,2,1:20.224,205.255,+1 Lap
7471,343,622,77,11,10,10,10,10,1,66,\N,\N,54,4,1:20.752,203.913,+1 Lap
7472,343,669,73,7,12,11,11,11,0,66,\N,\N,55,7,1:21.338,202.444,+1 Lap
7473,343,486,119,13,18,12,12,12,0,66,\N,\N,41,15,1:22.305,200.065,+1 Lap
7474,343,790,200,25,13,13,13,13,0,66,\N,\N,58,11,1:21.876,201.113,+1 Lap
7475,343,327,172,21,16,14,14,14,0,66,\N,\N,61,12,1:22.008,200.790,+1 Lap
7476,343,80,129,17,17,15,15,15,0,66,\N,\N,57,16,1:22.522,199.539,+1 Lap
7477,343,418,36,10,19,16,16,16,0,65,\N,\N,50,18,1:22.866,198.711,+2 Laps
7478,343,165,129,4,21,17,17,17,0,65,\N,\N,50,19,1:23.035,198.306,+2 Laps
7479,343,234,36,9,22,18,18,18,0,65,\N,\N,49,20,1:23.230,197.842,+2 Laps
7480,343,746,172,99,15,19,R,19,0,47,\N,\N,41,17,1:22.529,199.522,Brakes
7481,343,425,200,26,8,20,R,20,0,44,\N,\N,34,14,1:22.179,200.372,Oil leak
7482,343,319,119,8,14,21,R,21,0,26,\N,\N,26,21,1:24.137,195.709,Water leak
7483,343,500,212,19,3,22,R,22,0,0,\N,\N,\N,\N,\N,\N,Collision
7484,344,642,169,3,4,1,1,1,25,70,1:53:05.058,6785058,58,2,1:26.608,182.103,Finished
7485,344,17,73,14,5,2,2,2,18,70,+5.225,6790283,40,5,1:27.419,180.413,Finished
7486,344,335,140,44,22,3,3,3,15,70,+5.857,6790915,36,4,1:27.380,180.494,Finished
7487,344,656,140,6,1,4,4,4,12,70,+6.361,6791419,64,1,1:25.724,183.981,Finished
7488,344,500,212,19,6,5,5,5,10,70,+29.841,6814899,51,7,1:28.229,178.757,Finished
7489,344,669,73,7,16,6,6,6,8,70,+31.491,6816549,47,6,1:27.983,179.257,Finished
7490,344,794,169,1,2,7,7,7,6,70,+40.964,6826022,52,9,1:28.746,177.716,Finished
7491,344,102,212,77,3,8,8,8,4,70,+41.344,6826402,63,3,1:26.850,181.595,Finished
7492,344,790,200,25,8,9,9,9,2,70,+58.527,6843585,31,11,1:29.120,176.970,Finished
7493,344,138,135,22,7,10,10,10,1,70,+1:07.280,6852338,50,13,1:29.156,176.898,Finished
7494,344,746,172,99,11,11,11,11,0,70,+1:08.169,6853227,41,8,1:28.704,177.800,Finished
7495,344,483,135,20,21,12,12,12,0,70,+1:18.465,6863523,41,10,1:28.883,177.442,Finished
7496,344,486,119,13,20,13,13,13,0,70,+1:24.024,6869082,45,12,1:29.128,176.954,Finished
7497,344,425,200,26,10,14,14,14,0,69,\N,\N,51,14,1:29.401,176.414,+1 Lap
7498,344,80,129,17,15,15,15,15,0,69,\N,\N,49,16,1:29.883,175.468,+1 Lap
7499,344,165,129,4,18,16,16,16,0,69,\N,\N,47,15,1:29.499,176.220,+1 Lap
7500,344,327,172,21,13,17,R,17,0,33,\N,\N,29,18,1:30.485,174.300,Retired
7501,344,418,36,10,17,18,R,18,0,26,\N,\N,21,19,1:32.888,169.791,Retired
7502,344,622,77,11,12,19,R,19,0,23,\N,\N,21,17,1:30.280,174.696,Accident
7503,344,377,77,27,9,20,R,20,0,16,\N,\N,14,20,1:41.151,155.921,Accident
7504,344,319,119,8,14,21,R,21,0,11,\N,\N,7,21,1:46.312,148.352,Accident
7505,344,234,36,9,19,22,R,22,0,8,\N,\N,6,22,1:48.459,145.415,Accident
7506,345,642,169,3,5,1,1,1,25,44,1:24:36.556,5076556,44,6,1:52.974,223.187,Finished
7507,345,656,140,6,1,2,2,2,18,44,+3.383,5079939,36,1,1:50.511,228.161,Finished
7508,345,102,212,77,6,3,3,3,15,44,+28.032,5104588,40,4,1:52.716,223.698,Finished
7509,345,669,73,7,8,4,4,4,12,44,+36.815,5113371,39,13,1:54.090,221.004,Finished
7510,345,794,169,1,3,5,5,5,10,44,+52.196,5128752,36,5,1:52.953,223.229,Finished
7511,345,138,135,22,10,6,6,6,8,44,+54.580,5131136,38,8,1:53.483,222.186,Finished
7512,345,17,73,14,4,7,7,7,6,44,+1:01.162,5137718,29,11,1:53.879,221.413,Finished
7513,345,622,77,11,13,8,8,8,4,44,+1:04.293,5140849,28,16,1:54.532,220.151,Finished
7514,345,425,200,26,11,9,9,9,2,44,+1:05.347,5141903,26,14,1:54.159,220.870,Finished
7515,345,377,77,27,18,10,10,10,1,44,+1:05.697,5142253,40,9,1:53.612,221.934,Finished
7516,345,790,200,25,12,11,11,11,0,44,+1:11.920,5148476,31,7,1:53.276,222.592,Finished
7517,345,483,135,20,7,12,12,12,0,44,+1:14.262,5150818,28,15,1:54.203,220.785,Finished
7518,345,500,212,19,9,13,13,13,0,44,+1:15.975,5152531,37,3,1:52.512,224.104,Finished
7519,345,746,172,99,14,14,14,14,0,44,+1:22.447,5159003,36,2,1:52.413,224.301,Finished
7520,345,327,172,21,20,15,15,15,0,44,+1:30.825,5167381,32,12,1:54.000,221.178,Finished
7521,345,165,129,4,19,16,16,16,0,43,\N,\N,31,17,1:55.247,218.785,+1 Lap
7522,345,234,36,9,22,17,17,17,0,43,\N,\N,26,19,1:55.900,217.553,+1 Lap
7523,345,80,129,17,16,18,18,18,0,39,\N,\N,32,20,1:56.347,216.717,Gearbox
7524,345,335,140,44,2,19,R,19,0,38,\N,\N,33,10,1:53.707,221.748,Retired
7525,345,319,119,8,15,20,R,20,0,33,\N,\N,21,18,1:55.649,218.025,Retired
7526,345,486,119,13,17,21,R,21,0,1,\N,\N,\N,\N,\N,\N,Mechanical
7527,345,465,36,45,21,22,R,22,0,1,\N,\N,\N,\N,\N,\N,Power Unit
7528,346,335,140,44,1,1,1,1,25,53,1:19:10.236,4750236,29,1,1:28.004,236.975,Finished
7529,346,656,140,6,2,2,2,2,18,53,+3.175,4753411,51,2,1:28.206,236.432,Finished
7530,346,500,212,19,4,3,3,3,15,53,+25.026,4775262,46,3,1:28.342,236.068,Finished
7531,346,102,212,77,3,4,4,4,12,53,+40.786,4791022,50,5,1:28.559,235.490,Finished
7532,346,642,169,3,9,5,5,5,10,53,+50.309,4800545,53,6,1:28.588,235.413,Finished
7533,346,794,169,1,8,6,6,6,8,53,+59.965,4810201,34,10,1:29.141,233.952,Finished
7534,346,622,77,11,10,7,7,7,6,53,+1:02.518,4812754,35,8,1:29.107,234.042,Finished
7535,346,138,135,22,6,8,8,8,4,53,+1:03.063,4813299,35,11,1:29.245,233.680,Finished
7536,346,669,73,7,11,9,9,9,2,53,+1:03.535,4813771,43,7,1:28.942,234.476,Finished
7537,346,483,135,20,5,10,10,10,1,53,+1:06.171,4816407,34,12,1:29.283,233.580,Finished
7538,346,425,200,26,21,11,11,11,0,53,+1:11.184,4821420,51,4,1:28.486,235.684,Finished
7539,346,377,77,27,13,12,12,12,0,53,+1:12.606,4822842,35,13,1:29.366,233.363,Finished
7540,346,790,200,25,12,13,13,13,0,53,+1:13.093,4823329,39,9,1:29.121,234.005,Finished
7541,346,486,119,13,16,14,14,14,0,52,\N,\N,32,17,1:29.856,232.091,+1 Lap
7542,346,746,172,99,14,15,15,15,0,52,\N,\N,46,14,1:29.375,233.340,+1 Lap
7543,346,319,119,8,17,16,16,16,0,52,\N,\N,38,18,1:30.083,231.506,+1 Lap
7544,346,418,36,10,18,17,17,17,0,52,\N,\N,35,21,1:30.758,229.784,+1 Lap
7545,346,80,129,17,19,18,18,18,0,52,\N,\N,51,20,1:30.521,230.386,+1 Lap
7546,346,327,172,21,15,19,19,19,0,51,\N,\N,40,15,1:29.449,233.147,+2 Laps
7547,346,234,36,9,22,20,20,20,0,51,\N,\N,47,19,1:30.280,231.001,+2 Laps
7548,346,17,73,14,7,21,R,21,0,28,\N,\N,23,16,1:29.680,232.546,Engine
7549,346,165,129,4,20,22,R,22,0,5,\N,\N,5,22,1:32.569,225.289,Accident
7550,347,335,140,44,1,1,1,1,25,60,2:00:04.795,7204795,39,1,1:50.417,165.137,Finished
7551,347,794,169,1,4,2,2,2,18,60,+13.534,7218329,27,8,1:52.519,162.052,Finished
7552,347,642,169,3,3,3,3,3,15,60,+14.273,7219068,30,9,1:52.569,161.980,Finished
7553,347,17,73,14,5,4,4,4,12,60,+15.389,7220184,27,6,1:52.115,162.636,Finished
7554,347,500,212,19,6,5,5,5,10,60,+42.161,7246956,27,13,1:53.283,160.959,Finished
7555,347,790,200,25,12,6,6,6,8,60,+56.801,7261596,48,4,1:51.937,162.895,Finished
7556,347,622,77,11,15,7,7,7,6,60,+59.038,7263833,46,5,1:52.007,162.793,Finished
7557,347,669,73,7,7,8,8,8,4,60,+1:00.641,7265436,28,11,1:52.872,161.545,Finished
7558,347,377,77,27,13,9,9,9,2,60,+1:01.661,7266456,27,10,1:52.762,161.703,Finished
7559,347,483,135,20,9,10,10,10,1,60,+1:02.230,7267025,48,2,1:51.639,163.330,Finished
7560,347,102,212,77,8,11,11,11,0,60,+1:05.065,7269860,25,7,1:52.515,162.058,Finished
7561,347,486,119,13,18,12,12,12,0,60,+1:06.915,7271710,26,12,1:53.213,161.059,Finished
7562,347,319,119,8,16,13,13,13,0,60,+1:08.029,7272824,25,15,1:53.543,160.591,Finished
7563,347,425,200,26,10,14,14,14,0,60,+1:12.008,7276803,45,3,1:51.761,163.151,Finished
7564,347,234,36,9,22,15,15,15,0,60,+1:34.188,7298983,14,19,1:55.416,157.985,Finished
7565,347,80,129,17,19,16,16,16,0,60,+1:34.543,7299338,47,14,1:53.538,160.598,Finished
7566,347,165,129,4,21,17,17,17,0,59,\N,\N,43,17,1:53.807,160.218,+1 Lap
7567,347,138,135,22,11,18,R,18,0,52,\N,\N,16,16,1:53.707,160.359,Retired
7568,347,746,172,99,17,19,R,19,0,40,\N,\N,10,18,1:53.948,160.020,Water pressure
7569,347,327,172,21,14,20,R,20,0,17,\N,\N,6,20,1:55.684,157.619,Electrical
7570,347,656,140,6,2,21,R,21,0,13,\N,\N,5,21,1:56.769,156.154,Electrical
7571,347,418,36,10,20,22,W,22,0,0,\N,\N,\N,\N,\N,\N,Power Unit
7572,348,335,140,44,2,1,1,1,25,44,1:51:43.021,6703021,39,1,1:51.600,187.322,Finished
7573,348,656,140,6,1,2,2,2,18,44,+9.180,6712201,15,6,1:52.551,185.739,Finished
7574,348,794,169,1,9,3,3,3,15,44,+29.122,6732143,32,3,1:51.915,186.795,Finished
7575,348,642,169,3,6,4,4,4,12,44,+38.818,6741839,38,4,1:52.231,186.269,Finished
7576,348,138,135,22,8,5,5,5,10,44,+1:07.550,6770571,33,2,1:51.721,187.119,Finished
7577,348,102,212,77,3,6,6,6,8,44,+1:53.773,6816794,41,13,1:54.103,183.213,Finished
7578,348,500,212,19,4,7,7,7,6,44,+1:55.126,6818147,39,8,1:53.450,184.267,Finished
7579,348,377,77,27,13,8,8,8,4,44,+1:55.948,6818969,28,7,1:52.814,185.306,Finished
7580,348,790,200,25,20,9,9,9,2,44,+2:07.638,6830659,35,11,1:53.562,184.086,Finished
7581,348,622,77,11,11,10,10,10,1,43,\N,\N,27,10,1:53.556,184.095,+1 Lap
7582,348,425,200,26,12,11,11,11,0,43,\N,\N,25,12,1:54.021,183.345,+1 Lap
7583,348,669,73,7,10,12,12,12,0,43,\N,\N,36,5,1:52.426,185.946,+1 Lap
7584,348,327,172,21,15,13,13,13,0,43,\N,\N,40,17,1:55.372,181.198,+1 Lap
7585,348,483,135,20,7,14,14,14,0,43,\N,\N,38,9,1:53.510,184.170,+1 Lap
7586,348,319,119,8,16,15,15,15,0,43,\N,\N,28,16,1:55.302,181.308,+1 Lap
7587,348,486,119,13,22,16,16,16,0,43,\N,\N,26,15,1:54.702,182.256,+1 Lap
7588,348,234,36,9,17,17,17,17,0,43,\N,\N,27,14,1:54.669,182.309,+1 Lap
7589,348,165,129,4,21,18,18,18,0,43,\N,\N,25,21,1:56.472,179.486,+1 Lap
7590,348,418,36,10,19,19,19,19,0,43,\N,\N,29,18,1:55.641,180.776,+1 Lap
7591,348,80,129,17,18,20,20,20,0,41,\N,\N,27,20,1:55.985,180.240,Accident
7592,348,746,172,99,14,21,21,21,0,40,\N,\N,25,19,1:55.753,180.601,Accident
7593,348,17,73,14,5,22,R,22,0,2,\N,\N,\N,\N,\N,\N,Electronics
7594,349,335,140,44,1,1,1,1,25,53,1:31:50.744,5510744,48,3,1:41.606,207.200,Finished
7595,349,656,140,6,2,2,2,2,18,53,+13.657,5524401,52,2,1:41.360,207.703,Finished
7596,349,102,212,77,3,3,3,3,15,53,+17.425,5528169,53,1,1:40.896,208.658,Finished
7597,349,138,135,22,4,4,4,4,12,53,+30.234,5540978,47,4,1:41.964,206.472,Finished
7598,349,483,135,20,11,5,5,5,10,53,+53.616,5564360,44,14,1:43.076,204.245,Finished
7599,349,17,73,14,7,6,6,6,8,53,+1:00.016,5570760,53,6,1:42.179,206.038,Finished
7600,349,642,169,3,6,7,7,7,6,53,+1:01.812,5572556,50,13,1:43.050,204.296,Finished
7601,349,794,169,1,10,8,8,8,4,53,+1:06.185,5576929,53,8,1:42.630,205.133,Finished
7602,349,669,73,7,8,9,9,9,2,53,+1:18.877,5589621,45,11,1:42.919,204.556,Finished
7603,349,622,77,11,12,10,10,10,1,53,+1:20.067,5590811,47,12,1:42.924,204.547,Finished
7604,349,500,212,19,18,11,11,11,0,53,+1:20.877,5591621,47,10,1:42.879,204.636,Finished
7605,349,377,77,27,17,12,12,12,0,53,+1:21.309,5592053,50,9,1:42.685,205.023,Finished
7606,349,790,200,25,9,13,13,13,0,53,+1:37.295,5608039,53,7,1:42.550,205.293,Finished
7607,349,425,200,26,5,14,14,14,0,52,\N,\N,52,5,1:42.022,206.355,+1 Lap
7608,349,327,172,21,13,15,15,15,0,52,\N,\N,45,18,1:44.075,202.284,+1 Lap
7609,349,746,172,99,14,16,16,16,0,52,\N,\N,42,15,1:43.822,202.777,+1 Lap
7610,349,319,119,8,15,17,17,17,0,52,\N,\N,49,19,1:44.461,201.537,+1 Lap
7611,349,486,119,13,21,18,18,18,0,52,\N,\N,50,17,1:44.030,202.372,+1 Lap
7612,349,234,36,9,16,19,19,19,0,51,\N,\N,48,16,1:43.979,202.471,+2 Laps
7613,349,418,36,10,19,20,R,20,0,21,\N,\N,17,20,1:47.407,196.009,Brakes
7614,349,165,129,4,20,21,R,21,0,9,\N,\N,8,21,1:48.268,194.450,Suspension
7615,350,335,140,44,2,1,1,1,25,56,1:40:04.785,6004785,49,4,1:41.929,194.712,Finished
7616,350,656,140,6,1,2,2,2,18,56,+4.314,6009099,48,5,1:41.932,194.706,Finished
7617,350,642,169,3,5,3,3,3,15,56,+25.560,6030345,33,7,1:42.831,193.004,Finished
7618,350,500,212,19,4,4,4,4,12,56,+26.924,6031709,50,9,1:42.971,192.741,Finished
7619,350,102,212,77,3,5,5,5,10,56,+30.992,6035777,55,6,1:42.505,193.617,Finished
7620,350,17,73,14,6,6,6,6,8,56,+1:35.231,6100016,47,2,1:41.474,195.585,Finished
7621,350,794,169,1,18,7,7,7,6,56,+1:35.734,6100519,50,1,1:41.379,195.768,Finished
7622,350,483,135,20,7,8,8,8,4,56,+1:40.682,6105467,29,14,1:44.287,190.309,Finished
7623,350,486,119,13,10,9,9,9,2,56,+1:47.870,6112655,38,11,1:43.808,191.187,Finished
7624,350,790,200,25,14,10,10,10,1,56,+1:48.863,6113648,17,12,1:44.180,190.504,Finished
7625,350,319,119,8,16,11,11,11,0,55,\N,\N,51,15,1:44.440,190.030,+1 Lap
7626,350,138,135,22,12,12,12,12,0,55,\N,\N,33,13,1:44.255,190.367,+1 Lap
7627,350,669,73,7,8,13,13,13,0,55,\N,\N,54,8,1:42.888,192.897,+1 Lap
7628,350,327,172,21,15,14,14,14,0,55,\N,\N,47,10,1:43.006,192.676,+1 Lap
7629,350,425,200,26,17,15,15,15,0,55,\N,\N,53,3,1:41.689,195.171,+1 Lap
7630,350,377,77,27,13,16,R,16,0,16,\N,\N,15,16,1:46.226,186.835,Engine
7631,350,622,77,11,11,17,R,17,0,1,\N,\N,\N,\N,\N,\N,Collision damage
7632,350,746,172,99,9,18,R,18,0,0,\N,\N,\N,\N,\N,\N,Collision
7633,351,656,140,6,1,1,1,1,25,71,1:30:02.555,5402555,62,2,1:13.619,210.711,Finished
7634,351,335,140,44,2,2,2,2,18,71,+1.457,5404012,62,1,1:13.555,210.895,Finished
7635,351,500,212,19,3,3,3,3,15,71,+41.031,5443586,59,7,1:14.101,209.341,Finished
7636,351,138,135,22,5,4,4,4,12,71,+48.658,5451213,68,4,1:13.999,209.629,Finished
7637,351,794,169,1,6,5,5,5,10,71,+51.420,5453975,68,5,1:14.018,209.576,Finished
7638,351,17,73,14,8,6,6,6,8,71,+1:01.906,5464461,55,10,1:14.313,208.744,Finished
7639,351,669,73,7,10,7,7,7,6,71,+1:03.730,5466285,37,17,1:14.963,206.934,Finished
7640,351,377,77,27,12,8,8,8,4,71,+1:03.934,5466489,70,3,1:13.728,210.400,Finished
7641,351,483,135,20,7,9,9,9,2,71,+1:10.085,5472640,62,11,1:14.544,208.097,Finished
7642,351,102,212,77,4,10,10,10,1,70,\N,\N,64,9,1:14.229,208.980,+1 Lap
7643,351,425,200,26,17,11,11,11,0,70,\N,\N,62,8,1:14.144,209.219,+1 Lap
7644,351,486,119,13,16,12,12,12,0,70,\N,\N,47,14,1:14.810,207.357,+1 Lap
7645,351,790,200,25,15,13,13,13,0,70,\N,\N,65,13,1:14.774,207.457,+1 Lap
7646,351,327,172,21,11,14,14,14,0,70,\N,\N,64,16,1:14.875,207.177,+1 Lap
7647,351,622,77,11,18,15,15,15,0,70,\N,\N,70,12,1:14.550,208.080,+1 Lap
7648,351,746,172,99,13,16,16,16,0,70,\N,\N,42,15,1:14.834,207.290,+1 Lap
7649,351,319,119,8,14,17,17,17,0,63,\N,\N,63,6,1:14.070,209.428,+8 Laps
7650,351,642,169,3,9,18,R,18,0,39,\N,\N,30,18,1:15.387,205.770,Suspension
7651,352,335,140,44,2,1,1,1,50,55,1:39:02.619,5942619,49,4,1:45.599,189.342,Finished
7652,352,500,212,19,4,2,2,2,36,55,+2.576,5945195,47,2,1:44.826,190.738,Finished
7653,352,102,212,77,3,3,3,3,30,55,+28.880,5971499,54,6,1:45.727,189.113,Finished
7654,352,642,169,3,20,4,4,4,24,55,+37.237,5979856,50,1,1:44.496,191.341,Finished
7655,352,138,135,22,6,5,5,5,20,55,+1:00.334,6002953,47,9,1:46.739,187.320,Finished
7656,352,377,77,27,12,6,6,6,16,55,+1:02.148,6004767,47,7,1:45.777,189.024,Finished
7657,352,622,77,11,11,7,7,7,12,55,+1:11.060,6013679,49,8,1:45.808,188.968,Finished
7658,352,794,169,1,19,8,8,8,8,55,+1:12.045,6014664,51,3,1:45.552,189.427,Finished
7659,352,17,73,14,8,9,9,9,4,55,+1:25.813,6028432,45,12,1:47.424,186.126,Finished
7660,352,669,73,7,7,10,10,10,2,55,+1:27.820,6030439,46,16,1:47.736,185.586,Finished
7661,352,483,135,20,9,11,11,11,0,55,+1:30.376,6032995,37,10,1:46.824,187.171,Finished
7662,352,790,200,25,10,12,12,12,0,55,+1:31.947,6034566,50,5,1:45.686,189.186,Finished
7663,352,319,119,8,18,13,13,13,0,54,\N,\N,35,17,1:47.897,185.310,+1 Lap
7664,352,656,140,6,1,14,14,14,0,54,\N,\N,17,11,1:46.869,187.092,+1 Lap
7665,352,327,172,21,14,15,15,15,0,54,\N,\N,43,15,1:47.698,185.652,+1 Lap
7666,352,746,172,99,13,16,16,16,0,54,\N,\N,44,14,1:47.508,185.980,+1 Lap
7667,352,731,36,46,17,17,17,17,0,54,\N,\N,47,18,1:48.398,184.453,+1 Lap
7668,352,418,36,10,16,18,R,18,0,42,\N,\N,38,13,1:47.431,186.113,Retired
7669,352,486,119,13,15,19,R,19,0,26,\N,\N,9,20,1:48.933,183.547,Power Unit
7670,352,425,200,26,5,20,R,20,0,14,\N,\N,10,19,1:48.748,183.859,Power Unit
7671,353,335,140,44,1,1,1,1,25,58,1:31:54.067,5514067,50,1,1:30.945,209.915,Finished
7672,353,656,140,6,2,2,2,2,18,58,+1.360,5515427,47,2,1:31.092,209.577,Finished
7673,353,794,73,5,4,3,3,3,15,58,+34.523,5548590,52,4,1:31.457,208.740,Finished
7674,353,500,212,19,3,4,4,4,12,58,+38.196,5552263,50,6,1:31.719,208.144,Finished
7675,353,548,172,12,10,5,5,5,10,58,+1:35.149,5609216,46,9,1:32.612,206.137,Finished
7676,353,642,169,3,6,6,6,6,8,57,\N,\N,46,10,1:32.797,205.726,+1 Lap
7677,353,377,77,27,13,7,7,7,6,57,\N,\N,48,8,1:31.970,207.576,+1 Lap
7678,353,234,172,9,15,8,8,8,4,57,\N,\N,51,5,1:31.560,208.505,+1 Lap
7679,353,672,200,55,7,9,9,9,2,57,\N,\N,49,11,1:32.872,205.560,+1 Lap
7680,353,622,77,11,14,10,10,10,1,57,\N,\N,46,7,1:31.959,207.601,+1 Lap
7681,353,138,135,22,16,11,11,11,0,56,\N,\N,56,12,1:33.338,204.534,+2 Laps
7682,353,669,73,7,5,12,R,12,0,40,\N,\N,36,3,1:31.426,208.811,Wheel
7683,353,792,200,33,11,13,R,13,0,32,\N,\N,30,13,1:34.295,202.458,Engine
7684,353,319,119,8,8,14,R,14,0,0,\N,\N,\N,\N,\N,\N,Power loss
7685,353,486,119,13,9,15,R,15,0,0,\N,\N,\N,\N,\N,\N,Accident
7686,353,425,169,26,12,16,W,16,0,0,\N,\N,\N,\N,\N,\N,Withdrew
7687,353,483,135,20,17,17,W,17,0,0,\N,\N,\N,\N,\N,\N,Withdrew
7688,353,102,212,77,0,18,W,18,0,0,\N,\N,\N,\N,\N,\N,Withdrew
7689,354,794,73,5,2,1,1,1,25,56,1:41:05.793,6065793,46,3,1:43.648,193.501,Finished
7690,354,335,140,44,1,2,2,2,18,56,+8.569,6074362,45,2,1:43.125,193.501,Finished
7691,354,656,140,6,3,3,3,3,15,56,+12.310,6078103,43,1,1:42.062,195.516,Finished
7692,354,669,73,7,11,4,4,4,12,56,+53.822,6119615,40,7,1:44.124,191.644,Finished
7693,354,102,212,77,8,5,5,5,10,56,+1:10.409,6136202,42,6,1:44.088,191.710,Finished
7694,354,500,212,19,7,6,6,6,8,56,+1:13.586,6139379,40,5,1:43.990,191.891,Finished
7695,354,792,200,33,6,7,7,7,6,56,+1:37.762,6163555,42,9,1:44.579,190.810,Finished
7696,354,672,200,55,15,8,8,8,4,55,\N,\N,37,15,1:45.507,189.132,+1 Lap
7697,354,425,169,26,5,9,9,9,2,55,\N,\N,41,8,1:44.514,190.929,+1 Lap
7698,354,642,169,3,4,10,10,10,1,55,\N,\N,42,13,1:45.312,189.482,+1 Lap
7699,354,319,119,8,10,11,11,11,0,55,\N,\N,36,10,1:44.812,190.386,+1 Lap
7700,354,548,172,12,16,12,12,12,0,55,\N,\N,45,4,1:43.902,192.054,+1 Lap
7701,354,622,77,11,14,13,13,13,0,55,\N,\N,37,14,1:45.345,189.423,+1 Lap
7702,354,377,77,27,13,14,14,14,0,55,\N,\N,46,11,1:44.822,190.368,+1 Lap
7703,354,517,123,98,19,15,15,15,0,53,\N,\N,44,19,1:49.040,183.004,+3 Laps
7704,354,486,119,13,12,16,R,16,0,47,\N,\N,38,12,1:45.070,189.919,Retired
7705,354,138,135,22,17,17,R,17,0,41,\N,\N,38,16,1:46.056,188.153,Turbo
7706,354,17,135,14,18,18,R,18,0,21,\N,\N,17,17,1:48.460,183.983,ERS
7707,354,234,172,9,9,19,R,19,0,3,\N,\N,3,18,1:48.760,183.475,Spun off
7708,354,731,123,28,0,20,W,20,0,0,\N,\N,\N,\N,\N,\N,Fuel system
7709,355,335,140,44,1,1,1,1,25,56,1:39:42.008,5982008,31,1,1:42.208,191.996,Finished
7710,355,656,140,6,2,2,2,2,18,56,+0.714,5982722,39,2,1:42.565,191.328,Finished
7711,355,794,73,5,3,3,3,3,15,56,+2.988,5984996,15,5,1:43.018,190.487,Finished
7712,355,669,73,7,6,4,4,4,12,56,+3.835,5985843,48,6,1:43.026,190.472,Finished
7713,355,500,212,19,4,5,5,5,10,56,+8.544,5990552,37,4,1:42.734,191.013,Finished
7714,355,102,212,77,5,6,6,6,8,56,+9.885,5991893,37,7,1:43.051,190.426,Finished
7715,355,319,119,8,8,7,7,7,6,56,+19.008,6001016,34,8,1:43.134,190.272,Finished
7716,355,548,172,12,9,8,8,8,4,56,+22.625,6004633,46,12,1:43.692,189.248,Finished
7717,355,642,169,3,7,9,9,9,2,56,+32.117,6014125,46,9,1:43.245,190.068,Finished
7718,355,234,172,9,10,10,10,10,1,55,\N,\N,32,15,1:44.204,188.319,+1 Lap
7719,355,622,77,11,15,11,11,11,0,55,\N,\N,44,10,1:43.512,189.578,+1 Lap
7720,355,17,135,14,18,12,12,12,0,55,\N,\N,40,13,1:43.728,189.183,+1 Lap
7721,355,672,200,55,14,13,13,13,0,55,\N,\N,41,3,1:42.652,191.166,+1 Lap
7722,355,138,135,22,17,14,14,14,0,55,\N,\N,21,16,1:44.991,186.907,+1 Lap
7723,355,731,123,28,19,15,15,15,0,54,\N,\N,40,17,1:45.414,186.157,+2 Laps
7724,355,517,123,98,20,16,16,16,0,54,\N,\N,43,19,1:45.963,185.192,+2 Laps
7725,355,792,200,33,13,17,17,17,0,52,\N,\N,46,14,1:43.880,188.906,Transmission
7726,355,486,119,13,11,18,R,18,0,49,\N,\N,37,11,1:43.686,189.259,Brakes
7727,355,425,169,26,12,19,R,19,0,15,\N,\N,13,20,1:46.291,184.621,Power Unit
7728,355,377,77,27,16,20,R,20,0,9,\N,\N,6,18,1:45.844,185.401,Gearbox
7729,356,335,140,44,1,1,1,1,25,57,1:35:05.809,5705809,38,5,1:37.857,199.098,Finished
7730,356,669,73,7,4,2,2,2,18,57,+3.380,5709189,42,1,1:36.311,202.294,Finished
7731,356,656,140,6,3,3,3,3,15,57,+6.033,5711842,36,3,1:37.326,200.184,Finished
7732,356,102,212,77,5,4,4,4,12,57,+42.957,5748766,16,6,1:38.095,198.615,Finished
7733,356,794,73,5,2,5,5,5,10,57,+43.989,5749798,38,2,1:36.624,201.639,Finished
7734,356,642,169,3,7,6,6,6,8,57,+1:01.751,5767560,53,12,1:38.948,196.903,Finished
7735,356,319,119,8,10,7,7,7,6,57,+1:24.763,5790572,34,15,1:39.161,196.480,Finished
7736,356,622,77,11,11,8,8,8,4,56,\N,\N,39,8,1:38.338,198.124,+1 Lap
7737,356,425,169,26,17,9,9,9,2,56,\N,\N,36,11,1:38.725,197.348,+1 Lap
7738,356,500,212,19,6,10,10,10,1,56,\N,\N,12,14,1:39.094,196.613,+1 Lap
7739,356,17,135,14,14,11,11,11,0,56,\N,\N,38,13,1:38.992,196.815,+1 Lap
7740,356,548,172,12,12,12,12,12,0,56,\N,\N,43,7,1:38.216,198.370,+1 Lap
7741,356,377,77,27,8,13,13,13,0,56,\N,\N,40,10,1:38.653,197.492,+1 Lap
7742,356,234,172,9,13,14,14,14,0,56,\N,\N,27,9,1:38.422,197.955,+1 Lap
7743,356,486,119,13,16,15,15,15,0,56,\N,\N,43,4,1:37.665,199.490,+1 Lap
7744,356,731,123,28,18,16,16,16,0,55,\N,\N,36,18,1:41.759,191.464,+2 Laps
7745,356,517,123,98,19,17,17,17,0,54,\N,\N,36,19,1:42.033,190.949,+3 Laps
7746,356,792,200,33,15,18,R,18,0,34,\N,\N,32,16,1:39.607,195.600,Electrical
7747,356,672,200,55,9,19,R,19,0,29,\N,\N,13,17,1:40.651,193.571,Engine
7748,356,138,135,22,20,20,W,20,0,0,\N,\N,\N,\N,\N,\N,ERS
7749,357,656,140,6,1,1,1,1,25,66,1:41:12.555,6072555,53,2,1:29.109,188.061,Finished
7750,357,335,140,44,2,2,2,2,18,66,+17.551,6090106,54,1,1:28.270,189.849,Finished
7751,357,794,73,5,3,3,3,3,15,66,+45.342,6117897,61,6,1:30.737,184.687,Finished
7752,357,102,212,77,4,4,4,4,12,66,+59.217,6131772,44,5,1:30.711,184.740,Finished
7753,357,669,73,7,7,5,5,5,10,66,+1:00.002,6132557,47,3,1:29.931,186.342,Finished
7754,357,500,212,19,9,6,6,6,8,66,+1:21.314,6153869,51,4,1:30.374,185.429,Finished
7755,357,642,169,3,10,7,7,7,6,65,\N,\N,56,8,1:31.124,183.903,+1 Lap
7756,357,319,119,8,11,8,8,8,4,65,\N,\N,46,15,1:31.945,182.261,+1 Lap
7757,357,672,200,55,5,9,9,9,2,65,\N,\N,62,9,1:31.156,183.838,+1 Lap
7758,357,425,169,26,8,10,10,10,1,65,\N,\N,40,11,1:31.887,182.376,+1 Lap
7759,357,792,200,33,6,11,11,11,0,65,\N,\N,46,12,1:31.896,182.358,+1 Lap
7760,357,548,172,12,15,12,12,12,0,65,\N,\N,41,13,1:31.928,182.294,+1 Lap
7761,357,622,77,11,18,13,13,13,0,65,\N,\N,38,14,1:31.932,182.286,+1 Lap
7762,357,234,172,9,16,14,14,14,0,65,\N,\N,52,16,1:32.222,181.713,+1 Lap
7763,357,377,77,27,17,15,15,15,0,65,\N,\N,51,7,1:30.888,184.380,+1 Lap
7764,357,138,135,22,14,16,16,16,0,65,\N,\N,46,10,1:31.162,183.826,+1 Lap
7765,357,731,123,28,19,17,17,17,0,63,\N,\N,49,19,1:33.655,178.933,+3 Laps
7766,357,517,123,98,20,18,18,18,0,62,\N,\N,51,20,1:34.211,177.877,+4 Laps
7767,357,486,119,13,12,19,R,19,0,45,\N,\N,17,17,1:32.912,180.364,Accident
7768,357,17,135,14,13,20,R,20,0,26,\N,\N,23,18,1:33.387,179.446,Brakes
7769,358,656,140,6,2,1,1,1,25,78,1:49:18.420,6558420,76,2,1:18.599,152.841,Finished
7770,358,794,73,5,3,2,2,2,18,78,+4.486,6562906,75,4,1:18.854,152.347,Finished
7771,358,335,140,44,1,3,3,3,15,78,+6.053,6564473,42,3,1:18.676,152.692,Finished
7772,358,425,169,26,5,4,4,4,12,78,+11.965,6570385,75,7,1:19.130,151.815,Finished
7773,358,642,169,3,4,5,5,5,10,78,+13.608,6572028,74,1,1:18.063,153.891,Finished
7774,358,669,73,7,6,6,6,6,8,78,+14.345,6572765,74,10,1:19.651,150.822,Finished
7775,358,622,77,11,7,7,7,7,6,78,+15.013,6573433,74,11,1:19.657,150.811,Finished
7776,358,138,135,22,10,8,8,8,4,78,+16.063,6574483,76,9,1:19.490,151.128,Finished
7777,358,548,172,12,14,9,9,9,2,78,+23.626,6582046,76,15,1:20.017,150.133,Finished
7778,358,672,200,55,0,10,10,10,1,78,+25.056,6583476,48,13,1:19.816,150.511,Finished
7779,358,377,77,27,11,11,11,11,0,78,+26.232,6584652,46,14,1:19.921,150.313,Finished
7780,358,319,119,8,15,12,12,12,0,78,+28.415,6586835,40,17,1:20.483,149.263,Finished
7781,358,234,172,9,17,13,13,13,0,78,+31.159,6589579,75,8,1:19.285,151.519,Finished
7782,358,102,212,77,16,14,14,14,0,78,+45.789,6604209,74,6,1:18.944,152.173,Finished
7783,358,500,212,19,12,15,15,15,0,77,\N,\N,72,12,1:19.764,150.609,+1 Lap
7784,358,517,123,98,19,16,16,16,0,76,\N,\N,47,18,1:21.715,147.013,+2 Laps
7785,358,731,123,28,18,17,17,17,0,76,\N,\N,58,20,1:22.693,145.274,+2 Laps
7786,358,792,200,33,9,18,R,18,0,62,\N,\N,49,5,1:18.873,152.310,Accident
7787,358,17,135,14,13,19,R,19,0,41,\N,\N,36,16,1:20.459,149.308,Gearbox
7788,358,486,119,13,8,20,R,20,0,5,\N,\N,3,19,1:22.271,146.019,Brakes
7789,359,335,140,44,1,1,1,1,25,70,1:31:53.145,5513145,64,3,1:17.472,202.648,Finished
7790,359,656,140,6,2,2,2,2,18,70,+2.285,5515430,63,5,1:17.637,202.218,Finished
7791,359,102,212,77,4,3,3,3,15,70,+40.666,5553811,67,6,1:17.922,201.478,Finished
7792,359,669,73,7,3,4,4,4,12,70,+45.625,5558770,42,1,1:16.987,203.925,Finished
7793,359,794,73,5,18,5,5,5,10,70,+49.903,5563048,59,2,1:17.105,203.613,Finished
7794,359,500,212,19,15,6,6,6,8,70,+56.381,5569526,64,4,1:17.553,202.437,Finished
7795,359,486,119,13,6,7,7,7,6,70,+1:06.664,5579809,51,10,1:18.385,200.288,Finished
7796,359,377,77,27,7,8,8,8,4,69,\N,\N,66,9,1:18.238,200.664,+1 Lap
7797,359,425,169,26,8,9,9,9,2,69,\N,\N,69,8,1:18.048,201.153,+1 Lap
7798,359,319,119,8,5,10,10,10,1,69,\N,\N,51,7,1:17.969,201.356,+1 Lap
7799,359,622,77,11,10,11,11,11,0,69,\N,\N,49,14,1:18.889,199.008,+1 Lap
7800,359,672,200,55,11,12,12,12,0,69,\N,\N,61,12,1:18.811,199.205,+1 Lap
7801,359,642,169,3,9,13,13,13,0,69,\N,\N,67,16,1:19.060,198.578,+1 Lap
7802,359,234,172,9,12,14,14,14,0,69,\N,\N,58,15,1:18.890,199.006,+1 Lap
7803,359,792,200,33,19,15,15,15,0,69,\N,\N,50,11,1:18.616,199.699,+1 Lap
7804,359,548,172,12,14,16,16,16,0,68,\N,\N,47,17,1:19.088,198.507,+2 Laps
7805,359,731,123,28,17,17,17,17,0,66,\N,\N,38,19,1:20.707,194.525,+4 Laps
7806,359,517,123,98,16,18,R,18,0,57,\N,\N,37,20,1:20.804,194.292,Retired
7807,359,138,135,22,20,19,R,19,0,54,\N,\N,49,13,1:18.856,199.092,Retired
7808,359,17,135,14,13,20,R,20,0,44,\N,\N,41,18,1:19.580,197.280,Engine
7809,360,656,140,6,2,1,1,1,25,71,1:30:16.930,5416930,35,1,1:11.235,218.622,Finished
7810,360,335,140,44,1,2,2,2,18,71,+8.800,5425730,60,2,1:11.475,217.888,Finished
7811,360,500,212,19,4,3,3,3,15,71,+17.573,5434503,58,4,1:11.613,217.468,Finished
7812,360,794,73,5,3,4,4,4,12,71,+18.181,5435111,44,3,1:11.499,217.815,Finished
7813,360,102,212,77,6,5,5,5,10,71,+53.604,5470534,52,7,1:12.248,215.557,Finished
7814,360,377,77,27,5,6,6,6,8,71,+1:04.075,5481005,62,12,1:12.541,214.686,Finished
7815,360,486,119,13,10,7,7,7,6,70,\N,\N,58,6,1:11.785,216.947,+1 Lap
7816,360,792,200,33,7,8,8,8,4,70,\N,\N,64,9,1:12.349,215.256,+1 Lap
7817,360,622,77,11,13,9,9,9,2,70,\N,\N,58,10,1:12.377,215.173,+1 Lap
7818,360,642,169,3,18,10,10,10,1,70,\N,\N,69,5,1:11.689,217.238,+1 Lap
7819,360,548,172,12,8,11,11,11,0,70,\N,\N,57,14,1:13.050,213.190,+1 Lap
7820,360,425,169,26,15,12,12,12,0,70,\N,\N,54,8,1:12.316,215.354,+1 Lap
7821,360,234,172,9,11,13,13,13,0,69,\N,\N,56,11,1:12.516,214.760,+2 Laps
7822,360,517,123,98,16,14,14,14,0,68,\N,\N,58,16,1:14.939,207.817,+3 Laps
7823,360,319,119,8,9,15,R,15,0,35,\N,\N,34,13,1:12.881,213.685,Gearbox
7824,360,672,200,55,12,16,R,16,0,35,\N,\N,28,15,1:13.234,212.655,Power loss
7825,360,138,135,22,20,17,R,17,0,8,\N,\N,5,17,1:52.208,138.792,Retired
7826,360,731,123,28,17,18,R,18,0,1,\N,\N,\N,\N,\N,\N,Oil leak
7827,360,669,73,7,14,19,R,19,0,0,\N,\N,\N,\N,\N,\N,Collision
7828,360,17,135,14,19,20,R,20,0,0,\N,\N,\N,\N,\N,\N,Collision
7829,361,335,140,44,1,1,1,1,25,52,1:31:27.729,5487729,29,1,1:37.093,218.425,Finished
7830,361,656,140,6,2,2,2,2,18,52,+10.956,5498685,24,2,1:37.403,217.730,Finished
7831,361,794,73,5,6,3,3,3,15,52,+25.443,5513172,31,6,1:37.707,217.053,Finished
7832,361,500,212,19,3,4,4,4,12,52,+36.839,5524568,26,3,1:37.466,217.589,Finished
7833,361,102,212,77,4,5,5,5,10,52,+1:03.194,5550923,32,5,1:37.513,217.484,Finished
7834,361,425,169,26,7,6,6,6,8,52,+1:03.955,5551684,28,7,1:37.910,216.603,Finished
7835,361,377,77,27,9,7,7,7,6,52,+1:18.744,5566473,32,9,1:38.296,215.752,Finished
7836,361,669,73,7,5,8,8,8,4,51,\N,\N,31,4,1:37.493,217.529,+1 Lap
7837,361,622,77,11,11,9,9,9,2,51,\N,\N,25,10,1:38.466,215.379,+1 Lap
7838,361,17,135,14,17,10,10,10,1,51,\N,\N,30,12,1:38.883,214.471,+1 Lap
7839,361,234,172,9,15,11,11,11,0,51,\N,\N,31,8,1:38.131,216.115,+1 Lap
7840,361,517,123,98,20,12,12,12,0,49,\N,\N,26,15,1:42.324,207.259,+3 Laps
7841,361,731,123,28,19,13,13,13,0,49,\N,\N,28,14,1:41.919,208.082,+3 Laps
7842,361,672,200,55,8,14,R,14,0,31,\N,\N,26,11,1:38.697,214.875,Electrical
7843,361,642,169,3,10,15,R,15,0,21,\N,\N,14,13,1:39.940,212.203,Electrical
7844,361,792,200,33,13,16,R,16,0,3,\N,\N,3,16,2:20.776,150.647,Spun off
7845,361,319,119,8,12,17,R,17,0,0,\N,\N,\N,\N,\N,\N,Collision
7846,361,486,119,13,14,18,R,18,0,0,\N,\N,\N,\N,\N,\N,Collision
7847,361,138,135,22,18,19,R,19,0,0,\N,\N,\N,\N,\N,\N,Collision
7848,361,548,172,12,16,20,W,20,0,0,\N,\N,\N,\N,\N,\N,Gearbox
7849,362,794,73,5,3,1,1,1,25,69,1:46:09.985,6369985,63,5,1:26.772,181.759,Finished
7850,362,425,169,26,7,2,2,2,18,69,+15.748,6385733,57,4,1:26.519,182.290,Finished
7851,362,642,169,3,4,3,3,3,15,69,+25.084,6395069,68,1,1:24.821,185.939,Finished
7852,362,792,200,33,9,4,4,4,12,69,+44.251,6414236,62,11,1:27.650,179.938,Finished
7853,362,17,135,14,15,5,5,5,10,69,+49.079,6419064,67,10,1:27.311,180.637,Finished
7854,362,335,140,44,1,6,6,6,8,69,+52.025,6422010,68,3,1:25.727,183.974,Finished
7855,362,319,119,8,10,7,7,7,6,69,+58.578,6428563,60,14,1:28.080,179.059,Finished
7856,362,656,140,6,2,8,8,8,4,69,+58.876,6428861,68,2,1:25.149,185.223,Finished
7857,362,138,135,22,16,9,9,9,2,69,+1:07.028,6437013,65,17,1:28.535,178.139,Finished
7858,362,234,172,9,17,10,10,10,1,69,+1:09.130,6439115,60,12,1:28.004,179.214,Finished
7859,362,548,172,12,18,11,11,11,0,69,+1:13.458,6443443,51,15,1:28.268,178.678,Finished
7860,362,500,212,19,8,12,12,12,0,69,+1:14.278,6444263,59,6,1:26.864,181.566,Finished
7861,362,102,212,77,6,13,13,13,0,69,+1:20.228,6450213,51,8,1:27.058,181.161,Finished
7862,362,486,119,13,14,14,14,14,0,69,+1:25.142,6455127,62,9,1:27.130,181.012,Finished
7863,362,517,123,98,19,15,15,15,0,67,\N,\N,59,20,1:29.868,175.497,+2 Laps
7864,362,731,123,28,20,16,16,16,0,65,\N,\N,56,19,1:29.543,176.134,+4 Laps
7865,362,672,200,55,12,17,R,17,0,60,\N,\N,38,18,1:28.611,177.986,Electrical
7866,362,669,73,7,5,18,R,18,0,55,\N,\N,24,7,1:26.954,181.378,Power Unit
7867,362,622,77,11,13,19,R,19,0,53,\N,\N,51,16,1:28.499,178.212,Suspension
7868,362,377,77,27,11,20,R,20,0,41,\N,\N,38,13,1:28.074,179.072,Front wing
7869,363,335,140,44,1,1,1,1,25,43,1:23:40.387,5020387,34,2,1:52.504,224.120,Finished
7870,363,656,140,6,2,2,2,2,18,43,+2.058,5022445,34,1,1:52.416,224.295,Finished
7871,363,319,119,8,9,3,3,3,15,43,+37.988,5058375,37,12,1:54.779,219.677,Finished
7872,363,425,169,26,12,4,4,4,12,43,+45.692,5066079,29,3,1:53.032,223.073,Finished
7873,363,622,77,11,4,5,5,5,10,43,+53.997,5074384,29,13,1:54.796,219.645,Finished
7874,363,500,212,19,6,6,6,6,8,43,+55.283,5075670,23,8,1:54.093,220.998,Finished
7875,363,669,73,7,16,7,7,7,6,43,+55.703,5076090,30,9,1:54.517,220.180,Finished
7876,363,792,200,33,18,8,8,8,4,43,+56.076,5076463,36,4,1:53.276,222.592,Finished
7877,363,102,212,77,3,9,9,9,2,43,+1:01.040,5081427,23,10,1:54.646,219.932,Power Unit
7878,363,234,172,9,13,10,10,10,1,43,+1:31.234,5111621,30,7,1:54.022,221.136,Finished
7879,363,548,172,12,14,11,11,11,0,43,+1:42.311,5122698,29,6,1:53.991,221.196,Finished
7880,363,794,73,5,8,12,12,12,0,42,\N,\N,29,14,1:55.316,218.654,Tyre
7881,363,17,135,14,20,13,13,13,0,42,\N,\N,34,5,1:53.692,221.778,+1 Lap
7882,363,138,135,22,19,14,14,14,0,42,\N,\N,38,15,1:55.533,218.244,+1 Lap
7883,363,517,123,98,17,15,15,15,0,42,\N,\N,32,18,1:58.174,213.366,+1 Lap
7884,363,731,123,28,15,16,16,16,0,42,\N,\N,33,17,1:58.150,213.410,+1 Lap
7885,363,672,200,55,10,17,R,17,0,32,\N,\N,25,11,1:54.680,219.867,Power Unit
7886,363,642,169,3,5,18,R,18,0,19,\N,\N,2,16,1:56.263,216.873,Power Unit
7887,363,486,119,13,7,19,R,19,0,2,\N,\N,\N,\N,\N,\N,Engine
7888,363,377,77,27,11,20,W,20,0,0,\N,\N,\N,\N,\N,\N,Power loss
7889,364,335,140,44,1,1,1,1,25,53,1:18:00.688,4680688,48,1,1:26.672,240.617,Finished
7890,364,794,73,5,3,2,2,2,18,53,+25.042,4705730,52,3,1:27.376,238.678,Finished
7891,364,500,212,19,5,3,3,3,15,53,+47.635,4728323,31,8,1:27.874,237.326,Finished
7892,364,102,212,77,6,4,4,4,12,53,+47.996,4728684,49,6,1:27.525,238.272,Finished
7893,364,669,73,7,2,5,5,5,10,53,+1:08.860,4749548,43,7,1:27.584,238.111,Finished
7894,364,622,77,11,7,6,6,6,8,53,+1:12.783,4753471,46,10,1:28.140,236.609,Finished
7895,364,377,77,27,9,7,7,7,6,52,\N,\N,36,14,1:28.913,234.552,+1 Lap
7896,364,642,169,3,19,8,8,8,4,52,\N,\N,50,9,1:28.065,236.811,+1 Lap
7897,364,234,172,9,12,9,9,9,2,52,\N,\N,22,12,1:28.516,235.604,+1 Lap
7898,364,425,169,26,18,10,10,10,1,52,\N,\N,39,11,1:28.231,236.365,+1 Lap
7899,364,672,200,55,17,11,11,11,0,52,\N,\N,38,5,1:27.510,238.313,+1 Lap
7900,364,792,200,33,20,12,12,12,0,52,\N,\N,35,4,1:27.390,238.640,+1 Lap
7901,364,548,172,12,17,13,13,13,0,52,\N,\N,51,13,1:28.653,235.240,+1 Lap
7902,364,138,135,22,15,14,14,14,0,52,\N,\N,33,16,1:29.766,232.324,+1 Lap
7903,364,731,123,28,13,15,15,15,0,51,\N,\N,51,17,1:31.098,228.927,+2 Laps
7904,364,517,123,98,14,16,16,16,0,51,\N,\N,29,18,1:31.311,228.393,+2 Laps
7905,364,656,140,6,4,17,17,17,0,50,\N,\N,43,2,1:27.067,239.525,+3 Laps
7906,364,17,135,14,16,18,18,18,0,47,\N,\N,42,15,1:29.285,233.575,+6 Laps
7907,364,319,119,8,8,19,R,19,0,1,\N,\N,\N,\N,\N,\N,Collision damage
7908,364,486,119,13,10,20,R,20,0,1,\N,\N,\N,\N,\N,\N,Collision damage
7909,365,794,73,5,1,1,1,1,25,61,2:01:22.118,7282118,53,2,1:50.069,165.659,Finished
7910,365,642,169,3,2,2,2,2,18,61,+1.478,7283596,52,1,1:50.041,165.701,Finished
7911,365,669,73,7,3,3,3,3,15,61,+17.154,7299272,48,5,1:50.341,165.251,Finished
7912,365,656,140,6,6,4,4,4,12,61,+24.720,7306838,50,7,1:50.934,164.368,Finished
7913,365,102,212,77,7,5,5,5,10,61,+34.204,7316322,49,10,1:51.342,163.765,Finished
7914,365,425,169,26,4,6,6,6,8,61,+35.508,7317626,36,8,1:51.109,164.109,Finished
7915,365,622,77,11,13,7,7,7,6,61,+50.836,7332954,44,12,1:51.970,162.847,Finished
7916,365,792,200,33,8,8,8,8,4,61,+51.450,7333568,43,4,1:50.298,165.315,Finished
7917,365,672,200,55,14,9,9,9,2,61,+52.860,7334978,43,6,1:50.401,165.161,Finished
7918,365,548,172,12,16,10,10,10,1,61,+1:30.045,7372163,36,15,1:52.566,161.984,Finished
7919,365,234,172,9,17,11,11,11,0,61,+1:37.507,7379625,30,11,1:51.594,163.395,Finished
7920,365,486,119,13,18,12,12,12,0,61,+1:37.718,7379836,57,3,1:50.175,165.500,Finished
7921,365,319,119,8,10,13,13,13,0,59,\N,\N,28,13,1:52.353,162.292,Tyre
7922,365,660,123,53,20,14,14,14,0,59,\N,\N,43,19,1:55.312,158.127,+2 Laps
7923,365,731,123,28,19,15,15,15,0,59,\N,\N,45,20,1:55.890,157.338,+2 Laps
7924,365,138,135,22,15,16,R,16,0,52,\N,\N,43,9,1:51.167,164.023,Gearbox
7925,365,17,135,14,12,17,R,17,0,33,\N,\N,27,16,1:53.325,160.900,Gearbox
7926,365,335,140,44,5,18,R,18,0,32,\N,\N,24,14,1:52.505,162.072,Throttle
7927,365,500,212,19,9,19,R,19,0,30,\N,\N,19,17,1:53.666,160.417,Gearbox
7928,365,377,77,27,11,20,R,20,0,12,\N,\N,6,18,1:53.868,160.132,Collision
7929,366,335,140,44,2,1,1,1,25,53,1:28:06.508,5286508,33,1,1:36.145,217.434,Finished
7930,366,656,140,6,1,2,2,2,18,53,+18.964,5305472,31,2,1:37.147,215.191,Finished
7931,366,794,73,5,4,3,3,3,15,53,+20.850,5307358,32,3,1:37.906,213.523,Finished
7932,366,669,73,7,6,4,4,4,12,53,+33.768,5320276,32,4,1:38.035,213.242,Finished
7933,366,102,212,77,3,5,5,5,10,53,+36.746,5323254,41,8,1:38.241,212.795,Finished
7934,366,377,77,27,13,6,6,6,8,53,+55.559,5342067,43,9,1:38.331,212.600,Finished
7935,366,319,119,8,8,7,7,7,6,53,+1:12.298,5358806,35,6,1:38.167,212.955,Finished
7936,366,486,119,13,11,8,8,8,4,53,+1:13.575,5360083,39,5,1:38.136,213.022,Finished
7937,366,792,200,33,17,9,9,9,2,53,+1:35.315,5381823,32,7,1:38.237,212.803,Finished
7938,366,672,200,55,10,10,10,10,1,52,\N,\N,16,13,1:38.686,211.835,+1 Lap
7939,366,17,135,14,12,11,11,11,0,52,\N,\N,45,16,1:39.614,209.862,+1 Lap
7940,366,622,77,11,9,12,12,12,0,52,\N,\N,50,11,1:38.591,212.039,+1 Lap
7941,366,425,169,26,20,13,13,13,0,52,\N,\N,36,10,1:38.366,212.524,+1 Lap
7942,366,234,172,9,15,14,14,14,0,52,\N,\N,28,15,1:39.343,210.434,+1 Lap
7943,366,642,169,3,7,15,15,15,0,52,\N,\N,32,14,1:38.898,211.381,+1 Lap
7944,366,138,135,22,14,16,16,16,0,52,\N,\N,31,18,1:40.121,208.799,+1 Lap
7945,366,500,212,19,5,17,17,17,0,51,\N,\N,51,12,1:38.595,212.031,+2 Laps
7946,366,660,123,53,19,18,18,18,0,51,\N,\N,35,20,1:41.467,206.029,+2 Laps
7947,366,731,123,28,18,19,19,19,0,50,\N,\N,44,19,1:41.452,206.060,+3 Laps
7948,366,548,172,12,16,20,R,20,0,49,\N,\N,39,17,1:40.088,208.868,Retired
7949,367,335,140,44,2,1,1,1,25,53,1:37:11.024,5831024,44,3,1:40.573,209.328,Finished
7950,367,794,73,5,4,2,2,2,18,53,+5.953,5836977,51,1,1:40.071,210.378,Finished
7951,367,622,77,11,7,3,3,3,15,53,+28.918,5859942,48,9,1:41.772,206.862,Finished
7952,367,500,212,19,15,4,4,4,12,53,+38.831,5869855,48,4,1:40.881,208.689,Finished
7953,367,425,169,26,11,5,5,5,10,53,+47.566,5878590,\N,\N,\N,\N,Finished
7954,367,548,172,12,12,6,6,6,8,53,+56.508,5887532,52,6,1:41.372,207.678,Finished
7955,367,486,119,13,14,7,7,7,6,53,+1:01.088,5892112,52,7,1:41.507,207.402,Finished
7956,367,669,73,7,5,8,8,8,4,53,+1:12.358,5903382,48,2,1:40.294,209.910,Finished
7957,367,138,135,22,13,9,9,9,2,53,+1:19.467,5910491,53,13,1:43.068,204.261,Finished
7958,367,792,200,33,9,10,10,10,1,53,+1:28.424,5919448,45,15,1:43.265,203.871,Finished
7959,367,17,135,14,19,11,11,11,0,53,+1:31.210,5922234,29,12,1:42.639,205.115,Finished
7960,367,102,212,77,3,12,12,12,0,52,\N,\N,45,5,1:41.134,208.167,Collision
7961,367,517,123,98,18,13,13,13,0,52,\N,\N,50,17,1:45.049,200.409,+1 Lap
7962,367,731,123,28,17,14,14,14,0,51,\N,\N,50,16,1:44.926,200.644,+2 Laps
7963,367,642,169,3,10,15,15,15,0,47,\N,\N,43,10,1:41.888,206.626,Suspension
7964,367,672,200,55,20,16,R,16,0,45,\N,\N,44,11,1:42.258,205.879,Brakes
7965,367,319,119,8,8,17,R,17,0,11,\N,\N,7,18,1:45.266,199.996,Accident
7966,367,656,140,6,1,18,R,18,0,7,\N,\N,6,14,1:43.133,204.132,Throttle
7967,367,377,77,27,6,19,R,19,0,0,\N,\N,\N,\N,\N,\N,Collision
7968,367,234,172,9,17,20,R,20,0,0,\N,\N,\N,\N,\N,\N,Collision
7969,368,335,140,44,2,1,1,1,25,56,1:50:52.703,6652703,48,2,1:40.738,197.014,Finished
7970,368,656,140,6,1,2,2,2,18,56,+2.850,6655553,49,1,1:40.666,197.154,Finished
7971,368,794,73,5,13,3,3,3,15,56,+3.381,6656084,52,3,1:41.330,195.863,Finished
7972,368,792,200,33,8,4,4,4,12,56,+22.359,6675062,51,9,1:43.172,192.366,Finished
7973,368,622,77,11,5,5,5,5,10,56,+24.413,6677116,54,7,1:43.010,192.668,Finished
7974,368,138,135,22,11,6,6,6,8,56,+28.058,6680761,50,8,1:43.026,192.638,Finished
7975,368,672,200,55,20,7,7,7,6,56,+30.619,6683322,51,5,1:42.660,193.325,Finished
7976,368,486,119,13,12,8,8,8,4,56,+32.273,6684976,51,6,1:42.849,192.970,Finished
7977,368,548,172,12,15,9,9,9,2,56,+40.257,6692960,54,12,1:44.407,190.090,Finished
7978,368,642,169,3,3,10,10,10,1,56,+53.371,6706074,53,4,1:41.980,194.614,Finished
7979,368,17,135,14,9,11,11,11,0,56,+54.816,6707519,55,11,1:44.323,190.243,Finished
7980,368,660,123,53,17,12,12,12,0,56,+1:15.277,6727980,50,16,1:48.173,183.472,Finished
7981,368,425,169,26,4,13,R,13,0,41,\N,\N,41,10,1:43.728,191.335,Accident
7982,368,377,77,27,6,14,R,14,0,35,\N,\N,24,13,1:45.095,188.846,Accident
7983,368,234,172,9,14,15,R,15,0,25,\N,\N,24,15,1:47.381,184.825,Retired
7984,368,669,73,7,18,16,R,16,0,25,\N,\N,24,14,1:46.186,186.905,Brake duct
7985,368,500,212,19,7,17,R,17,0,23,\N,\N,22,17,1:48.231,183.374,Retired
7986,368,319,119,8,10,18,R,18,0,10,\N,\N,8,18,1:59.612,165.926,Retired
7987,368,102,212,77,16,19,R,19,0,5,\N,\N,3,19,2:31.939,130.623,Retired
7988,368,731,123,28,19,20,R,20,0,1,\N,\N,\N,\N,\N,\N,Retired
7989,369,656,140,6,1,1,1,1,25,71,1:42:35.038,6155038,67,1,1:20.521,192.426,Finished
7990,369,335,140,44,2,2,2,2,18,71,+1.954,6156992,67,2,1:20.723,191.945,Finished
7991,369,102,212,77,6,3,3,3,15,71,+14.592,6169630,68,4,1:21.585,189.917,Finished
7992,369,425,169,26,4,4,4,4,12,71,+16.572,6171610,69,3,1:21.549,190.001,Finished
7993,369,642,169,3,5,5,5,5,10,71,+19.682,6174720,70,5,1:21.625,189.824,Finished
7994,369,500,212,19,7,6,6,6,8,71,+21.493,6176531,71,7,1:22.009,188.935,Finished
7995,369,377,77,27,10,7,7,7,6,71,+25.860,6180898,69,9,1:22.391,188.059,Finished
7996,369,622,77,11,9,8,8,8,4,71,+34.343,6189381,51,12,1:22.757,187.227,Finished
7997,369,792,200,33,8,9,9,9,2,71,+35.229,6190267,70,10,1:22.603,187.576,Finished
7998,369,319,119,8,12,10,10,10,1,71,+37.934,6192972,69,13,1:22.893,186.920,Finished
7999,369,486,119,13,13,11,11,11,0,71,+38.538,6193576,70,14,1:22.963,186.762,Finished
8000,369,234,172,9,14,12,12,12,0,71,+40.180,6195218,62,11,1:22.716,187.320,Finished
8001,369,672,200,55,11,13,13,13,0,71,+48.772,6203810,46,8,1:22.172,188.560,Finished
8002,369,138,135,22,20,14,14,14,0,71,+49.214,6204252,49,15,1:23.006,186.666,Finished
8003,369,660,123,53,16,15,15,15,0,69,\N,\N,69,18,1:25.005,182.276,+2 Laps
8004,369,731,123,28,17,16,16,16,0,69,\N,\N,67,19,1:25.540,181.136,+2 Laps
8005,369,548,172,12,15,17,R,17,0,57,\N,\N,48,16,1:23.350,185.895,Brakes
8006,369,794,73,5,3,18,R,18,0,50,\N,\N,48,6,1:21.847,189.309,Accident
8007,369,669,73,7,19,19,R,19,0,21,\N,\N,20,17,1:24.054,184.338,Collision
8008,369,17,135,14,18,20,R,20,0,1,\N,\N,\N,\N,\N,\N,Retired
8009,370,656,140,6,1,1,1,1,25,71,1:31:09.090,5469090,57,2,1:14.957,206.950,Finished
8010,370,335,140,44,2,2,2,2,18,71,+7.756,5476846,51,1,1:14.832,207.296,Finished
8011,370,794,73,5,3,3,3,3,15,71,+14.244,5483334,57,3,1:15.046,206.705,Finished
8012,370,669,73,7,4,4,4,4,12,71,+47.543,5516633,48,4,1:15.416,205.691,Finished
8013,370,102,212,77,7,5,5,5,10,70,\N,\N,61,10,1:16.039,204.005,+1 Lap
8014,370,377,77,27,5,6,6,6,8,70,\N,\N,66,16,1:16.774,202.052,+1 Lap
8015,370,425,169,26,6,7,7,7,6,70,\N,\N,41,14,1:16.500,202.776,+1 Lap
8016,370,319,119,8,14,8,8,8,4,70,\N,\N,57,5,1:15.739,204.813,+1 Lap
8017,370,792,200,33,9,9,9,9,2,70,\N,\N,56,9,1:15.972,204.185,+1 Lap
8018,370,486,119,13,15,10,10,10,1,70,\N,\N,63,13,1:16.354,203.164,+1 Lap
8019,370,642,169,3,19,11,11,11,0,70,\N,\N,56,11,1:16.313,203.273,+1 Lap
8020,370,622,77,11,11,12,12,12,0,70,\N,\N,53,8,1:15.970,204.191,+1 Lap
8021,370,548,172,12,13,13,13,13,0,70,\N,\N,41,17,1:16.794,202.000,+1 Lap
8022,370,138,135,22,16,14,14,14,0,70,\N,\N,53,12,1:16.321,203.252,+1 Lap
8023,370,17,135,14,20,15,15,15,0,70,\N,\N,54,15,1:16.519,202.726,+1 Lap
8024,370,234,172,9,12,16,16,16,0,69,\N,\N,57,7,1:15.789,204.678,+2 Laps
8025,370,731,123,28,18,17,17,17,0,67,\N,\N,42,19,1:19.098,196.116,+4 Laps
8026,370,660,123,53,17,18,18,18,0,67,\N,\N,43,18,1:18.617,197.316,+4 Laps
8027,370,672,200,55,10,19,R,19,0,0,\N,\N,\N,\N,\N,\N,Retired
8028,370,500,212,19,8,20,D,20,0,70,\N,\N,57,6,1:15.743,204.803,Excluded
8029,371,656,140,6,1,1,1,1,25,55,1:38:30.175,5910175,37,5,1:45.356,189.779,Finished
8030,371,335,140,44,2,2,2,2,18,55,+8.271,5918446,44,1,1:44.517,191.302,Finished
8031,371,669,73,7,3,3,3,3,15,55,+19.430,5929605,47,4,1:44.942,190.528,Finished
8032,371,794,73,5,15,4,4,4,12,55,+43.735,5953910,48,2,1:44.550,191.242,Finished
8033,371,622,77,11,4,5,5,5,10,55,+1:03.952,5974127,30,8,1:45.892,188.818,Finished
8034,371,642,169,3,5,6,6,6,8,55,+1:05.010,5975185,46,9,1:46.305,188.085,Finished
8035,371,377,77,27,7,7,7,7,6,55,+1:33.618,6003793,29,16,1:47.064,186.751,Finished
8036,371,500,212,19,8,8,8,8,4,55,+1:37.751,6007926,33,14,1:46.984,186.891,Finished
8037,371,319,119,8,18,9,9,9,2,55,+1:38.201,6008376,47,7,1:45.859,188.877,Finished
8038,371,425,169,26,9,10,10,10,1,55,+1:42.371,6012546,27,13,1:46.882,187.069,Finished
8039,371,672,200,55,10,11,11,11,0,55,+1:43.525,6013700,38,15,1:46.998,186.867,Finished
8040,371,138,135,22,12,12,12,12,0,54,\N,\N,29,17,1:47.509,185.978,+1 Lap
8041,371,102,212,77,6,13,13,13,0,54,\N,\N,45,11,1:46.464,187.804,+1 Lap
8042,371,234,172,9,17,14,14,14,0,54,\N,\N,48,12,1:46.517,187.710,+1 Lap
8043,371,548,172,12,14,15,15,15,0,54,\N,\N,46,10,1:46.424,187.874,+1 Lap
8044,371,792,200,33,11,16,16,16,0,54,\N,\N,40,6,1:45.746,189.079,+1 Lap
8045,371,17,135,14,16,17,17,17,0,53,\N,\N,52,3,1:44.796,190.793,+2 Laps
8046,371,731,123,28,19,18,18,18,0,53,\N,\N,53,18,1:49.610,182.414,+2 Laps
8047,371,517,123,98,20,19,19,19,0,52,\N,\N,26,19,1:51.213,179.784,+3 Laps
8048,371,486,119,13,13,20,R,20,0,0,\N,\N,\N,\N,\N,\N,Collision
8049,372,656,140,6,2,1,1,1,25,57,1:48:15.565,6495565,21,3,1:30.557,210.815,Finished
8050,372,335,140,44,1,2,2,2,18,57,+8.060,6503625,48,4,1:30.646,210.608,Finished
8051,372,794,73,5,3,3,3,3,15,57,+9.643,6505208,23,2,1:29.951,212.235,Finished
8052,372,642,169,3,8,4,4,4,12,57,+24.330,6519895,49,1,1:28.997,214.510,Finished
8053,372,500,212,19,6,5,5,5,10,57,+58.979,6554544,39,9,1:32.288,206.861,Finished
8054,372,319,83,8,19,6,6,6,8,57,+1:12.081,6567646,48,17,1:32.862,205.582,Finished
8055,372,377,77,27,10,7,7,7,6,57,+1:14.199,6569764,49,16,1:32.833,205.646,Finished
8056,372,102,212,77,16,8,8,8,4,57,+1:15.153,6570718,51,14,1:32.725,205.886,Finished
8057,372,672,200,55,7,9,9,9,2,57,+1:15.680,6571245,23,7,1:31.671,208.253,Finished
8058,372,792,200,33,5,10,10,10,1,57,+1:16.833,6572398,44,6,1:31.516,208.606,Finished
8059,372,576,170,30,13,11,11,11,0,57,+1:23.399,6578964,14,18,1:32.955,205.376,Finished
8060,372,483,170,20,14,12,12,12,0,57,+1:25.606,6581171,45,10,1:32.452,206.494,Finished
8061,372,622,77,11,9,13,13,13,0,57,+1:31.699,6587264,39,15,1:32.780,205.764,Finished
8062,372,138,135,22,12,14,14,14,0,56,\N,\N,33,8,1:31.684,208.223,+1 Lap
8063,372,548,172,12,17,15,15,15,0,56,\N,\N,48,13,1:32.711,205.917,+1 Lap
8064,372,812,123,94,21,16,16,16,0,56,\N,\N,34,12,1:32.673,206.001,+1 Lap
8065,372,234,172,9,15,17,R,17,0,38,\N,\N,15,21,1:33.892,203.327,Engine
8066,372,669,73,7,4,18,R,18,0,21,\N,\N,21,5,1:30.701,210.480,Engine
8067,372,344,123,88,22,19,R,19,0,17,\N,\N,15,20,1:33.847,203.424,Mechanical
8068,372,327,83,21,20,20,R,20,0,16,\N,\N,4,19,1:32.998,205.281,Collision
8069,372,17,135,14,11,21,R,21,0,16,\N,\N,14,11,1:32.553,206.268,Collision
8070,372,425,169,26,18,22,W,22,0,0,\N,\N,\N,\N,\N,\N,Retired
8071,373,656,140,6,2,1,1,1,25,57,1:33:34.696,5614696,41,1,1:34.482,206.210,Finished
8072,373,669,73,7,4,2,2,2,18,57,+10.282,5624978,39,3,1:35.158,204.745,Finished
8073,373,335,140,44,1,3,3,3,15,57,+30.148,5644844,43,2,1:34.677,205.785,Finished
8074,373,642,169,3,5,4,4,4,12,57,+1:02.494,5677190,44,9,1:36.064,202.814,Finished
8075,373,319,83,8,9,5,5,5,10,57,+1:18.299,5692995,42,11,1:36.095,202.749,Finished
8076,373,792,200,33,10,6,6,6,8,57,+1:20.929,5695625,49,7,1:35.504,204.004,Finished
8077,373,425,169,26,15,7,7,7,6,56,\N,\N,36,8,1:35.678,203.633,+1 Lap
8078,373,500,212,19,7,8,8,8,4,56,\N,\N,31,16,1:37.560,199.704,+1 Lap
8079,373,102,212,77,6,9,9,9,2,56,\N,\N,37,15,1:37.077,200.698,+1 Lap
8080,373,788,135,47,12,10,10,10,1,56,\N,\N,44,12,1:36.121,202.694,+1 Lap
8081,373,483,170,20,22,11,11,11,0,56,\N,\N,40,14,1:36.730,201.418,+1 Lap
8082,373,234,172,9,17,12,12,12,0,56,\N,\N,32,17,1:38.003,198.802,+1 Lap
8083,373,812,123,94,16,13,13,13,0,56,\N,\N,43,6,1:35.448,204.123,+1 Lap
8084,373,548,172,12,21,14,14,14,0,56,\N,\N,49,5,1:35.360,204.312,+1 Lap
8085,373,377,77,27,8,15,15,15,0,56,\N,\N,53,4,1:35.188,204.681,+1 Lap
8086,373,622,77,11,18,16,16,16,0,56,\N,\N,39,10,1:36.067,202.808,+1 Lap
8087,373,344,123,88,20,17,17,17,0,56,\N,\N,47,13,1:36.685,201.512,+1 Lap
8088,373,672,200,55,11,18,R,18,0,29,\N,\N,22,18,1:38.408,197.983,Retired
8089,373,327,83,21,13,19,R,19,0,9,\N,\N,2,19,1:39.341,196.124,Retired
8090,373,138,135,22,14,20,R,20,0,6,\N,\N,3,20,1:39.427,195.954,Power Unit
8091,373,794,73,5,3,21,W,21,0,0,\N,\N,\N,\N,\N,\N,Engine
8092,373,576,170,30,19,22,W,22,0,0,\N,\N,\N,\N,\N,\N,Hydraulics
8093,374,656,140,6,1,1,1,1,25,56,1:38:53.891,5933891,38,6,1:40.418,195.419,Finished
8094,374,794,73,5,4,2,2,2,18,56,+37.776,5971667,37,9,1:40.610,195.046,Finished
8095,374,425,169,26,6,3,3,3,15,56,+45.936,5979827,38,14,1:41.546,193.248,Finished
8096,374,642,169,3,2,4,4,4,12,56,+52.688,5986579,55,11,1:41.015,194.264,Finished
8097,374,669,73,7,3,5,5,5,10,56,+1:05.872,5999763,40,8,1:40.593,195.079,Finished
8098,374,500,212,19,10,6,6,6,8,56,+1:15.511,6009402,34,16,1:41.815,192.737,Finished
8099,374,335,140,44,22,7,7,7,6,56,+1:18.230,6012121,32,10,1:40.662,194.945,Finished
8100,374,792,200,33,9,8,8,8,4,56,+1:19.268,6013159,41,5,1:40.399,195.456,Finished
8101,374,672,200,55,8,9,9,9,2,56,+1:24.127,6018018,35,12,1:41.485,193.364,Finished
8102,374,102,212,77,5,10,10,10,1,56,+1:26.192,6020083,23,15,1:41.558,193.225,Finished
8103,374,622,77,11,7,11,11,11,0,56,+1:34.283,6028174,30,17,1:41.846,192.679,Finished
8104,374,17,135,14,11,12,12,12,0,56,+1:37.253,6031144,36,19,1:42.226,191.962,Finished
8105,374,138,135,22,12,13,13,13,0,56,+1:41.990,6035881,46,3,1:40.298,195.652,Finished
8106,374,327,83,21,18,14,14,14,0,55,\N,\N,45,4,1:40.368,195.516,+1 Lap
8107,374,377,77,27,13,15,15,15,0,55,\N,\N,48,1,1:39.824,196.581,+1 Lap
8108,374,234,172,9,15,16,16,16,0,55,\N,\N,41,22,1:43.269,190.024,+1 Lap
8109,374,483,170,20,17,17,17,17,0,55,\N,\N,22,21,1:42.311,191.803,+1 Lap
8110,374,812,123,94,21,18,18,18,0,55,\N,\N,48,13,1:41.489,193.356,+1 Lap
8111,374,319,83,8,14,19,19,19,0,55,\N,\N,47,2,1:39.923,196.387,+1 Lap
8112,374,548,172,12,16,20,20,20,0,55,\N,\N,42,7,1:40.582,195.100,+1 Lap
8113,374,344,123,88,20,21,21,21,0,55,\N,\N,42,18,1:42.009,192.371,+1 Lap
8114,374,576,170,30,19,22,22,22,0,55,\N,\N,26,20,1:42.232,191.951,+1 Lap
8115,375,656,140,6,1,1,1,1,25,53,1:32:41.997,5561997,52,1,1:39.094,212.452,Finished
8116,375,335,140,44,10,2,2,2,18,53,+25.022,5587019,36,4,1:40.266,209.969,Finished
8117,375,669,73,7,3,3,3,3,15,53,+31.998,5593995,47,3,1:40.101,210.315,Finished
8118,375,102,212,77,2,4,4,4,12,53,+50.217,5612214,37,6,1:41.159,208.115,Finished
8119,375,500,212,19,4,5,5,5,10,53,+1:14.427,5636424,52,2,1:39.743,211.070,Finished
8120,375,17,135,14,14,6,6,6,8,52,\N,\N,52,5,1:40.347,209.799,+1 Lap
8121,375,483,170,20,17,7,7,7,6,52,\N,\N,50,9,1:41.832,206.740,+1 Lap
8122,375,319,83,8,15,8,8,8,4,52,\N,\N,51,12,1:42.026,206.347,+1 Lap
8123,375,622,77,11,6,9,9,9,2,52,\N,\N,47,10,1:41.897,206.608,+1 Lap
8124,375,138,135,22,12,10,10,10,1,52,\N,\N,50,8,1:41.720,206.968,+1 Lap
8125,375,642,169,3,5,11,11,11,0,52,\N,\N,46,7,1:41.179,208.074,+1 Lap
8126,375,672,200,55,11,12,12,12,0,52,\N,\N,41,15,1:42.205,205.986,+1 Lap
8127,375,576,170,30,18,13,13,13,0,52,\N,\N,37,19,1:42.660,205.073,+1 Lap
8128,375,234,172,9,22,14,14,14,0,52,\N,\N,45,14,1:42.050,206.298,+1 Lap
8129,375,425,169,26,8,15,15,15,0,52,\N,\N,44,17,1:42.344,205.706,+1 Lap
8130,375,548,172,12,19,16,16,16,0,52,\N,\N,50,16,1:42.253,205.889,+1 Lap
8131,375,327,83,21,16,17,17,17,0,52,\N,\N,52,18,1:42.378,205.637,+1 Lap
8132,375,812,123,94,20,18,18,18,0,51,\N,\N,43,11,1:41.907,206.588,+2 Laps
8133,375,792,200,33,9,19,R,19,0,33,\N,\N,32,13,1:42.029,206.341,Power Unit
8134,375,794,73,5,7,20,R,20,0,0,\N,\N,\N,\N,\N,\N,Collision
8135,375,377,77,27,13,21,R,21,0,0,\N,\N,\N,\N,\N,\N,Collision
8136,375,344,123,88,21,22,R,22,0,0,\N,\N,\N,\N,\N,\N,Collision
8137,376,792,169,33,4,1,1,1,25,66,1:41:40.017,6100017,36,6,1:28.816,188.682,Finished
8138,376,669,73,7,5,2,2,2,18,66,+0.616,6100633,38,4,1:28.538,189.274,Finished
8139,376,794,73,5,6,3,3,3,15,66,+5.581,6105598,39,2,1:27.974,190.488,Finished
8140,376,642,169,3,3,4,4,4,12,66,+43.950,6143967,46,3,1:28.209,189.980,Finished
8141,376,102,212,77,7,5,5,5,10,66,+45.271,6145288,60,8,1:29.081,188.120,Finished
8142,376,672,200,55,8,6,6,6,8,66,+1:01.395,6161412,42,11,1:29.663,186.899,Finished
8143,376,622,77,11,9,7,7,7,6,66,+1:19.538,6179555,37,15,1:29.801,186.612,Finished
8144,376,500,212,19,18,8,8,8,4,66,+1:20.707,6180724,43,9,1:29.238,187.789,Finished
8145,376,138,135,22,12,9,9,9,2,65,\N,\N,39,18,1:30.260,185.663,+1 Lap
8146,376,425,200,26,13,10,10,10,1,65,\N,\N,53,1,1:26.948,192.735,+1 Lap
8147,376,327,83,21,16,11,11,11,0,65,\N,\N,34,17,1:30.139,185.912,+1 Lap
8148,376,234,172,9,19,12,12,12,0,65,\N,\N,42,12,1:29.715,186.791,+1 Lap
8149,376,576,170,30,17,13,13,13,0,65,\N,\N,35,14,1:29.779,186.658,+1 Lap
8150,376,483,170,20,15,14,14,14,0,65,\N,\N,57,5,1:28.716,188.894,+1 Lap
8151,376,548,172,12,20,15,15,15,0,65,\N,\N,38,16,1:29.905,186.396,+1 Lap
8152,376,812,123,94,21,16,16,16,0,65,\N,\N,37,19,1:31.182,183.786,+1 Lap
8153,376,344,123,88,22,17,17,17,0,65,\N,\N,52,10,1:29.402,187.445,+1 Lap
8154,376,319,83,8,14,18,R,18,0,56,\N,\N,41,7,1:28.974,188.347,Engine
8155,376,17,135,14,10,19,R,19,0,45,\N,\N,41,13,1:29.750,186.718,Engine
8156,376,377,77,27,11,20,R,20,0,20,\N,\N,8,20,1:31.810,182.529,Engine
8157,376,335,140,44,1,21,R,21,0,0,\N,\N,\N,\N,\N,\N,Collision
8158,376,656,140,6,2,22,R,22,0,0,\N,\N,\N,\N,\N,\N,Collision
8159,377,335,140,44,3,1,1,1,25,78,1:59:29.133,7169133,71,1,1:17.939,154.135,Finished
8160,377,642,169,3,1,2,2,2,18,78,+7.252,7176385,67,3,1:18.294,153.437,Finished
8161,377,622,77,11,7,3,3,3,15,78,+13.825,7182958,64,4,1:18.446,153.139,Finished
8162,377,794,73,5,4,4,4,4,12,78,+15.846,7184979,62,2,1:18.005,154.005,Finished
8163,377,17,135,14,9,5,5,5,10,78,+1:25.076,7254209,72,8,1:19.170,151.739,Finished
8164,377,377,77,27,5,6,6,6,8,78,+1:32.999,7262132,74,11,1:19.232,151.620,Finished
8165,377,656,140,6,2,7,7,7,6,78,+1:33.290,7262423,74,6,1:18.763,152.523,Finished
8166,377,672,200,55,6,8,8,8,4,77,\N,\N,70,5,1:18.519,152.997,+1 Lap
8167,377,138,135,22,13,9,9,9,2,77,\N,\N,66,12,1:19.670,150.786,+1 Lap
8168,377,500,212,19,14,10,10,10,1,77,\N,\N,69,9,1:19.213,151.656,+1 Lap
8169,377,327,83,21,12,11,11,11,0,77,\N,\N,69,7,1:19.131,151.814,+1 Lap
8170,377,102,212,77,10,12,12,12,0,77,\N,\N,66,10,1:19.223,151.637,+1 Lap
8171,377,319,83,8,15,13,13,13,0,76,\N,\N,65,14,1:20.219,149.755,+2 Laps
8172,377,812,123,94,20,14,14,14,0,76,\N,\N,60,15,1:20.372,149.469,+2 Laps
8173,377,344,123,88,19,15,15,15,0,74,\N,\N,70,13,1:19.868,150.413,+4 Laps
8174,377,234,172,9,17,16,R,16,0,51,\N,\N,51,16,1:21.342,147.687,Collision
8175,377,548,172,12,0,17,R,17,0,48,\N,\N,46,17,1:21.889,146.701,Retired
8176,377,792,169,33,0,18,R,18,0,34,\N,\N,34,18,1:26.563,138.779,Accident
8177,377,483,170,20,16,19,R,19,0,32,\N,\N,27,19,1:29.802,133.774,Retired
8178,377,425,200,26,8,20,R,20,0,18,\N,\N,14,20,1:37.895,122.715,Accident
8179,377,669,73,7,11,21,R,21,0,10,\N,\N,10,21,1:47.149,112.116,Accident
8180,377,576,170,30,18,22,R,22,0,7,\N,\N,2,22,1:58.474,101.399,Accident
8181,378,335,140,44,1,1,1,1,25,70,1:31:05.296,5465296,68,2,1:15.981,206.625,Finished
8182,378,794,73,5,3,2,2,2,18,70,+5.011,5470307,70,3,1:16.297,205.769,Finished
8183,378,102,212,77,7,3,3,3,15,70,+46.422,5511718,68,10,1:16.938,204.055,Finished
8184,378,792,169,33,5,4,4,4,12,70,+53.020,5518316,49,4,1:16.319,205.710,Finished
8185,378,656,140,6,2,5,5,5,10,70,+1:02.093,5527389,60,1,1:15.599,207.669,Finished
8186,378,669,73,7,6,6,6,6,8,70,+1:03.017,5528313,44,9,1:16.919,204.105,Finished
8187,378,642,169,3,4,7,7,7,6,70,+1:03.634,5528930,51,5,1:16.506,205.207,Finished
8188,378,377,77,27,9,8,8,8,4,69,\N,\N,68,8,1:16.604,204.944,+1 Lap
8189,378,672,200,55,20,9,9,9,2,69,\N,\N,54,7,1:16.578,205.014,+1 Lap
8190,378,622,77,11,11,10,10,10,1,69,\N,\N,54,6,1:16.559,205.065,+1 Lap
8191,378,17,135,14,10,11,11,11,0,69,\N,\N,67,13,1:17.307,203.081,+1 Lap
8192,378,425,200,26,15,12,12,12,0,69,\N,\N,50,11,1:16.942,204.044,+1 Lap
8193,378,327,83,21,13,13,13,13,0,68,\N,\N,48,15,1:17.728,201.981,+2 Laps
8194,378,319,83,8,14,14,14,14,0,68,\N,\N,50,12,1:17.281,203.149,+2 Laps
8195,378,234,172,9,21,15,15,15,0,68,\N,\N,63,17,1:18.100,201.019,+2 Laps
8196,378,483,170,20,22,16,16,16,0,68,\N,\N,42,18,1:18.224,200.700,+2 Laps
8197,378,812,123,94,17,17,17,17,0,68,\N,\N,48,19,1:18.282,200.551,+2 Laps
8198,378,548,172,12,18,18,18,18,0,68,\N,\N,66,16,1:17.883,201.579,+2 Laps
8199,378,344,123,88,19,19,19,19,0,68,\N,\N,57,20,1:18.658,199.593,+2 Laps
8200,378,500,212,19,8,20,R,20,0,35,\N,\N,32,14,1:17.424,202.774,Retired
8201,378,576,170,30,16,21,R,21,0,16,\N,\N,6,22,1:19.879,196.542,Retired
8202,378,138,135,22,12,22,R,22,0,9,\N,\N,5,21,1:19.456,197.588,Power Unit
8203,379,656,140,6,1,1,1,1,25,51,1:32:52.366,5572366,48,1,1:46.485,202.946,Finished
8204,379,794,73,5,3,2,2,2,18,51,+16.696,5589062,49,5,1:47.028,201.917,Finished
8205,379,622,77,11,7,3,3,3,15,51,+25.241,5597607,45,4,1:46.990,201.988,Finished
8206,379,669,73,7,4,4,4,4,12,51,+33.102,5605468,41,6,1:47.181,201.629,Finished
8207,379,335,140,44,10,5,5,5,10,51,+56.335,5628701,42,2,1:46.822,202.306,Finished
8208,379,102,212,77,8,6,6,6,8,51,+1:00.886,5633252,50,9,1:47.604,200.836,Finished
8209,379,642,169,3,2,7,7,7,6,51,+1:09.229,5641595,51,12,1:47.736,200.590,Finished
8210,379,792,169,33,9,8,8,8,4,51,+1:10.696,5643062,50,3,1:46.973,202.021,Finished
8211,379,377,77,27,12,9,9,9,2,51,+1:17.708,5650074,37,15,1:48.012,200.077,Finished
8212,379,500,212,19,5,10,10,10,1,51,+1:25.375,5657741,35,13,1:47.761,200.543,Finished
8213,379,138,135,22,19,11,11,11,0,51,+1:44.817,5677183,50,10,1:47.622,200.802,Finished
8214,379,548,172,12,15,12,12,12,0,50,\N,\N,48,11,1:47.708,200.642,+1 Lap
8215,379,319,83,8,11,13,13,13,0,50,\N,\N,48,14,1:47.943,200.205,+1 Lap
8216,379,483,170,20,22,14,14,14,0,50,\N,\N,41,19,1:49.282,197.752,+1 Lap
8217,379,576,170,30,21,15,15,15,0,50,\N,\N,48,8,1:47.583,200.875,+1 Lap
8218,379,327,83,21,14,16,16,16,0,50,\N,\N,50,7,1:47.563,200.912,+1 Lap
8219,379,234,172,9,20,17,17,17,0,50,\N,\N,48,17,1:48.898,198.449,+1 Lap
8220,379,344,123,88,16,18,18,18,0,49,\N,\N,27,21,1:51.365,194.053,+2 Laps
8221,379,17,135,14,13,19,R,19,0,42,\N,\N,27,18,1:49.101,198.080,Gearbox
8222,379,812,123,94,17,20,R,20,0,39,\N,\N,33,20,1:50.571,195.447,Brakes
8223,379,672,200,55,18,21,R,21,0,31,\N,\N,31,16,1:48.804,198.621,Suspension
8224,379,425,200,26,6,22,R,22,0,6,\N,\N,2,22,1:53.167,190.963,Suspension
8225,380,335,140,44,1,1,1,1,25,71,1:27:38.107,5258107,67,1,1:08.411,227.647,Finished
8226,380,792,169,33,8,2,2,2,18,71,+5.719,5263826,69,5,1:09.618,223.700,Finished
8227,380,669,73,7,4,3,3,3,15,71,+6.024,5264131,66,4,1:08.876,226.110,Finished
8228,380,656,140,6,6,4,4,4,12,71,+16.710,5274817,66,2,1:08.491,227.381,Finished
8229,380,642,169,3,5,5,5,5,10,71,+30.981,5289088,66,3,1:08.770,226.459,Finished
8230,380,138,135,22,3,6,6,6,8,71,+37.706,5295813,70,9,1:10.001,222.476,Finished
8231,380,319,83,8,13,7,7,7,6,71,+44.668,5302775,67,8,1:09.925,222.718,Finished
8232,380,672,200,55,15,8,8,8,4,71,+47.400,5305507,68,11,1:10.138,222.042,Finished
8233,380,102,212,77,7,9,9,9,2,70,\N,\N,55,12,1:10.210,221.814,+1 Lap
8234,380,812,123,94,12,10,10,10,1,70,\N,\N,67,19,1:10.859,219.782,+1 Lap
8235,380,327,83,21,11,11,11,11,0,70,\N,\N,55,6,1:09.694,223.456,+1 Lap
8236,380,576,170,30,19,12,12,12,0,70,\N,\N,53,13,1:10.228,221.757,+1 Lap
8237,380,548,172,12,21,13,13,13,0,70,\N,\N,46,16,1:10.415,221.168,+1 Lap
8238,380,483,170,20,17,14,14,14,0,70,\N,\N,56,17,1:10.450,221.058,+1 Lap
8239,380,234,172,9,18,15,15,15,0,70,\N,\N,58,18,1:10.704,220.264,+1 Lap
8240,380,344,123,88,20,16,16,16,0,70,\N,\N,66,15,1:10.342,221.398,+1 Lap
8241,380,622,77,11,16,17,17,17,0,69,\N,\N,66,10,1:10.120,222.099,Brakes
8242,380,17,135,14,14,18,18,18,0,64,\N,\N,44,20,1:11.020,219.284,Battery
8243,380,377,77,27,2,19,19,19,0,64,\N,\N,53,14,1:10.309,221.502,Brakes
8244,380,500,212,19,0,20,20,20,0,63,\N,\N,59,7,1:09.899,222.801,Brakes
8245,380,794,73,5,9,21,R,21,0,26,\N,\N,10,21,1:11.441,217.992,Tyre
8246,380,425,200,26,0,22,R,22,0,2,\N,\N,2,22,1:18.302,198.891,Retired
8247,381,335,140,44,1,1,1,1,25,52,1:34:55.831,5695831,45,3,1:35.771,221.440,Finished
8248,381,792,169,33,3,2,2,2,18,52,+8.250,5704081,41,6,1:36.407,219.979,Finished
8249,381,656,140,6,2,3,3,3,15,52,+16.911,5712742,44,1,1:35.548,221.957,Finished
8250,381,642,169,3,4,4,4,4,12,52,+26.211,5722042,52,4,1:36.013,220.882,Finished
8251,381,669,73,7,5,5,5,5,10,52,+1:09.743,5765574,39,8,1:36.994,218.648,Finished
8252,381,622,77,11,10,6,6,6,8,52,+1:16.941,5772772,35,15,1:37.900,216.625,Finished
8253,381,377,77,27,8,7,7,7,6,52,+1:17.712,5773543,51,11,1:37.618,217.250,Finished
8254,381,672,200,55,7,8,8,8,4,52,+1:25.858,5781689,43,10,1:37.401,217.734,Finished
8255,381,794,73,5,11,9,9,9,2,52,+1:31.654,5787485,44,7,1:36.933,218.786,Finished
8256,381,425,200,26,15,10,10,10,1,52,+1:32.600,5788431,35,13,1:37.667,217.141,Finished
8257,381,500,212,19,12,11,11,11,0,51,\N,\N,40,5,1:36.141,220.588,+1 Lap
8258,381,138,135,22,17,12,12,12,0,51,\N,\N,36,16,1:37.907,216.609,+1 Lap
8259,381,17,135,14,9,13,13,13,0,51,\N,\N,43,2,1:35.669,221.676,+1 Lap
8260,381,102,212,77,6,14,14,14,0,51,\N,\N,45,9,1:37.383,217.775,+1 Lap
8261,381,548,172,12,21,15,15,15,0,51,\N,\N,43,17,1:38.710,214.847,+1 Lap
8262,381,327,83,21,14,16,16,16,0,51,\N,\N,44,14,1:37.713,217.039,+1 Lap
8263,381,483,170,20,16,17,17,17,0,49,\N,\N,43,12,1:37.619,217.248,Gearbox
8264,381,576,170,30,18,18,R,18,0,37,\N,\N,36,18,1:39.755,212.596,Gearbox
8265,381,344,123,88,19,19,R,19,0,24,\N,\N,23,19,1:41.380,209.189,Spun off
8266,381,319,83,8,13,20,R,20,0,17,\N,\N,14,20,1:55.507,183.604,Retired
8267,381,234,172,9,22,21,R,21,0,11,\N,\N,9,21,2:00.286,176.309,Power Unit
8268,381,812,123,94,20,22,R,22,0,6,\N,\N,4,22,2:48.804,125.634,Spun off
8269,382,335,140,44,2,1,1,1,25,70,1:40:30.115,6030115,69,3,1:23.849,188.095,Finished
8270,382,656,140,6,1,2,2,2,18,70,+1.977,6032092,60,2,1:23.670,188.497,Finished
8271,382,642,169,3,3,3,3,3,15,70,+27.539,6057654,60,5,1:24.608,186.407,Finished
8272,382,794,73,5,5,4,4,4,12,70,+28.213,6058328,59,4,1:24.383,186.904,Finished
8273,382,792,169,33,4,5,5,5,10,70,+48.659,6078774,40,7,1:24.687,186.234,Finished
8274,382,669,73,7,14,6,6,6,8,70,+49.044,6079159,52,1,1:23.086,189.822,Finished
8275,382,17,135,14,7,7,7,7,6,69,\N,\N,62,8,1:24.958,185.639,+1 Lap
8276,382,672,200,55,6,8,8,8,4,69,\N,\N,67,10,1:25.103,185.323,+1 Lap
8277,382,102,212,77,10,9,9,9,2,69,\N,\N,59,11,1:25.273,184.954,+1 Lap
8278,382,377,77,27,9,10,10,10,1,69,\N,\N,69,13,1:25.392,184.696,+1 Lap
8279,382,622,77,11,13,11,11,11,0,69,\N,\N,65,9,1:25.021,185.502,+1 Lap
8280,382,576,170,30,17,12,12,12,0,69,\N,\N,41,16,1:25.743,183.940,+1 Lap
8281,382,327,83,21,15,13,13,13,0,69,\N,\N,39,17,1:25.955,183.486,+1 Lap
8282,382,319,83,8,11,14,14,14,0,69,\N,\N,56,18,1:25.958,183.480,+1 Lap
8283,382,483,170,20,19,15,15,15,0,69,\N,\N,39,19,1:26.230,182.901,+1 Lap
8284,382,425,200,26,12,16,16,16,0,69,\N,\N,48,6,1:24.669,186.273,+1 Lap
8285,382,548,172,12,16,17,17,17,0,69,\N,\N,66,15,1:25.676,184.084,+1 Lap
8286,382,500,212,19,18,18,18,18,0,68,\N,\N,68,12,1:25.296,184.904,+2 Laps
8287,382,812,123,94,20,19,19,19,0,68,\N,\N,47,20,1:26.524,182.280,+2 Laps
8288,382,234,172,9,22,20,20,20,0,68,\N,\N,47,14,1:25.475,184.517,+2 Laps
8289,382,344,123,88,21,21,21,21,0,68,\N,\N,64,22,1:27.791,179.649,+2 Laps
8290,382,138,135,22,8,22,R,22,0,60,\N,\N,9,21,1:26.744,181.817,Oil leak
8291,383,335,140,44,2,1,1,1,25,67,1:30:44.200,5444200,52,3,1:18.746,209.107,Finished
8292,383,642,169,3,3,2,2,2,18,67,+6.996,5451196,48,1,1:18.442,209.918,Finished
8293,383,792,169,33,4,3,3,3,15,67,+13.413,5457613,47,4,1:18.910,208.673,Finished
8294,383,656,140,6,1,4,4,4,12,67,+15.845,5460045,51,5,1:19.122,208.114,Finished
8295,383,794,73,5,6,5,5,5,10,67,+32.570,5476770,48,2,1:18.710,209.203,Finished
8296,383,669,73,7,5,6,6,6,8,67,+37.023,5481223,36,6,1:19.572,206.937,Finished
8297,383,377,77,27,8,7,7,7,6,67,+1:10.049,5514249,46,12,1:20.056,205.686,Finished
8298,383,138,135,22,12,8,8,8,4,66,\N,\N,48,9,1:19.781,206.395,+1 Lap
8299,383,102,212,77,7,9,9,9,2,66,\N,\N,36,15,1:20.442,204.699,+1 Lap
8300,383,622,77,11,9,10,10,10,1,66,\N,\N,46,8,1:19.606,206.848,+1 Lap
8301,383,327,83,21,11,11,11,11,0,66,\N,\N,56,10,1:19.883,206.131,+1 Lap
8302,383,17,135,14,13,12,12,12,0,66,\N,\N,50,13,1:20.132,205.490,+1 Lap
8303,383,319,83,8,20,13,13,13,0,66,\N,\N,58,14,1:20.250,205.188,+1 Lap
8304,383,672,200,55,15,14,14,14,0,66,\N,\N,54,11,1:19.957,205.940,+1 Lap
8305,383,425,200,26,18,15,15,15,0,66,\N,\N,51,7,1:19.585,206.903,+1 Lap
8306,383,483,170,20,16,16,16,16,0,66,\N,\N,42,21,1:21.649,201.673,+1 Lap
8307,383,812,123,94,17,17,17,17,0,65,\N,\N,49,16,1:20.710,204.019,+2 Laps
8308,383,234,172,9,22,18,18,18,0,65,\N,\N,35,18,1:21.212,202.758,+2 Laps
8309,383,576,170,30,14,19,19,19,0,65,\N,\N,55,17,1:21.127,202.970,+2 Laps
8310,383,344,123,88,19,20,20,20,0,65,\N,\N,56,22,1:21.845,201.190,+2 Laps
8311,383,548,172,12,21,21,R,21,0,57,\N,\N,45,19,1:21.420,202.240,Power Unit
8312,383,500,212,19,10,22,R,22,0,36,\N,\N,31,20,1:21.476,202.101,Suspension
8313,384,656,140,6,1,1,1,1,25,44,1:44:51.058,6291058,11,2,1:51.746,225.640,Finished
8314,384,642,169,3,5,2,2,2,18,44,+14.113,6305171,11,4,1:52.461,224.205,Finished
8315,384,335,140,44,21,3,3,3,15,44,+27.634,6318692,40,1,1:51.583,225.969,Finished
8316,384,377,77,27,7,4,4,4,12,44,+35.907,6326965,41,10,1:53.530,222.094,Finished
8317,384,622,77,11,6,5,5,5,10,44,+40.660,6331718,34,8,1:53.414,222.321,Finished
8318,384,794,73,5,4,6,6,6,8,44,+45.394,6336452,35,5,1:52.728,223.674,Finished
8319,384,17,135,14,22,7,7,7,6,44,+59.445,6350503,43,15,1:54.484,220.243,Finished
8320,384,102,212,77,8,8,8,8,4,44,+1:00.151,6351209,31,12,1:54.120,220.946,Finished
8321,384,669,73,7,3,9,9,9,2,44,+1:01.109,6352167,27,9,1:53.498,222.157,Finished
8322,384,500,212,19,10,10,10,10,1,44,+1:05.873,6356931,25,14,1:54.342,220.517,Finished
8323,384,792,169,33,2,11,11,11,0,44,+1:11.138,6362196,32,7,1:53.281,222.582,Finished
8324,384,327,83,21,18,12,12,12,0,44,+1:13.877,6364935,26,13,1:54.335,220.530,Finished
8325,384,319,83,8,11,13,13,13,0,44,+1:16.474,6367532,25,11,1:53.803,221.561,Finished
8326,384,425,200,26,19,14,14,14,0,44,+1:27.097,6378155,37,3,1:52.081,224.965,Finished
8327,384,576,170,30,13,15,15,15,0,44,+1:33.165,6384223,41,6,1:53.251,222.641,Finished
8328,384,566,123,31,17,16,16,16,0,43,\N,\N,26,16,1:55.734,217.865,+1 Lap
8329,384,548,172,12,16,17,17,17,0,43,\N,\N,31,17,1:56.152,217.081,+1 Lap
8330,384,483,170,20,12,18,R,18,0,5,\N,\N,4,18,1:56.588,216.269,Accident
8331,384,234,172,9,20,19,R,19,0,3,\N,\N,2,19,2:15.255,186.421,Gearbox
8332,384,672,200,55,14,20,R,20,0,1,\N,\N,\N,\N,\N,\N,Puncture
8333,384,138,135,22,9,21,R,21,0,1,\N,\N,\N,\N,\N,\N,Collision damage
8334,384,812,123,94,15,22,R,22,0,0,\N,\N,\N,\N,\N,\N,Collision damage
8335,385,656,140,6,2,1,1,1,25,53,1:17:28.089,4648089,26,9,1:26.599,240.820,Finished
8336,385,335,140,44,1,2,2,2,18,53,+15.070,4663159,27,4,1:26.303,241.646,Finished
8337,385,794,73,5,3,3,3,3,15,53,+20.990,4669079,48,5,1:26.310,241.626,Finished
8338,385,669,73,7,4,4,4,4,12,53,+27.561,4675650,50,3,1:26.016,242.452,Finished
8339,385,642,169,3,6,5,5,5,10,53,+45.295,4693384,52,2,1:25.919,242.726,Finished
8340,385,102,212,77,5,6,6,6,8,53,+51.015,4699104,46,10,1:26.708,240.517,Finished
8341,385,792,169,33,7,7,7,7,6,53,+54.236,4702325,50,8,1:26.405,241.361,Finished
8342,385,622,77,11,8,8,8,8,4,53,+1:04.954,4713043,40,12,1:26.920,239.930,Finished
8343,385,500,212,19,11,9,9,9,2,53,+1:05.617,4713706,50,7,1:26.400,241.375,Finished
8344,385,377,77,27,9,10,10,10,1,53,+1:18.656,4726745,40,13,1:26.954,239.837,Finished
8345,385,319,83,8,17,11,11,11,0,52,\N,\N,50,15,1:27.227,239.086,+1 Lap
8346,385,138,135,22,14,12,12,12,0,52,\N,\N,40,6,1:26.354,241.503,+1 Lap
8347,385,327,83,21,10,13,13,13,0,52,\N,\N,42,14,1:27.106,239.418,+1 Lap
8348,385,17,135,14,12,14,14,14,0,52,\N,\N,51,1,1:25.340,244.373,+1 Lap
8349,385,672,200,55,15,15,15,15,0,52,\N,\N,41,11,1:26.751,240.398,+1 Lap
8350,385,234,172,9,19,16,16,16,0,52,\N,\N,37,19,1:28.552,235.509,+1 Lap
8351,385,483,170,20,21,17,17,17,0,52,\N,\N,52,16,1:27.618,238.019,+1 Lap
8352,385,566,123,31,22,18,18,18,0,51,\N,\N,51,18,1:28.534,235.556,+2 Laps
8353,385,425,200,26,16,19,R,19,0,36,\N,\N,35,17,1:28.037,236.886,Battery
8354,385,812,123,94,13,20,R,20,0,26,\N,\N,18,20,1:28.723,235.055,Oil leak
8355,385,576,170,30,20,21,R,21,0,7,\N,\N,4,21,1:31.361,228.268,Collision damage
8356,385,548,172,12,18,22,R,22,0,6,\N,\N,\N,\N,\N,\N,Collision damage
8357,386,656,140,6,1,1,1,1,25,61,1:55:48.950,6948950,38,6,1:50.296,165.318,Finished
8358,386,642,169,3,2,2,2,2,18,61,+0.488,6949438,49,1,1:47.187,170.113,Finished
8359,386,335,140,44,3,3,3,3,15,61,+8.038,6956988,52,3,1:47.752,169.221,Finished
8360,386,669,73,7,5,4,4,4,12,61,+10.219,6959169,51,4,1:48.204,168.515,Finished
8361,386,794,73,5,22,5,5,5,10,61,+27.694,6976644,45,2,1:47.345,169.863,Finished
8362,386,792,169,33,4,6,6,6,8,61,+1:11.197,7020147,46,5,1:49.050,167.207,Finished
8363,386,17,135,14,9,7,7,7,6,61,+1:29.198,7038148,49,12,1:51.249,163.902,Finished
8364,386,622,77,11,17,8,8,8,4,61,+1:51.062,7060012,34,15,1:51.517,163.508,Finished
8365,386,425,200,26,7,9,9,9,2,61,+1:51.557,7060507,39,9,1:50.944,164.353,Finished
8366,386,483,170,20,15,10,10,10,1,61,+1:59.952,7068902,44,8,1:50.858,164.480,Finished
8367,386,327,83,21,13,11,11,11,0,60,\N,\N,39,11,1:51.075,164.159,+1 Lap
8368,386,500,212,19,11,12,12,12,0,60,\N,\N,53,14,1:51.455,163.599,+1 Lap
8369,386,548,172,12,16,13,13,13,0,60,\N,\N,41,17,1:51.683,163.265,+1 Lap
8370,386,672,200,55,6,14,14,14,0,60,\N,\N,56,7,1:50.532,164.965,+1 Lap
8371,386,576,170,30,18,15,15,15,0,60,\N,\N,36,19,1:51.777,163.128,+1 Lap
8372,386,812,123,94,19,16,16,16,0,60,\N,\N,40,20,1:52.021,162.773,+1 Lap
8373,386,234,172,9,14,17,17,17,0,60,\N,\N,27,10,1:50.963,164.325,+1 Lap
8374,386,566,123,31,21,18,18,18,0,59,\N,\N,47,18,1:51.748,163.170,+2 Laps
8375,386,138,135,22,12,19,R,19,0,43,\N,\N,18,16,1:51.631,163.341,Brakes
8376,386,102,212,77,10,20,R,20,0,35,\N,\N,17,13,1:51.368,163.727,Overheating
8377,386,377,77,27,8,21,R,21,0,0,\N,\N,\N,\N,\N,\N,Collision
8378,386,319,83,8,20,22,W,22,0,0,\N,\N,\N,\N,\N,\N,Withdrew
8379,387,642,169,3,4,1,1,1,25,56,1:37:12.776,5832776,44,3,1:37.449,204.771,Finished
8380,387,792,169,33,3,2,2,2,18,56,+2.443,5835219,44,2,1:37.376,204.925,Finished
8381,387,656,140,6,2,3,3,3,15,56,+25.516,5858292,44,1,1:36.424,206.948,Finished
8382,387,669,73,7,6,4,4,4,12,56,+28.785,5861561,47,4,1:37.466,204.736,Finished
8383,387,102,212,77,11,5,5,5,10,56,+1:01.582,5894358,53,9,1:39.199,201.159,Finished
8384,387,622,77,11,7,6,6,6,8,56,+1:03.794,5896570,51,11,1:39.328,200.898,Finished
8385,387,17,135,14,22,7,7,7,6,56,+1:05.205,5897981,44,6,1:38.291,203.017,Finished
8386,387,377,77,27,8,8,8,8,4,56,+1:14.062,5906838,43,5,1:37.793,204.051,Finished
8387,387,138,135,22,9,9,9,9,2,56,+1:21.816,5914592,51,8,1:38.740,202.094,Finished
8388,387,576,170,30,19,10,10,10,1,56,+1:35.466,5928242,53,12,1:39.350,200.853,Finished
8389,387,672,200,55,16,11,11,11,0,56,+1:38.878,5931654,44,10,1:39.243,201.070,Finished
8390,387,234,172,9,17,12,12,12,0,55,\N,\N,55,14,1:39.781,199.985,+1 Lap
8391,387,500,212,19,10,13,13,13,0,55,\N,\N,53,16,1:39.920,199.707,+1 Lap
8392,387,425,200,26,15,14,14,14,0,55,\N,\N,43,15,1:39.798,199.951,+1 Lap
8393,387,812,123,94,21,15,15,15,0,55,\N,\N,55,13,1:39.653,200.242,+1 Lap
8394,387,566,123,31,20,16,16,16,0,55,\N,\N,45,18,1:41.467,196.662,+1 Lap
8395,387,548,172,12,18,17,R,17,0,46,\N,\N,43,17,1:40.490,198.574,Brakes
8396,387,335,140,44,1,18,R,18,0,40,\N,\N,31,7,1:38.595,202.391,Engine
8397,387,327,83,21,13,19,R,19,0,39,\N,\N,37,19,1:41.775,196.067,Wheel nut
8398,387,483,170,20,14,20,R,20,0,17,\N,\N,3,21,1:43.379,193.025,Power loss
8399,387,319,83,8,12,21,R,21,0,7,\N,\N,7,20,1:42.142,195.363,Brakes
8400,387,794,73,5,5,22,R,22,0,0,\N,\N,\N,\N,\N,\N,Collision
8401,388,656,140,6,1,1,1,1,25,53,1:26:43.333,5203333,31,5,1:36.049,217.651,Finished
8402,388,792,169,33,3,2,2,2,18,53,+4.978,5208311,43,6,1:36.386,216.890,Finished
8403,388,335,140,44,2,3,3,3,15,53,+5.776,5209109,36,2,1:35.152,219.703,Finished
8404,388,794,73,5,6,4,4,4,12,53,+20.269,5223602,36,1,1:35.118,219.781,Finished
8405,388,669,73,7,8,5,5,5,10,53,+28.370,5231703,33,4,1:35.990,217.785,Finished
8406,388,642,169,3,4,6,6,6,8,53,+33.941,5237274,36,3,1:35.511,218.877,Finished
8407,388,622,77,11,5,7,7,7,6,53,+57.495,5260828,31,7,1:36.756,216.061,Finished
8408,388,377,77,27,9,8,8,8,4,53,+59.177,5262510,39,10,1:37.351,214.740,Finished
8409,388,500,212,19,12,9,9,9,2,53,+1:37.763,5301096,35,14,1:37.785,213.787,Finished
8410,388,102,212,77,11,10,10,10,1,53,+1:38.323,5301656,33,15,1:37.844,213.658,Finished
8411,388,319,83,8,7,11,11,11,0,53,+1:39.254,5302587,32,8,1:37.020,215.473,Finished
8412,388,576,170,30,16,12,12,12,0,52,\N,\N,43,16,1:37.978,213.366,+1 Lap
8413,388,425,200,26,13,13,13,13,0,52,\N,\N,25,11,1:37.597,214.199,+1 Lap
8414,388,483,170,20,17,14,14,14,0,52,\N,\N,27,18,1:38.036,213.240,+1 Lap
8415,388,234,172,9,18,15,15,15,0,52,\N,\N,28,21,1:38.496,212.244,+1 Lap
8416,388,17,135,14,15,16,16,16,0,52,\N,\N,29,19,1:38.208,212.866,+1 Lap
8417,388,672,200,55,14,17,17,17,0,52,\N,\N,41,12,1:37.723,213.923,+1 Lap
8418,388,138,135,22,22,18,18,18,0,52,\N,\N,39,9,1:37.177,215.124,+1 Lap
8419,388,548,172,12,19,19,19,19,0,52,\N,\N,28,22,1:38.544,212.140,+1 Lap
8420,388,327,83,21,10,20,20,20,0,52,\N,\N,30,13,1:37.775,213.809,+1 Lap
8421,388,566,123,31,20,21,21,21,0,52,\N,\N,33,20,1:38.380,212.494,+1 Lap
8422,388,812,123,94,21,22,22,22,0,52,\N,\N,39,17,1:38.000,213.318,+1 Lap
8423,389,335,140,44,1,1,1,1,25,56,1:38:12.618,5892618,45,4,1:42.386,193.842,Finished
8424,389,656,140,6,2,2,2,2,18,56,+4.520,5897138,34,3,1:41.897,194.773,Finished
8425,389,642,169,3,3,3,3,3,15,56,+19.692,5912310,51,7,1:42.555,193.523,Finished
8426,389,794,73,5,6,4,4,4,12,56,+43.134,5935752,55,1,1:39.877,198.712,Finished
8427,389,17,135,14,12,5,5,5,10,56,+1:33.953,5986571,36,10,1:43.502,191.752,Finished
8428,389,672,200,55,10,6,6,6,8,56,+1:36.124,5988742,33,8,1:42.832,193.002,Finished
8429,389,500,212,19,9,7,7,7,6,55,\N,\N,33,9,1:43.414,191.915,+1 Lap
8430,389,622,77,11,11,8,8,8,4,55,\N,\N,33,12,1:43.925,190.972,+1 Lap
8431,389,138,135,22,19,9,9,9,2,55,\N,\N,37,15,1:44.468,189.979,+1 Lap
8432,389,319,83,8,17,10,10,10,1,55,\N,\N,35,14,1:44.335,190.221,+1 Lap
8433,389,425,200,26,13,11,11,11,0,55,\N,\N,45,6,1:42.475,193.674,+1 Lap
8434,389,483,170,20,18,12,12,12,0,55,\N,\N,48,17,1:44.730,189.504,+1 Lap
8435,389,576,170,30,15,13,13,13,0,55,\N,\N,18,16,1:44.724,189.515,+1 Lap
8436,389,234,172,9,16,14,14,14,0,55,\N,\N,19,19,1:45.140,188.765,+1 Lap
8437,389,548,172,12,21,15,15,15,0,55,\N,\N,55,13,1:44.117,190.620,+1 Lap
8438,389,102,212,77,8,16,16,16,0,55,\N,\N,34,18,1:44.977,189.058,+1 Lap
8439,389,812,123,94,20,17,17,17,0,55,\N,\N,36,21,1:45.451,188.208,+1 Lap
8440,389,566,123,31,22,18,18,18,0,54,\N,\N,46,11,1:43.585,191.599,+2 Laps
8441,389,669,73,7,5,19,R,19,0,38,\N,\N,26,2,1:41.841,194.880,Wheel
8442,389,792,169,33,4,20,R,20,0,28,\N,\N,28,5,1:42.424,193.770,Gearbox
8443,389,327,83,21,14,21,R,21,0,16,\N,\N,15,20,1:45.364,188.364,Brakes
8444,389,377,77,27,7,22,R,22,0,1,\N,\N,\N,\N,\N,\N,Collision
8445,390,335,140,44,1,1,1,1,25,71,1:40:31.402,6031402,66,4,1:22.596,187.592,Finished
8446,390,656,140,6,2,2,2,2,18,71,+8.354,6039756,43,5,1:22.792,187.148,Finished
8447,390,642,169,3,4,3,3,3,15,71,+20.858,6052260,53,1,1:21.134,190.972,Finished
8448,390,792,169,33,3,4,4,4,12,71,+21.323,6052725,66,6,1:22.887,186.934,Finished
8449,390,794,73,5,7,5,5,5,10,71,+27.313,6058715,61,2,1:22.497,187.817,Finished
8450,390,669,73,7,6,6,6,6,8,71,+49.376,6080778,47,3,1:22.512,187.783,Finished
8451,390,377,77,27,5,7,7,7,6,71,+58.891,6090293,50,9,1:23.288,186.034,Finished
8452,390,102,212,77,8,8,8,8,4,71,+1:05.612,6097014,65,11,1:23.540,185.472,Finished
8453,390,500,212,19,9,9,9,9,2,71,+1:16.206,6107608,64,12,1:23.576,185.392,Finished
8454,390,622,77,11,12,10,10,10,1,71,+1:16.798,6108200,62,13,1:23.607,185.324,Finished
8455,390,234,172,9,15,11,11,11,0,70,\N,\N,65,18,1:24.340,183.713,+1 Lap
8456,390,138,135,22,13,12,12,12,0,70,\N,\N,70,17,1:23.777,184.948,+1 Lap
8457,390,17,135,14,11,13,13,13,0,70,\N,\N,69,16,1:23.668,185.189,+1 Lap
8458,390,576,170,30,21,14,14,14,0,70,\N,\N,64,20,1:24.574,183.205,+1 Lap
8459,390,548,172,12,19,15,15,15,0,70,\N,\N,58,15,1:23.657,185.213,+1 Lap
8460,390,672,200,55,10,16,16,16,0,70,\N,\N,52,19,1:24.467,183.437,+1 Lap
8461,390,483,170,20,14,17,17,17,0,70,\N,\N,53,7,1:23.146,186.351,+1 Lap
8462,390,425,200,26,18,18,18,18,0,70,\N,\N,59,14,1:23.618,185.299,+1 Lap
8463,390,327,83,21,17,19,19,19,0,70,\N,\N,63,10,1:23.456,185.659,+1 Lap
8464,390,319,83,8,22,20,20,20,0,70,\N,\N,53,8,1:23.278,186.056,+1 Lap
8465,390,566,123,31,20,21,21,21,0,69,\N,\N,43,21,1:24.964,182.364,+2 Laps
8466,390,812,123,94,16,22,R,22,0,0,\N,\N,\N,\N,\N,\N,Collision
8467,391,335,140,44,1,1,1,1,25,71,3:01:01.335,10861335,44,3,1:25.639,181.137,Finished
8468,391,656,140,6,2,2,2,2,18,71,+11.455,10872790,47,6,1:26.222,179.912,Finished
8469,391,792,169,33,4,3,3,3,15,71,+21.481,10882816,67,1,1:25.305,181.846,Finished
8470,391,622,77,11,9,4,4,4,12,71,+25.346,10886681,41,11,1:27.093,178.113,Finished
8471,391,794,73,5,5,5,5,5,10,71,+26.334,10887669,70,5,1:26.195,179.968,Finished
8472,391,672,200,55,15,6,6,6,8,71,+29.160,10890495,38,13,1:27.153,177.990,Finished
8473,391,377,77,27,8,7,7,7,6,71,+29.827,10891162,69,8,1:26.728,178.862,Finished
8474,391,642,169,3,6,8,8,8,4,71,+30.486,10891821,42,2,1:25.532,181.363,Finished
8475,391,548,172,12,21,9,9,9,2,71,+42.620,10903955,70,15,1:27.547,177.189,Finished
8476,391,17,135,14,10,10,10,10,1,71,+44.432,10905767,70,12,1:27.104,178.090,Finished
8477,391,102,212,77,11,11,11,11,0,71,+45.292,10906627,70,4,1:26.062,180.246,Finished
8478,391,566,123,31,22,12,12,12,0,71,+45.809,10907144,47,16,1:27.796,176.686,Finished
8479,391,425,200,26,14,13,13,13,0,71,+51.192,10912527,42,14,1:27.476,177.333,Finished
8480,391,483,170,20,18,14,14,14,0,71,+51.555,10912890,69,7,1:26.524,179.284,Finished
8481,391,812,123,94,19,15,15,15,0,71,+1:00.498,10921833,69,18,1:27.919,176.439,Finished
8482,391,138,135,22,17,16,16,16,0,71,+1:21.994,10943329,38,10,1:26.983,178.338,Finished
8483,391,327,83,21,12,17,R,17,0,60,\N,\N,43,17,1:27.805,176.668,Retired
8484,391,500,212,19,13,18,R,18,0,46,\N,\N,39,9,1:26.767,178.782,Collision
8485,391,576,170,30,16,19,R,19,0,20,\N,\N,11,21,1:34.334,164.441,Collision damage
8486,391,669,73,7,3,20,R,20,0,19,\N,\N,12,19,1:28.847,174.596,Collision
8487,391,234,172,9,20,21,R,21,0,11,\N,\N,11,20,1:31.265,169.970,Collision
8488,391,319,83,8,7,22,W,22,0,0,\N,\N,\N,\N,\N,\N,Withdrew
8489,392,335,140,44,1,1,1,1,25,55,1:38:04.013,5884013,37,5,1:45.137,190.174,Finished
8490,392,656,140,6,2,2,2,2,18,55,+0.439,5884452,33,9,1:45.261,189.950,Finished
8491,392,794,73,5,5,3,3,3,15,55,+0.843,5884856,43,1,1:43.729,192.756,Finished
8492,392,792,169,33,6,4,4,4,12,55,+1.685,5885698,36,7,1:45.187,190.084,Finished
8493,392,642,169,3,3,5,5,5,10,55,+5.315,5889328,29,3,1:44.889,190.624,Finished
8494,392,669,73,7,4,6,6,6,8,55,+18.816,5902829,35,6,1:45.163,190.127,Finished
8495,392,377,77,27,7,7,7,7,6,55,+50.114,5934127,31,13,1:45.949,188.717,Finished
8496,392,622,77,11,8,8,8,8,4,55,+58.776,5942789,30,8,1:45.249,189.972,Finished
8497,392,500,212,19,10,9,9,9,2,55,+59.436,5943449,33,10,1:45.675,189.206,Finished
8498,392,17,135,14,9,10,10,10,1,55,+59.896,5943909,50,2,1:44.495,191.343,Finished
8499,392,319,83,8,14,11,11,11,0,55,+1:16.777,5960790,45,4,1:44.970,190.477,Finished
8500,392,327,83,21,13,12,12,12,0,55,+1:35.113,5979126,45,12,1:45.928,188.754,Finished
8501,392,566,123,31,20,13,13,13,0,54,\N,\N,46,15,1:46.189,188.290,+1 Lap
8502,392,812,123,94,16,14,14,14,0,54,\N,\N,26,14,1:46.145,188.368,+1 Lap
8503,392,234,172,9,22,15,15,15,0,54,\N,\N,40,16,1:46.216,188.242,+1 Lap
8504,392,548,172,12,19,16,16,16,0,54,\N,\N,44,17,1:46.287,188.117,+1 Lap
8505,392,576,170,30,15,17,17,17,0,54,\N,\N,46,11,1:45.715,189.134,+1 Lap
8506,392,672,200,55,21,18,R,18,0,41,\N,\N,30,18,1:46.591,187.580,Collision damage
8507,392,425,200,26,17,19,R,19,0,14,\N,\N,13,21,1:48.752,183.853,Gearbox
8508,392,138,135,22,12,20,R,20,0,12,\N,\N,4,22,1:48.753,183.851,Suspension
8509,392,102,212,77,11,21,R,21,0,6,\N,\N,4,19,1:47.837,185.413,Suspension
8510,392,483,170,20,18,22,R,22,0,5,\N,\N,4,20,1:48.601,184.108,Suspension
8511,393,794,73,5,2,1,1,1,25,57,1:24:11.672,5051672,53,3,1:26.638,220.351,Finished
8512,393,335,140,44,1,2,2,2,18,57,+9.975,5061647,44,6,1:27.033,219.351,Finished
8513,393,102,140,77,3,3,3,3,15,57,+11.250,5062922,56,2,1:26.593,220.465,Finished
8514,393,669,73,7,4,4,4,4,12,57,+22.393,5074065,56,1,1:26.538,220.605,Finished
8515,393,792,169,33,5,5,5,5,10,57,+28.827,5080499,43,5,1:26.964,219.525,Finished
8516,393,500,212,19,7,6,6,6,8,57,+1:23.386,5135058,49,9,1:28.045,216.830,Finished
8517,393,622,77,11,10,7,7,7,6,56,\N,\N,56,10,1:28.336,216.115,+1 Lap
8518,393,672,200,55,8,8,8,8,4,56,\N,\N,53,8,1:27.677,217.740,+1 Lap
8519,393,425,200,26,9,9,9,9,2,56,\N,\N,51,4,1:26.711,220.165,+1 Lap
8520,393,566,77,31,13,10,10,10,1,56,\N,\N,55,11,1:28.475,215.776,+1 Lap
8521,393,377,170,27,11,11,11,11,0,56,\N,\N,55,12,1:28.486,215.749,+1 Lap
8522,393,302,172,36,16,12,12,12,0,55,\N,\N,51,13,1:29.052,214.378,+2 Laps
8523,393,788,135,2,18,13,13,13,0,55,\N,\N,53,15,1:29.440,213.448,+2 Laps
8524,393,17,135,14,12,14,R,14,0,50,\N,\N,48,17,1:30.077,211.938,Vibrations
8525,393,483,83,20,17,15,R,15,0,46,\N,\N,46,7,1:27.568,218.011,Suspension
8526,393,739,212,18,20,16,R,16,0,40,\N,\N,38,14,1:29.389,213.569,Brakes
8527,393,642,169,3,0,17,R,17,0,25,\N,\N,21,16,1:29.447,213.431,Power Unit
8528,393,234,172,9,14,18,R,18,0,21,\N,\N,18,19,1:32.052,207.391,Hydraulics
8529,393,576,170,30,19,19,R,19,0,15,\N,\N,6,20,1:32.195,207.069,Brakes
8530,393,319,83,8,6,20,R,20,0,13,\N,\N,12,18,1:30.183,211.689,Water leak
8531,394,335,140,44,1,1,1,1,25,56,1:37:36.158,5856158,44,1,1:35.378,205.745,Finished
8532,394,794,73,5,2,2,2,2,18,56,+6.250,5862408,40,2,1:35.423,205.648,Finished
8533,394,792,169,33,16,3,3,3,15,56,+45.192,5901350,31,7,1:36.722,202.886,Finished
8534,394,642,169,3,5,4,4,4,12,56,+46.035,5902193,36,8,1:36.791,202.741,Finished
8535,394,669,73,7,4,5,5,5,10,56,+48.076,5904234,42,4,1:36.003,204.406,Finished
8536,394,102,140,77,3,6,6,6,8,56,+48.808,5904966,41,3,1:35.849,204.734,Finished
8537,394,672,200,55,11,7,7,7,6,56,+1:12.893,5929051,30,10,1:37.398,201.478,Finished
8538,394,483,83,20,12,8,8,8,4,55,\N,\N,35,11,1:37.528,201.209,+1 Lap
8539,394,622,77,11,8,9,9,9,2,55,\N,\N,55,6,1:36.531,203.288,+1 Lap
8540,394,566,77,31,17,10,10,10,1,55,\N,\N,55,9,1:37.036,202.230,+1 Lap
8541,394,319,83,8,19,11,11,11,0,55,\N,\N,50,12,1:37.551,201.162,+1 Lap
8542,394,377,170,27,7,12,12,12,0,55,\N,\N,36,13,1:38.015,200.210,+1 Lap
8543,394,576,170,30,20,13,13,13,0,55,\N,\N,47,14,1:38.181,199.871,+1 Lap
8544,394,500,212,19,6,14,14,14,0,55,\N,\N,50,5,1:36.511,203.330,+1 Lap
8545,394,234,172,9,14,15,15,15,0,55,\N,\N,50,16,1:39.732,196.763,+1 Lap
8546,394,17,135,14,13,16,R,16,0,33,\N,\N,31,15,1:39.496,197.230,Driveshaft
8547,394,425,200,26,9,17,R,17,0,18,\N,\N,18,17,1:40.090,196.059,Hydraulics
8548,394,788,135,2,15,18,R,18,0,17,\N,\N,15,18,1:41.460,193.412,Fuel pressure
8549,394,302,172,36,18,19,R,19,0,3,\N,\N,\N,\N,\N,\N,Accident
8550,394,739,212,18,10,20,R,20,0,0,\N,\N,\N,\N,\N,\N,Collision
8551,395,794,73,5,3,1,1,1,25,57,1:33:53.374,5633374,36,4,1:33.826,207.652,Finished
8552,395,335,140,44,2,2,2,2,18,57,+6.660,5640034,46,1,1:32.798,209.952,Finished
8553,395,102,140,77,1,3,3,3,15,57,+20.397,5653771,33,5,1:34.087,207.076,Finished
8554,395,669,73,7,5,4,4,4,12,57,+22.475,5655849,55,3,1:33.720,207.887,Finished
8555,395,642,169,3,4,5,5,5,10,57,+39.346,5672720,42,2,1:33.495,208.387,Finished
8556,395,500,212,19,8,6,6,6,8,57,+54.326,5687700,39,6,1:34.256,206.705,Finished
8557,395,622,77,11,18,7,7,7,6,57,+1:02.606,5695980,39,7,1:34.609,205.933,Finished
8558,395,319,83,8,9,8,8,8,4,57,+1:14.865,5708239,33,8,1:34.948,205.198,Finished
8559,395,377,170,27,7,9,9,9,2,57,+1:20.188,5713562,40,12,1:35.372,204.286,Finished
8560,395,566,77,31,14,10,10,10,1,57,+1:35.711,5729085,39,11,1:35.179,204.700,Finished
8561,395,812,172,94,13,11,11,11,0,56,\N,\N,43,17,1:36.786,201.301,+1 Lap
8562,395,425,200,26,11,12,12,12,0,56,\N,\N,45,9,1:34.985,205.118,+1 Lap
8563,395,576,170,30,10,13,13,13,0,56,\N,\N,43,13,1:35.552,203.901,+1 Lap
8564,395,17,135,14,15,14,14,14,0,54,\N,\N,47,14,1:35.595,203.809,Power Unit
8565,395,234,172,9,19,15,R,15,0,50,\N,\N,35,10,1:35.086,204.900,Gearbox
8566,395,672,200,55,16,16,R,16,0,12,\N,\N,8,18,1:38.026,198.755,Collision
8567,395,739,212,18,12,17,R,17,0,12,\N,\N,10,15,1:36.303,202.311,Collision
8568,395,792,169,33,6,18,R,18,0,11,\N,\N,4,16,1:36.681,201.520,Brakes
8569,395,483,83,20,20,19,R,19,0,8,\N,\N,6,19,1:38.718,197.362,Electrical
8570,395,788,135,2,17,20,R,20,0,0,\N,\N,\N,\N,\N,\N,Power Unit
8571,396,102,140,77,3,1,1,1,25,52,1:28:08.743,5288743,49,3,1:37.367,216.221,Finished
8572,396,794,73,5,1,2,2,2,18,52,+0.617,5289360,49,2,1:37.312,216.343,Finished
8573,396,669,73,7,2,3,3,3,15,52,+11.000,5299743,49,1,1:36.844,217.388,Finished
8574,396,335,140,44,4,4,4,4,12,52,+36.320,5325063,18,6,1:38.398,213.955,Finished
8575,396,792,169,33,7,5,5,5,10,52,+1:00.416,5349159,47,8,1:38.429,213.888,Finished
8576,396,622,77,11,9,6,6,6,8,52,+1:26.788,5375531,51,9,1:38.661,213.385,Finished
8577,396,566,77,31,10,7,7,7,6,52,+1:35.004,5383747,50,10,1:38.745,213.203,Finished
8578,396,377,170,27,8,8,8,8,4,52,+1:36.188,5384931,52,7,1:38.418,213.912,Finished
8579,396,500,212,19,6,9,9,9,2,51,\N,\N,45,4,1:38.232,214.317,+1 Lap
8580,396,672,200,55,14,10,10,10,1,51,\N,\N,51,11,1:38.858,212.960,+1 Lap
8581,396,739,212,18,11,11,11,11,0,51,\N,\N,50,12,1:38.870,212.934,+1 Lap
8582,396,425,200,26,12,12,12,12,0,51,\N,\N,50,5,1:38.300,214.168,+1 Lap
8583,396,483,83,20,13,13,13,13,0,51,\N,\N,40,13,1:39.566,211.445,+1 Lap
8584,396,788,135,2,20,14,14,14,0,51,\N,\N,47,14,1:39.790,210.971,+1 Lap
8585,396,234,172,9,18,15,15,15,0,51,\N,\N,48,15,1:39.835,210.875,+1 Lap
8586,396,812,172,94,17,16,16,16,0,50,\N,\N,37,16,1:40.922,208.604,+2 Laps
8587,396,642,169,3,5,17,R,17,0,5,\N,\N,4,17,1:42.285,205.824,Brakes
8588,396,576,170,30,16,18,R,18,0,0,\N,\N,\N,\N,\N,\N,Collision
8589,396,319,83,8,19,19,R,19,0,0,\N,\N,\N,\N,\N,\N,Collision
8590,396,17,135,14,15,20,W,20,0,0,\N,\N,\N,\N,\N,\N,Power Unit
8591,397,335,140,44,1,1,1,1,25,66,1:35:56.497,5756497,64,1,1:23.593,200.471,Finished
8592,397,794,73,5,2,2,2,2,18,66,+3.490,5759987,43,2,1:23.674,200.277,Finished
8593,397,642,169,3,6,3,3,3,15,66,+1:15.820,5832317,40,3,1:23.686,200.248,Finished
8594,397,622,77,11,8,4,4,4,12,65,\N,\N,51,7,1:25.755,195.417,+1 Lap
8595,397,566,77,31,10,5,5,5,10,65,\N,\N,40,11,1:26.276,194.237,+1 Lap
8596,397,377,170,27,13,6,6,6,8,65,\N,\N,56,15,1:26.703,193.280,+1 Lap
8597,397,672,200,55,12,7,7,7,6,65,\N,\N,61,9,1:26.186,194.439,+1 Lap
8598,397,812,172,94,15,8,8,8,4,65,\N,\N,58,14,1:26.476,193.787,+1 Lap
8599,397,425,200,26,19,9,9,9,2,65,\N,\N,37,8,1:25.976,194.914,+1 Lap
8600,397,319,83,8,14,10,10,10,1,65,\N,\N,50,17,1:26.871,192.906,+1 Lap
8601,397,234,172,9,16,11,11,11,0,64,\N,\N,60,10,1:26.213,194.379,+2 Laps
8602,397,17,135,14,7,12,12,12,0,64,\N,\N,64,4,1:23.894,199.752,+2 Laps
8603,397,500,212,19,9,13,13,13,0,64,\N,\N,64,13,1:26.472,193.796,+2 Laps
8604,397,483,83,20,11,14,14,14,0,64,\N,\N,15,12,1:26.371,194.023,+2 Laps
8605,397,576,170,30,17,15,15,15,0,64,\N,\N,44,6,1:24.843,197.517,+2 Laps
8606,397,739,212,18,18,16,16,16,0,64,\N,\N,50,16,1:26.838,192.980,+2 Laps
8607,397,102,140,77,3,17,R,17,0,38,\N,\N,28,5,1:24.696,197.860,Power Unit
8608,397,788,135,2,20,18,R,18,0,32,\N,\N,14,18,1:27.554,191.401,Collision
8609,397,792,169,33,5,19,R,19,0,1,\N,\N,\N,\N,\N,\N,Collision damage
8610,397,669,73,7,4,20,R,20,0,0,\N,\N,\N,\N,\N,\N,Collision damage
8611,398,794,73,5,2,1,1,1,25,78,1:44:44.340,6284340,38,2,1:15.238,159.669,Finished
8612,398,669,73,7,1,2,2,2,18,78,+3.145,6287485,39,3,1:15.527,159.058,Finished
8613,398,642,169,3,5,3,3,3,15,78,+3.745,6288085,51,4,1:15.756,158.577,Finished
8614,398,102,140,77,3,4,4,4,12,78,+5.517,6289857,22,9,1:16.439,157.160,Finished
8615,398,792,169,33,4,5,5,5,10,78,+6.199,6290539,56,8,1:16.329,157.387,Finished
8616,398,672,200,55,6,6,6,6,8,78,+12.038,6296378,39,14,1:16.649,156.730,Finished
8617,398,335,140,44,13,7,7,7,6,78,+15.801,6300141,54,5,1:15.825,158.433,Finished
8618,398,319,83,8,8,8,8,8,4,78,+18.150,6302490,45,18,1:17.095,155.823,Finished
8619,398,500,212,19,14,9,9,9,2,78,+19.445,6303785,50,12,1:16.543,156.947,Finished
8620,398,483,83,20,11,10,10,10,1,78,+21.443,6305783,44,7,1:16.313,157.420,Finished
8621,398,576,170,30,16,11,11,11,0,78,+22.737,6307077,55,13,1:16.614,156.801,Finished
8622,398,566,77,31,15,12,12,12,0,78,+23.725,6308065,52,10,1:16.482,157.072,Finished
8623,398,622,77,11,7,13,13,13,0,78,+39.089,6323429,76,1,1:14.820,160.561,Finished
8624,398,425,200,26,9,14,14,14,0,71,\N,\N,43,11,1:16.539,156.955,Collision damage
8625,398,739,212,18,17,15,15,15,0,71,\N,\N,71,6,1:16.075,157.912,Brakes
8626,398,788,135,2,12,16,R,16,0,66,\N,\N,45,15,1:16.665,156.697,Accident
8627,398,234,172,9,19,17,R,17,0,63,\N,\N,39,16,1:16.829,156.362,Accident
8628,398,138,135,22,20,18,R,18,0,57,\N,\N,47,17,1:16.912,156.194,Collision damage
8629,398,812,172,94,18,19,R,19,0,57,\N,\N,25,20,1:18.034,153.948,Collision
8630,398,377,170,27,10,20,R,20,0,15,\N,\N,13,19,1:17.885,154.242,Gearbox
8631,399,335,140,44,1,1,1,1,25,70,1:33:05.154,5585154,64,1,1:14.551,210.588,Finished
8632,399,102,140,77,3,2,2,2,18,70,+19.783,5604937,65,5,1:15.894,206.862,Finished
8633,399,642,169,3,6,3,3,3,15,70,+35.297,5620451,67,8,1:16.165,206.126,Finished
8634,399,794,73,5,2,4,4,4,12,70,+35.907,5621061,70,2,1:14.719,210.115,Finished
8635,399,622,77,11,8,5,5,5,10,70,+40.476,5625630,62,11,1:16.367,205.580,Finished
8636,399,566,77,31,9,6,6,6,8,70,+40.716,5625870,68,9,1:16.247,205.904,Finished
8637,399,669,73,7,4,7,7,7,6,70,+58.632,5643786,59,3,1:15.388,208.250,Finished
8638,399,377,170,27,10,8,8,8,4,70,+1:00.374,5645528,64,7,1:16.136,206.204,Finished
8639,399,739,212,18,17,9,9,9,2,69,\N,\N,64,6,1:15.979,206.630,+1 Lap
8640,399,319,83,8,14,10,10,10,1,69,\N,\N,58,15,1:16.949,204.026,+1 Lap
8641,399,576,170,30,15,11,11,11,0,69,\N,\N,64,12,1:16.704,204.677,+1 Lap
8642,399,483,83,20,18,12,12,12,0,69,\N,\N,65,10,1:16.341,205.650,+1 Lap
8643,399,234,172,9,19,13,13,13,0,69,\N,\N,50,16,1:16.995,203.904,+1 Lap
8644,399,788,135,2,16,14,14,14,0,69,\N,\N,69,14,1:16.774,204.491,+1 Lap
8645,399,812,172,94,20,15,15,15,0,68,\N,\N,66,17,1:17.091,203.650,+2 Laps
8646,399,17,135,14,12,16,16,16,0,66,\N,\N,63,4,1:15.853,206.974,Power Unit
8647,399,425,200,26,11,17,R,17,0,54,\N,\N,33,13,1:16.713,204.653,Power Unit
8648,399,792,169,33,5,18,R,18,0,10,\N,\N,9,18,1:17.187,203.396,Electrical
8649,399,500,212,19,7,19,R,19,0,0,\N,\N,\N,\N,\N,\N,Collision
8650,399,672,200,55,13,20,R,20,0,0,\N,\N,\N,\N,\N,\N,Collision
8651,400,642,169,3,10,1,1,1,25,51,2:03:55.573,7435573,46,4,1:44.882,206.048,Finished
8652,400,102,140,77,2,2,2,2,18,51,+3.904,7439477,51,3,1:43.925,207.946,Finished
8653,400,739,212,18,8,3,3,3,15,51,+4.009,7439582,44,5,1:45.108,205.605,Finished
8654,400,794,73,5,4,4,4,4,12,51,+5.976,7441549,47,1,1:43.441,208.919,Finished
8655,400,335,140,44,1,5,5,5,10,51,+6.188,7441761,46,2,1:43.469,208.862,Finished
8656,400,566,77,31,7,6,6,6,8,51,+30.298,7465871,39,9,1:45.634,204.581,Finished
8657,400,483,83,20,12,7,7,7,6,51,+41.753,7477326,45,11,1:46.312,203.277,Finished
8658,400,672,200,55,15,8,8,8,4,51,+49.400,7484973,46,10,1:45.866,204.133,Finished
8659,400,17,135,14,19,9,9,9,2,51,+59.551,7495124,49,6,1:45.168,205.488,Finished
8660,400,812,172,94,14,10,10,10,1,51,+1:29.093,7524666,46,15,1:47.120,201.743,Finished
8661,400,234,172,9,17,11,11,11,0,51,+1:31.794,7527367,45,16,1:47.186,201.619,Finished
8662,400,788,135,2,18,12,12,12,0,51,+1:32.160,7527733,45,13,1:46.648,202.636,Finished
8663,400,319,83,8,16,13,13,13,0,50,\N,\N,45,14,1:46.831,202.289,+1 Lap
8664,400,669,73,7,3,14,14,14,0,46,\N,\N,44,7,1:45.542,204.760,Water pressure
8665,400,622,77,11,6,15,R,15,0,39,\N,\N,37,8,1:45.588,204.670,Seat
8666,400,500,212,19,9,16,R,16,0,25,\N,\N,10,17,1:47.340,201.330,Suspension
8667,400,377,170,27,13,17,R,17,0,24,\N,\N,9,19,1:48.536,199.111,Accident
8668,400,792,169,33,5,18,R,18,0,12,\N,\N,10,12,1:46.398,203.112,Oil pressure
8669,400,425,200,26,11,19,R,19,0,9,\N,\N,9,18,1:48.394,199.372,Battery
8670,400,576,170,30,20,20,R,20,0,7,\N,\N,5,20,1:51.673,193.518,Power Unit
8671,401,102,140,77,1,1,1,1,25,71,1:21:48.523,4908523,51,5,1:07.847,229.115,Finished
8672,401,794,73,5,2,2,2,2,18,71,+0.658,4909181,69,4,1:07.496,230.306,Finished
8673,401,642,169,3,4,3,3,3,15,71,+6.012,4914535,69,2,1:07.442,230.491,Finished
8674,401,335,140,44,8,4,4,4,12,71,+7.430,4915953,69,1,1:07.411,230.597,Finished
8675,401,669,73,7,3,5,5,5,10,71,+20.370,4928893,68,3,1:07.486,230.341,Finished
8676,401,319,83,8,6,6,6,6,8,71,+1:13.160,4981683,65,10,1:08.590,226.633,Finished
8677,401,622,77,11,7,7,7,7,6,70,\N,\N,58,9,1:08.470,227.030,+1 Lap
8678,401,566,77,31,9,8,8,8,4,70,\N,\N,68,12,1:08.659,226.405,+1 Lap
8679,401,500,212,19,17,9,9,9,2,70,\N,\N,49,7,1:08.419,227.200,+1 Lap
8680,401,739,212,18,18,10,10,10,1,70,\N,\N,67,13,1:08.777,226.017,+1 Lap
8681,401,576,170,30,16,11,11,11,0,70,\N,\N,64,11,1:08.652,226.428,+1 Lap
8682,401,788,135,2,13,12,12,12,0,70,\N,\N,67,8,1:08.422,227.190,+1 Lap
8683,401,377,170,27,11,13,13,13,0,70,\N,\N,64,14,1:09.043,225.146,+1 Lap
8684,401,812,172,94,20,14,14,14,0,70,\N,\N,60,16,1:09.241,224.502,+1 Lap
8685,401,234,172,9,19,15,15,15,0,69,\N,\N,56,17,1:09.284,224.363,+2 Laps
8686,401,425,200,26,14,16,16,16,0,68,\N,\N,57,6,1:08.061,228.395,+3 Laps
8687,401,672,200,55,10,17,R,17,0,44,\N,\N,42,15,1:09.150,224.798,Engine
8688,401,483,83,20,15,18,R,18,0,29,\N,\N,23,18,1:10.402,220.800,Hydraulics
8689,401,17,135,14,12,19,R,19,0,1,\N,\N,\N,\N,\N,\N,Collision damage
8690,401,792,169,33,5,20,R,20,0,0,\N,\N,\N,\N,\N,\N,Collision damage
8691,402,335,140,44,1,1,1,1,25,51,1:21:27.430,4887430,48,1,1:30.621,234.025,Finished
8692,402,102,140,77,9,2,2,2,18,51,+14.063,4901493,46,3,1:30.905,233.294,Finished
8693,402,669,73,7,2,3,3,3,15,51,+36.570,4924000,44,4,1:31.517,231.733,Finished
8694,402,792,169,33,4,4,4,4,12,51,+52.125,4939555,51,2,1:30.678,233.878,Finished
8695,402,642,169,3,19,5,5,5,10,51,+1:05.955,4953385,47,6,1:31.874,230.833,Finished
8696,402,377,170,27,5,6,6,6,8,51,+1:08.109,4955539,43,8,1:32.577,229.080,Finished
8697,402,794,73,5,3,7,7,7,6,51,+1:33.989,4981419,38,5,1:31.872,230.838,Finished
8698,402,566,77,31,7,8,8,8,4,50,\N,\N,39,15,1:33.521,226.768,+1 Lap
8699,402,622,77,11,6,9,9,9,2,50,\N,\N,42,14,1:33.504,226.809,+1 Lap
8700,402,500,212,19,14,10,10,10,1,50,\N,\N,39,16,1:33.562,226.668,+1 Lap
8701,402,788,135,2,8,11,11,11,0,50,\N,\N,43,13,1:33.464,226.906,+1 Lap
8702,402,483,83,20,16,12,12,12,0,50,\N,\N,41,9,1:32.683,228.818,+1 Lap
8703,402,319,83,8,10,13,13,13,0,50,\N,\N,45,7,1:32.290,229.793,+1 Lap
8704,402,234,172,9,18,14,14,14,0,50,\N,\N,30,10,1:33.119,227.747,+1 Lap
8705,402,425,200,26,12,15,15,15,0,50,\N,\N,29,17,1:33.594,226.591,+1 Lap
8706,402,739,212,18,15,16,16,16,0,50,\N,\N,44,12,1:33.400,227.062,+1 Lap
8707,402,812,172,94,17,17,17,17,0,50,\N,\N,34,11,1:33.342,227.203,+1 Lap
8708,402,17,135,14,20,18,R,18,0,32,\N,\N,22,18,1:34.263,224.983,Power Unit
8709,402,672,200,55,13,19,R,19,0,0,\N,\N,\N,\N,\N,\N,Collision damage
8710,402,576,170,30,11,20,R,20,0,0,\N,\N,\N,\N,\N,\N,Hydraulics
8711,403,794,73,5,1,1,1,1,25,70,1:39:46.713,5986713,69,4,1:20.807,195.176,Finished
8712,403,669,73,7,2,2,2,2,18,70,+0.908,5987621,70,2,1:20.461,196.015,Finished
8713,403,102,140,77,3,3,3,3,15,70,+12.462,5999175,68,6,1:21.214,194.198,Finished
8714,403,335,140,44,4,4,4,4,12,70,+12.885,5999598,66,5,1:20.818,195.149,Finished
8715,403,792,169,33,5,5,5,5,10,70,+13.276,5999989,44,3,1:20.490,195.944,Finished
8716,403,17,135,14,7,6,6,6,8,70,+1:11.223,6057936,69,1,1:20.182,196.697,Finished
8717,403,672,200,55,9,7,7,7,6,69,\N,\N,67,11,1:21.871,192.639,+1 Lap
8718,403,622,77,11,13,8,8,8,4,69,\N,\N,68,14,1:22.105,192.090,+1 Lap
8719,403,566,77,31,11,9,9,9,2,69,\N,\N,60,15,1:22.431,191.330,+1 Lap
8720,403,788,135,2,8,10,10,10,1,69,\N,\N,44,12,1:21.960,192.430,+1 Lap
8721,403,425,200,26,16,11,11,11,0,69,\N,\N,42,9,1:21.631,193.206,+1 Lap
8722,403,576,170,30,10,12,12,12,0,69,\N,\N,68,7,1:21.589,193.305,+1 Lap
8723,403,483,83,20,15,13,13,13,0,69,\N,\N,67,13,1:22.100,192.102,+1 Lap
8724,403,739,212,18,17,14,14,14,0,69,\N,\N,53,16,1:22.830,190.409,+1 Lap
8725,403,812,172,94,18,15,15,15,0,68,\N,\N,50,18,1:23.573,188.716,+2 Laps
8726,403,234,172,9,20,16,16,16,0,68,\N,\N,66,10,1:21.752,192.920,+2 Laps
8727,403,377,170,27,12,17,17,17,0,67,\N,\N,61,8,1:21.611,193.253,Brakes
8728,403,869,212,40,19,18,R,18,0,60,\N,\N,49,17,1:23.242,189.466,Oil leak
8729,403,319,83,8,14,19,R,19,0,20,\N,\N,19,19,1:24.702,186.201,Wheel nut
8730,403,642,169,3,6,20,R,20,0,0,\N,\N,\N,\N,\N,\N,Collision
8731,404,335,140,44,1,1,1,1,25,44,1:24:42.820,5082820,35,2,1:46.603,236.526,Finished
8732,404,794,73,5,2,2,2,2,18,44,+2.358,5085178,41,1,1:46.577,236.583,Finished
8733,404,642,169,3,6,3,3,3,15,44,+10.791,5093611,44,3,1:47.549,234.445,Finished
8734,404,669,73,7,4,4,4,4,12,44,+14.471,5097291,36,5,1:47.730,234.051,Finished
8735,404,102,140,77,3,5,5,5,10,44,+16.456,5099276,37,4,1:47.721,234.071,Finished
8736,404,377,170,27,7,6,6,6,8,44,+28.087,5110907,39,7,1:48.922,231.490,Finished
8737,404,319,83,8,11,7,7,7,6,44,+31.553,5114373,37,8,1:49.087,231.140,Finished
8738,404,500,212,19,16,8,8,8,4,44,+36.649,5119469,37,11,1:49.637,229.980,Finished
8739,404,566,77,31,9,9,9,9,2,44,+38.154,5120974,37,14,1:49.721,229.804,Finished
8740,404,672,200,55,13,10,10,10,1,44,+39.447,5122267,39,13,1:49.709,229.829,Finished
8741,404,739,212,18,15,11,11,11,0,44,+48.999,5131819,41,16,1:50.543,228.095,Finished
8742,404,425,200,26,19,12,12,12,0,44,+49.940,5132760,39,12,1:49.708,229.831,Finished
8743,404,576,170,30,14,13,13,13,0,44,+53.239,5136059,44,10,1:49.283,230.725,Finished
8744,404,788,135,2,20,14,14,14,0,44,+57.078,5139898,44,15,1:49.907,229.415,Finished
8745,404,483,83,20,12,15,15,15,0,44,+1:07.262,5150082,36,9,1:49.126,231.057,Finished
8746,404,234,172,9,17,16,16,16,0,44,+1:09.711,5152531,25,17,1:50.775,227.618,Finished
8747,404,622,77,11,8,17,17,17,0,42,\N,\N,27,6,1:48.300,232.819,Gearbox
8748,404,17,135,14,10,18,R,18,0,25,\N,\N,12,19,1:51.720,225.692,Engine
8749,404,792,169,33,5,19,R,19,0,7,\N,\N,5,18,1:51.022,227.111,Engine
8750,404,812,172,94,18,20,R,20,0,2,\N,\N,\N,\N,\N,\N,Collision
8751,405,335,140,44,1,1,1,1,25,53,1:15:32.312,4532312,50,2,1:23.488,249.793,Finished
8752,405,102,140,77,4,2,2,2,18,53,+4.471,4536783,53,3,1:23.488,249.095,Finished
8753,405,794,73,5,6,3,3,3,15,53,+36.317,4568629,51,4,1:23.897,248.576,Finished
8754,405,642,169,3,16,4,4,4,12,53,+40.335,4572647,49,1,1:23.361,250.174,Finished
8755,405,669,73,7,5,5,5,5,10,53,+1:00.082,4592394,43,8,1:25.054,245.194,Finished
8756,405,566,77,31,3,6,6,6,8,53,+1:11.528,4603840,53,11,1:25.054,243.482,Finished
8757,405,739,212,18,2,7,7,7,6,53,+1:14.156,4606468,51,10,1:25.625,243.559,Finished
8758,405,500,212,19,7,8,8,8,4,53,+1:14.834,4607146,30,9,1:25.477,243.981,Finished
8759,405,622,77,11,10,9,9,9,2,53,+1:15.276,4607588,48,6,1:24.968,245.442,Finished
8760,405,792,169,33,13,10,10,10,1,52,\N,\N,48,5,1:24.351,247.238,+1 Lap
8761,405,483,83,20,9,11,11,11,0,52,\N,\N,48,15,1:26.037,242.393,+1 Lap
8762,405,425,200,26,8,12,12,12,0,52,\N,\N,43,14,1:25.894,242.796,+1 Lap
8763,405,377,170,27,14,13,13,13,0,52,\N,\N,46,16,1:26.131,242.128,+1 Lap
8764,405,672,200,55,15,14,14,14,0,52,\N,\N,46,17,1:26.210,241.906,+1 Lap
8765,405,319,83,8,20,15,15,15,0,52,\N,\N,48,7,1:25.020,245.292,+1 Lap
8766,405,812,172,94,12,16,16,16,0,51,\N,\N,47,18,1:26.547,240.965,+2 Laps
8767,405,17,135,14,19,17,17,17,0,50,\N,\N,44,13,1:25.871,242.861,Gearbox
8768,405,234,172,9,11,18,18,18,0,49,\N,\N,20,20,1:27.663,237.897,Gearbox
8769,405,788,135,2,18,19,R,19,0,33,\N,\N,30,19,1:26.912,239.953,Engine
8770,405,576,170,30,17,20,R,20,0,29,\N,\N,27,12,1:25.752,243.198,Engine
8771,406,335,140,44,5,1,1,1,25,58,2:03:23.544,7403544,55,1,1:45.008,173.643,Finished
8772,406,642,169,3,3,2,2,2,18,58,+4.507,7408051,57,2,1:45.301,173.160,Finished
8773,406,102,140,77,6,3,3,3,15,58,+8.800,7412344,54,3,1:45.405,172.989,Finished
8774,406,672,200,55,10,4,4,4,12,58,+22.822,7426366,52,4,1:46.537,171.151,Finished
8775,406,622,77,11,12,5,5,5,10,58,+25.359,7428903,52,7,1:46.731,170.840,Finished
8776,406,576,170,30,11,6,6,6,8,58,+27.259,7430803,52,5,1:46.722,170.855,Finished
8777,406,788,135,2,9,7,7,7,6,58,+30.388,7433932,57,6,1:46.722,170.855,Finished
8778,406,739,212,18,18,8,8,8,4,58,+41.696,7445240,55,9,1:47.512,169.599,Finished
8779,406,319,83,8,15,9,9,9,2,58,+43.282,7446826,54,11,1:47.637,169.402,Finished
8780,406,566,77,31,14,10,10,10,1,58,+44.795,7448339,52,12,1:47.677,169.339,Finished
8781,406,500,212,19,17,11,11,11,0,58,+46.536,7450080,58,8,1:47.055,170.323,Finished
8782,406,812,172,94,19,12,12,12,0,56,\N,\N,56,14,1:49.061,167.190,+2 Laps
8783,406,483,83,20,16,13,R,13,0,50,\N,\N,44,10,1:47.585,169.484,Engine
8784,406,377,170,27,7,14,R,14,0,48,\N,\N,37,13,1:48.011,168.816,Engine
8785,406,234,172,9,20,15,R,15,0,35,\N,\N,35,15,1:52.496,162.085,Accident
8786,406,425,200,26,13,16,R,16,0,10,\N,\N,10,16,2:10.512,139.711,Accident
8787,406,17,135,14,8,17,R,17,0,8,\N,\N,6,17,2:13.579,136.503,Collision damage
8788,406,794,73,5,1,18,R,18,0,0,\N,\N,\N,\N,\N,\N,Accident
8789,406,792,169,33,2,19,R,19,0,0,\N,\N,\N,\N,\N,\N,Accident
8790,406,669,73,7,4,20,R,20,0,0,\N,\N,\N,\N,\N,\N,Accident
8791,407,792,169,33,3,1,1,1,25,56,1:30:01.290,5401290,50,4,1:34.467,211.235,Finished
8792,407,335,140,44,1,2,2,2,18,56,+12.770,5414060,48,3,1:34.452,211.269,Finished
8793,407,642,169,3,4,3,3,3,15,56,+22.519,5423809,55,5,1:34.770,210.560,Finished
8794,407,794,73,5,20,4,4,4,12,56,+37.362,5438652,41,1,1:34.080,212.104,Finished
8795,407,102,140,77,5,5,5,5,10,56,+56.021,5457311,44,6,1:35.284,209.424,Finished
8796,407,622,77,11,9,6,6,6,8,56,+1:18.630,5479920,32,7,1:35.591,208.751,Finished
8797,407,788,135,2,7,7,7,7,6,55,\N,\N,49,9,1:35.931,208.012,+1 Lap
8798,407,739,212,18,13,8,8,8,4,55,\N,\N,46,12,1:36.627,206.513,+1 Lap
8799,407,500,212,19,11,9,9,9,2,55,\N,\N,44,14,1:36.944,205.838,+1 Lap
8800,407,566,77,31,6,10,10,10,1,55,\N,\N,36,15,1:37.075,205.560,+1 Lap
8801,407,17,135,14,10,11,11,11,0,55,\N,\N,11,11,1:36.501,206.783,+1 Lap
8802,407,483,83,20,17,12,12,12,0,55,\N,\N,46,18,1:37.192,205.313,+1 Lap
8803,407,319,83,8,16,13,13,13,0,55,\N,\N,49,8,1:35.796,208.305,+1 Lap
8804,407,290,200,10,15,14,14,14,0,55,\N,\N,45,16,1:37.170,205.359,+1 Lap
8805,407,576,170,30,12,15,15,15,0,55,\N,\N,45,17,1:37.186,205.325,+1 Lap
8806,407,377,170,27,8,16,16,16,0,55,\N,\N,52,2,1:34.266,211.686,+1 Lap
8807,407,812,172,94,18,17,17,17,0,55,\N,\N,53,10,1:36.395,207.010,+1 Lap
8808,407,234,172,9,19,18,18,18,0,54,\N,\N,54,13,1:36.630,206.507,+2 Laps
8809,407,672,200,55,14,19,R,19,0,29,\N,\N,27,19,1:38.123,203.365,Engine
8810,407,669,73,7,0,20,R,20,0,0,\N,\N,\N,\N,\N,\N,Battery
8811,408,335,140,44,1,1,1,1,25,53,1:27:31.194,5251194,43,6,1:33.780,222.917,Finished
8812,408,792,169,33,4,2,2,2,18,53,+1.211,5252405,51,5,1:33.730,223.036,Finished
8813,408,642,169,3,3,3,3,3,15,53,+9.679,5260873,52,3,1:33.694,223.122,Finished
8814,408,102,140,77,6,4,4,4,12,53,+10.580,5261774,50,1,1:33.144,224.439,Finished
8815,408,669,73,7,10,5,5,5,10,53,+32.622,5283816,50,2,1:33.175,224.364,Finished
8816,408,566,77,31,5,6,6,6,8,53,+1:07.788,5318982,50,11,1:34.843,220.419,Finished
8817,408,622,77,11,7,7,7,7,6,53,+1:11.424,5322618,23,10,1:34.744,220.649,Finished
8818,408,483,83,20,12,8,8,8,4,53,+1:28.953,5340147,50,13,1:35.338,219.274,Finished
8819,408,319,83,8,13,9,9,9,2,53,+1:29.883,5341077,50,14,1:35.347,219.253,Finished
8820,408,500,212,19,8,10,10,10,1,52,\N,\N,50,16,1:35.943,217.891,+1 Lap
8821,408,17,135,14,20,11,11,11,0,52,\N,\N,45,12,1:35.111,219.797,+1 Lap
8822,408,576,170,30,18,12,12,12,0,52,\N,\N,50,7,1:34.095,222.171,+1 Lap
8823,408,290,200,10,14,13,13,13,0,52,\N,\N,45,8,1:34.533,221.141,+1 Lap
8824,408,788,135,2,9,14,14,14,0,52,\N,\N,49,4,1:33.724,223.050,+1 Lap
8825,408,812,172,94,17,15,15,15,0,51,\N,\N,27,17,1:36.430,216.791,+2 Laps
8826,408,739,212,18,15,16,R,16,0,45,\N,\N,37,9,1:34.548,221.106,Wheel
8827,408,377,170,27,11,17,R,17,0,40,\N,\N,28,15,1:35.883,218.028,Front wing
8828,408,234,172,9,16,18,R,18,0,7,\N,\N,7,18,1:38.596,212.028,Accident
8829,408,794,73,5,2,19,R,19,0,4,\N,\N,2,19,2:06.457,165.314,Spark plugs
8830,408,672,200,55,19,20,R,20,0,0,\N,\N,\N,\N,\N,\N,Accident
8831,409,335,140,44,1,1,1,1,25,56,1:33:50.991,5630991,48,5,1:38.776,200.927,Finished
8832,409,794,73,5,2,2,2,2,18,56,+10.143,5641134,51,1,1:37.766,203.003,Finished
8833,409,669,73,7,5,3,3,3,15,56,+15.779,5646770,42,6,1:38.809,200.860,Finished
8834,409,792,169,33,16,4,4,4,12,56,+16.768,5647759,39,4,1:38.060,202.394,Finished
8835,409,102,140,77,3,5,5,5,10,56,+34.967,5665958,54,2,1:37.767,203.001,Finished
8836,409,566,77,31,6,6,6,6,8,56,+1:30.980,5721971,53,13,1:40.499,197.482,Finished
8837,409,672,170,55,7,7,7,7,6,56,+1:32.944,5723935,43,12,1:40.462,197.555,Finished
8838,409,622,77,11,9,8,8,8,4,55,\N,\N,14,14,1:40.851,196.793,+1 Lap
8839,409,500,212,19,10,9,9,9,2,55,\N,\N,36,10,1:40.131,198.208,+1 Lap
8840,409,425,200,26,11,10,10,10,1,55,\N,\N,19,15,1:40.971,196.559,+1 Lap
8841,409,739,212,18,15,11,11,11,0,55,\N,\N,38,7,1:39.666,199.133,+1 Lap
8842,409,788,135,2,20,12,12,12,0,55,\N,\N,27,11,1:40.349,197.777,+1 Lap
8843,409,343,200,39,19,13,13,13,0,55,\N,\N,47,8,1:39.979,198.509,+1 Lap
8844,409,319,83,8,12,14,14,14,0,55,\N,\N,36,17,1:41.259,196.000,+1 Lap
8845,409,234,172,9,13,15,15,15,0,55,\N,\N,42,16,1:41.041,196.423,+1 Lap
8846,409,483,83,20,17,16,16,16,0,55,\N,\N,51,3,1:37.893,202.739,+1 Lap
8847,409,17,135,14,8,17,R,17,0,24,\N,\N,21,18,1:41.537,195.463,Engine
8848,409,642,169,3,4,18,R,18,0,14,\N,\N,14,9,1:40.102,198.265,Engine
8849,409,812,172,94,14,19,R,19,0,5,\N,\N,2,20,1:47.073,185.357,Collision
8850,409,377,170,27,18,20,R,20,0,3,\N,\N,2,19,1:44.270,190.340,Engine
8851,410,792,169,33,2,1,1,1,25,71,1:36:26.552,5786552,65,2,1:18.892,196.400,Finished
8852,410,102,140,77,4,2,2,2,18,71,+19.678,5806230,70,3,1:19.374,195.207,Finished
8853,410,669,73,7,5,3,3,3,15,71,+54.007,5840559,59,6,1:20.054,193.549,Finished
8854,410,794,73,5,1,4,4,4,12,71,+1:10.078,5856630,68,1,1:18.785,196.666,Finished
8855,410,566,77,31,6,5,5,5,10,70,\N,\N,67,9,1:20.946,191.416,+1 Lap
8856,410,739,212,18,11,6,6,6,8,70,\N,\N,53,12,1:21.062,191.142,+1 Lap
8857,410,622,77,11,9,7,7,7,6,70,\N,\N,54,4,1:19.929,193.852,+1 Lap
8858,410,483,83,20,14,8,8,8,4,70,\N,\N,68,14,1:21.214,190.784,+1 Lap
8859,410,335,140,44,3,9,9,9,2,70,\N,\N,69,5,1:19.945,193.813,+1 Lap
8860,410,17,135,14,18,10,10,10,1,70,\N,\N,50,11,1:21.014,191.255,+1 Lap
8861,410,500,212,19,10,11,11,11,0,70,\N,\N,55,13,1:21.136,190.968,+1 Lap
8862,410,788,135,2,19,12,12,12,0,70,\N,\N,66,10,1:20.972,191.355,+1 Lap
8863,410,290,200,10,20,13,13,13,0,70,\N,\N,70,8,1:20.859,191.622,+1 Lap
8864,410,812,172,94,13,14,14,14,0,69,\N,\N,56,16,1:21.638,189.793,+2 Laps
8865,410,319,83,8,15,15,15,15,0,69,\N,\N,64,7,1:20.345,192.848,+2 Laps
8866,410,672,170,55,8,16,R,16,0,59,\N,\N,34,15,1:21.360,190.442,Engine
8867,410,234,172,9,12,17,R,17,0,55,\N,\N,54,17,1:21.686,189.682,Engine
8868,410,343,200,28,17,18,R,18,0,30,\N,\N,28,19,1:22.572,187.647,Engine
8869,410,377,170,27,7,19,R,19,0,24,\N,\N,18,18,1:21.691,189.670,Electrical
8870,410,642,169,3,16,20,R,20,0,5,\N,\N,4,20,1:22.789,187.155,Engine
8871,411,794,73,5,2,1,1,1,25,71,1:31:26.262,5486262,63,7,1:12.539,213.849,Finished
8872,411,102,140,77,1,2,2,2,18,71,+2.762,5489024,58,5,1:12.466,214.064,Finished
8873,411,669,73,7,3,3,3,3,15,71,+4.600,5490862,61,6,1:12.492,213.987,Finished
8874,411,335,140,44,20,4,4,4,12,71,+5.468,5491730,63,2,1:11.845,215.914,Finished
8875,411,792,169,33,4,5,5,5,10,71,+32.940,5519202,64,1,1:11.044,218.349,Finished
8876,411,642,169,3,14,6,6,6,8,71,+48.691,5534953,71,4,1:12.029,215.363,Finished
8877,411,500,212,19,9,7,7,7,6,71,+1:08.882,5555144,60,11,1:13.452,211.190,Finished
8878,411,17,135,14,6,8,8,8,4,71,+1:09.363,5555625,57,10,1:13.451,211.193,Finished
8879,411,622,77,11,5,9,9,9,2,71,+1:09.500,5555762,61,8,1:13.052,212.347,Finished
8880,411,377,170,27,7,10,10,10,1,70,\N,\N,57,15,1:13.758,210.314,+1 Lap
8881,411,672,170,55,8,11,11,11,0,70,\N,\N,67,13,1:13.625,210.694,+1 Lap
8882,411,290,200,10,19,12,12,12,0,70,\N,\N,61,9,1:13.323,211.562,+1 Lap
8883,411,234,172,9,17,13,13,13,0,70,\N,\N,70,14,1:13.666,210.577,+1 Lap
8884,411,812,172,94,15,14,14,14,0,70,\N,\N,60,17,1:14.812,207.351,+1 Lap
8885,411,319,83,8,11,15,15,15,0,69,\N,\N,66,12,1:13.532,210.961,+2 Laps
8886,411,739,212,18,16,16,16,16,0,69,\N,\N,69,3,1:11.862,215.863,+2 Laps
8887,411,343,200,28,18,17,R,17,0,40,\N,\N,29,16,1:14.658,207.779,Engine
8888,411,566,77,31,10,18,R,18,0,0,\N,\N,\N,\N,\N,\N,Accident
8889,411,788,135,2,12,19,R,19,0,0,\N,\N,\N,\N,\N,\N,Accident
8890,411,483,83,20,13,20,R,20,0,0,\N,\N,\N,\N,\N,\N,Accident
8891,412,102,140,77,1,1,1,1,25,55,1:34:14.062,5654062,52,1,1:40.650,198.652,Finished
8892,412,335,140,44,2,2,2,2,18,55,+3.899,5657961,51,3,1:41.473,197.041,Finished
8893,412,794,73,5,3,3,3,3,15,55,+19.330,5673392,5,2,1:40.770,198.416,Finished
8894,412,669,73,7,5,4,4,4,12,55,+45.386,5699448,53,7,1:42.338,195.376,Finished
8895,412,792,169,33,6,5,5,5,10,55,+46.269,5700331,43,5,1:42.028,195.969,Finished
8896,412,377,170,27,7,6,6,6,8,55,+1:25.713,5739775,53,8,1:42.376,195.303,Finished
8897,412,622,77,11,8,7,7,7,6,55,+1:32.062,5746124,52,11,1:42.689,194.708,Finished
8898,412,566,77,31,9,8,8,8,4,55,+1:38.911,5752973,47,10,1:42.609,194.860,Finished
8899,412,17,135,14,11,9,9,9,2,54,\N,\N,26,4,1:43.378,193.410,+1 Lap
8900,412,500,212,19,10,10,10,10,1,54,\N,\N,45,13,1:43.026,194.071,+1 Lap
8901,412,319,83,8,16,11,11,11,0,54,\N,\N,51,9,1:42.437,195.187,+1 Lap
8902,412,788,135,2,13,12,12,12,0,54,\N,\N,50,20,1:43.986,192.279,+1 Lap
8903,412,483,83,20,14,13,13,13,0,54,\N,\N,50,19,1:43.928,192.387,+1 Lap
8904,412,812,172,94,18,14,14,14,0,54,\N,\N,50,17,1:43.867,192.500,+1 Lap
8905,412,343,200,28,20,15,15,15,0,54,\N,\N,52,18,1:43.897,192.444,+1 Lap
8906,412,290,200,10,17,16,16,16,0,54,\N,\N,33,16,1:43.844,192.542,+1 Lap
8907,412,234,172,9,19,17,17,17,0,54,\N,\N,36,15,1:43.567,193.057,+1 Lap
8908,412,739,212,18,15,18,18,18,0,54,\N,\N,52,6,1:42.324,195.402,+1 Lap
8909,412,672,170,55,12,19,R,19,0,31,\N,\N,26,14,1:43.378,193.410,Wheel
8910,412,642,169,3,4,20,R,20,0,20,\N,\N,13,12,1:42.757,194.579,Hydraulics
8911,413,794,73,5,3,1,1,1,25,58,1:29:33.283,5373283,53,4,1:26.469,220.782,Finished
8912,413,335,140,44,1,2,2,2,18,58,+5.036,5378319,50,3,1:26.444,220.845,Finished
8913,413,669,73,7,2,3,3,3,15,58,+6.309,5379592,57,2,1:26.373,221.027,Finished
8914,413,642,169,3,8,4,4,4,12,58,+7.069,5380352,54,1,1:25.945,222.128,Finished
8915,413,17,135,14,10,5,5,5,10,58,+27.886,5401169,57,7,1:26.978,219.489,Finished
8916,413,792,169,33,4,6,6,6,8,58,+28.945,5402228,54,5,1:26.880,219.737,Finished
8917,413,377,170,27,7,7,7,7,6,58,+32.671,5405954,57,9,1:27.081,219.230,Finished
8918,413,102,140,77,15,8,8,8,4,58,+34.339,5407622,54,8,1:27.019,219.386,Finished
8919,413,788,135,2,11,9,9,9,2,58,+34.921,5408204,57,6,1:26.958,219.540,Finished
8920,413,672,170,55,9,10,10,10,1,58,+45.722,5419005,51,12,1:27.944,217.079,Finished
8921,413,622,77,11,12,11,11,11,0,58,+46.817,5420100,51,11,1:27.633,217.849,Finished
8922,413,566,77,31,14,12,12,12,0,58,+1:00.278,5433561,57,10,1:27.600,217.931,Finished
8923,413,445,172,16,18,13,13,13,0,58,+1:15.759,5449042,56,15,1:28.759,215.085,Finished
8924,413,739,212,18,13,14,14,14,0,58,+1:18.288,5451571,55,14,1:28.511,215.688,Finished
8925,413,343,200,28,16,15,15,15,0,57,\N,\N,57,13,1:28.176,216.507,+1 Lap
8926,413,319,83,8,6,16,R,16,0,24,\N,\N,23,16,1:28.805,214.974,Wheel
8927,413,483,83,20,5,17,R,17,0,22,\N,\N,21,17,1:29.534,213.224,Wheel
8928,413,290,200,10,20,18,R,18,0,13,\N,\N,13,18,1:30.649,210.601,Engine
8929,413,234,172,9,17,19,R,19,0,5,\N,\N,4,19,1:32.210,207.036,Steering
8930,413,719,212,35,19,20,R,20,0,4,\N,\N,3,20,1:32.573,206.224,Brakes
8931,414,794,73,5,1,1,1,1,25,57,1:32:01.940,5521940,21,7,1:34.453,206.274,Finished
8932,414,102,140,77,3,2,2,2,18,57,+0.699,5522639,22,1,1:33.740,207.842,Finished
8933,414,335,140,44,9,3,3,3,15,57,+6.512,5528452,51,2,1:33.953,207.371,Finished
8934,414,290,200,10,5,4,4,4,12,57,+1:02.234,5584174,46,11,1:34.863,205.382,Finished
8935,414,483,83,20,6,5,5,5,10,57,+1:15.046,5596986,29,5,1:34.327,206.549,Finished
8936,414,377,170,27,7,6,6,6,8,57,+1:39.024,5620964,50,9,1:34.667,205.807,Finished
8937,414,17,135,14,13,7,7,7,6,56,\N,\N,47,4,1:34.168,206.898,+1 Lap
8938,414,788,135,2,14,8,8,8,4,56,\N,\N,30,16,1:35.131,204.803,+1 Lap
8939,414,234,172,9,17,9,9,9,2,56,\N,\N,26,15,1:35.093,204.885,+1 Lap
8940,414,566,77,31,8,10,10,10,1,56,\N,\N,38,12,1:35.043,204.993,+1 Lap
8941,414,672,170,55,10,11,11,11,0,56,\N,\N,35,18,1:35.535,203.937,+1 Lap
8942,414,445,172,16,19,12,12,12,0,56,\N,\N,35,14,1:35.075,204.924,+1 Lap
8943,414,319,83,8,16,13,13,13,0,56,\N,\N,44,10,1:34.689,205.759,+1 Lap
8944,414,739,212,18,20,14,14,14,0,56,\N,\N,40,13,1:35.058,204.961,+1 Lap
8945,414,719,212,35,18,15,15,15,0,56,\N,\N,47,3,1:34.053,207.151,+1 Lap
8946,414,622,77,11,12,16,16,16,0,56,\N,\N,32,17,1:35.266,204.513,+1 Lap
8947,414,343,200,28,11,17,17,17,0,56,\N,\N,42,8,1:34.563,206.034,+1 Lap
8948,414,669,73,7,2,18,R,18,0,35,\N,\N,22,6,1:34.337,206.527,Wheel
8949,414,792,169,33,15,19,R,19,0,3,\N,\N,\N,\N,\N,\N,Puncture
8950,414,642,169,3,4,20,R,20,0,1,\N,\N,\N,\N,\N,\N,Electrical
8951,415,642,169,3,6,1,1,1,25,56,1:35:36.380,5736380,55,1,1:35.785,204.871,Finished
8952,415,102,140,77,3,2,2,2,18,56,+8.894,5745274,50,6,1:36.987,202.332,Finished
8953,415,669,73,7,2,3,3,3,15,56,+9.637,5746017,48,3,1:36.456,203.446,Finished
8954,415,335,140,44,4,4,4,4,12,56,+16.985,5753365,20,4,1:36.878,202.559,Finished
8955,415,792,169,33,5,5,5,5,10,56,+20.436,5756816,50,2,1:36.206,203.974,Finished
8956,415,377,170,27,7,6,6,6,8,56,+21.052,5757432,56,5,1:36.881,202.553,Finished
8957,415,17,135,14,13,7,7,7,6,56,+30.639,5767019,56,7,1:37.234,201.818,Finished
8958,415,794,73,5,1,8,8,8,4,56,+35.286,5771666,24,9,1:37.479,201.311,Finished
8959,415,672,170,55,9,9,9,9,2,56,+35.763,5772143,54,11,1:37.754,200.744,Finished
8960,415,483,83,20,11,10,10,10,1,56,+39.594,5775974,54,14,1:38.152,199.930,Finished
8961,415,566,77,31,12,11,11,11,0,56,+44.050,5780430,47,12,1:37.985,200.271,Finished
8962,415,622,77,11,8,12,12,12,0,56,+44.725,5781105,54,10,1:37.673,200.911,Finished
8963,415,788,135,2,14,13,13,13,0,56,+49.373,5785753,54,13,1:38.137,199.961,Finished
8964,415,739,212,18,18,14,14,14,0,56,+55.490,5791870,54,17,1:38.500,199.224,Finished
8965,415,719,212,35,16,15,15,15,0,56,+58.241,5794621,47,18,1:38.624,198.973,Finished
8966,415,234,172,9,20,16,16,16,0,56,+1:02.604,5798984,52,16,1:38.386,199.455,Finished
8967,415,319,83,8,10,17,17,17,0,56,+1:05.296,5801676,51,8,1:37.410,201.453,Finished
8968,415,290,200,10,17,18,18,18,0,56,+1:06.330,5802710,54,15,1:38.367,199.493,Finished
8969,415,445,172,16,19,19,19,19,0,56,+1:22.575,5818955,23,19,1:38.808,198.603,Finished
8970,415,343,200,28,15,20,20,20,0,51,\N,\N,50,20,1:39.376,197.468,Collision damage
8971,416,335,140,44,2,1,1,1,25,51,1:43:44.291,6224291,35,2,1:45.412,205.012,Finished
8972,416,669,73,7,6,2,2,2,18,51,+2.460,6226751,50,7,1:46.523,202.874,Finished
8973,416,622,77,11,8,3,3,3,15,51,+4.024,6228315,51,6,1:46.206,203.480,Finished
8974,416,794,73,5,1,4,4,4,12,51,+5.329,6229620,38,4,1:45.530,204.783,Finished
8975,416,672,170,55,9,5,5,5,10,51,+7.515,6231806,50,9,1:46.856,202.242,Finished
8976,416,445,172,16,13,6,6,6,8,51,+9.158,6233449,31,11,1:47.403,201.212,Finished
8977,416,17,135,14,12,7,7,7,6,51,+10.931,6235222,32,12,1:47.449,201.126,Finished
8978,416,739,212,18,10,8,8,8,4,51,+12.546,6236837,50,8,1:46.815,202.319,Finished
8979,416,788,135,2,16,9,9,9,2,51,+14.152,6238443,50,13,1:47.666,200.720,Finished
8980,416,343,200,28,19,10,10,10,1,51,+18.030,6242321,51,17,1:48.288,199.567,Finished
8981,416,234,172,9,18,11,11,11,0,51,+18.512,6242803,51,14,1:47.925,200.239,Finished
8982,416,290,200,10,17,12,12,12,0,51,+24.720,6249011,38,15,1:48.035,200.035,Finished
8983,416,483,83,20,15,13,13,13,0,51,+40.663,6264954,35,16,1:48.155,199.813,Finished
8984,416,102,140,77,3,14,R,14,0,48,\N,\N,37,1,1:45.149,205.525,Puncture
8985,416,319,83,8,20,15,R,15,0,42,\N,\N,34,10,1:46.880,202.196,Accident
8986,416,792,169,33,5,16,R,16,0,39,\N,\N,31,5,1:45.771,204.316,Collision
8987,416,642,169,3,4,17,R,17,0,39,\N,\N,34,3,1:45.419,204.999,Collision
8988,416,377,170,27,14,18,R,18,0,10,\N,\N,10,18,1:48.867,198.506,Accident
8989,416,566,77,31,7,19,R,19,0,0,\N,\N,\N,\N,\N,\N,Collision
8990,416,719,212,35,11,20,R,20,0,0,\N,\N,\N,\N,\N,\N,Collision
8991,417,335,140,44,1,1,1,1,25,66,1:35:29.972,5729972,64,3,1:19.133,211.770,Finished
8992,417,102,140,77,2,2,2,2,18,66,+20.593,5750565,56,5,1:19.478,210.850,Finished
8993,417,792,169,33,5,3,3,3,15,66,+26.873,5756845,62,4,1:19.422,210.999,Finished
8994,417,794,73,5,3,4,4,4,12,66,+27.584,5757556,61,2,1:19.128,211.783,Finished
8995,417,642,169,3,6,5,5,5,10,66,+50.058,5780030,61,1,1:18.441,213.638,Finished
8996,417,483,83,20,7,6,6,6,8,65,\N,\N,64,6,1:20.246,208.832,+1 Lap
8997,417,672,170,55,9,7,7,7,6,65,\N,\N,61,9,1:21.324,206.064,+1 Lap
8998,417,17,135,14,8,8,8,8,4,65,\N,\N,64,7,1:20.727,207.588,+1 Lap
8999,417,622,77,11,15,9,9,9,2,64,\N,\N,43,8,1:21.128,206.562,+2 Laps
9000,417,445,172,16,14,10,10,10,1,64,\N,\N,51,14,1:22.122,204.062,+2 Laps
9001,417,739,212,18,18,11,11,11,0,64,\N,\N,60,12,1:22.095,204.129,+2 Laps
9002,417,343,200,28,20,12,12,12,0,64,\N,\N,63,10,1:21.439,205.773,+2 Laps
9003,417,234,172,9,17,13,13,13,0,64,\N,\N,50,15,1:22.487,203.159,+2 Laps
9004,417,719,212,35,19,14,14,14,0,63,\N,\N,57,17,1:22.680,202.685,+3 Laps
9005,417,788,135,2,11,15,R,15,0,45,\N,\N,38,16,1:22.594,202.896,Gearbox
9006,417,566,77,31,13,16,R,16,0,38,\N,\N,36,13,1:22.117,204.074,Oil leak
9007,417,669,73,7,4,17,R,17,0,25,\N,\N,23,11,1:21.531,205.541,Turbo
9008,417,319,83,8,10,18,R,18,0,0,\N,\N,\N,\N,\N,\N,Collision
9009,417,290,200,10,12,19,R,19,0,0,\N,\N,\N,\N,\N,\N,Collision
9010,417,377,170,27,16,20,R,20,0,0,\N,\N,\N,\N,\N,\N,Collision
9011,418,642,169,3,1,1,1,1,25,78,1:42:54.807,6174807,13,5,1:15.562,158.984,Finished
9012,418,794,73,5,2,2,2,2,18,78,+7.336,6182143,14,7,1:16.065,157.933,Finished
9013,418,335,140,44,3,3,3,3,15,78,+17.013,6191820,15,8,1:16.270,157.508,Finished
9014,418,669,73,7,4,4,4,4,12,78,+18.127,6192934,13,10,1:16.392,157.257,Finished
9015,418,102,140,77,5,5,5,5,10,78,+18.822,6193629,21,9,1:16.312,157.422,Finished
9016,418,566,77,31,6,6,6,6,8,78,+23.667,6198474,63,14,1:17.027,155.960,Finished
9017,418,290,200,10,10,7,7,7,6,78,+24.331,6199138,68,15,1:17.099,155.815,Finished
9018,418,377,170,27,11,8,8,8,4,78,+24.839,6199646,57,6,1:16.061,157.941,Finished
9019,418,792,169,33,20,9,9,9,2,78,+25.317,6200124,60,1,1:14.260,161.772,Finished
9020,418,672,170,55,8,10,10,10,1,78,+1:09.013,6243820,19,18,1:17.491,155.027,Finished
9021,418,234,172,9,16,11,11,11,0,78,+1:09.864,6244671,19,12,1:16.936,156.145,Finished
9022,418,622,77,11,9,12,12,12,0,78,+1:10.461,6245268,24,19,1:17.546,154.917,Finished
9023,418,483,83,20,19,13,13,13,0,78,+1:14.823,6249630,20,17,1:17.476,155.057,Finished
9024,418,788,135,2,12,14,14,14,0,77,\N,\N,76,11,1:16.864,156.291,+1 Lap
9025,418,319,83,8,18,15,15,15,0,77,\N,\N,74,2,1:14.822,160.557,+1 Lap
9026,418,719,212,35,13,16,16,16,0,77,\N,\N,75,4,1:15.325,159.484,+1 Lap
9027,418,739,212,18,17,17,17,17,0,76,\N,\N,61,3,1:14.944,160.295,+2 Laps
9028,418,445,172,16,14,18,R,18,0,70,\N,\N,17,20,1:17.710,154.590,Collision
9029,418,343,200,28,15,19,R,19,0,70,\N,\N,15,16,1:17.172,155.667,Collision
9030,418,17,135,14,7,20,R,20,0,52,\N,\N,23,13,1:17.018,155.979,Gearbox
9031,419,794,73,5,1,1,1,1,25,68,1:28:31.377,5311377,57,2,1:13.964,212.260,Finished
9032,419,102,140,77,2,2,2,2,18,68,+7.376,5318753,51,3,1:13.992,212.179,Finished
9033,419,792,169,33,3,3,3,3,15,68,+8.360,5319737,65,1,1:13.864,212.547,Finished
9034,419,642,169,3,6,4,4,4,12,68,+20.892,5332269,59,5,1:14.159,211.701,Finished
9035,419,335,140,44,4,5,5,5,10,68,+21.559,5332936,66,6,1:14.183,211.633,Finished
9036,419,669,73,7,5,6,6,6,8,68,+27.184,5338561,59,4,1:14.075,211.941,Finished
9037,419,377,170,27,7,7,7,7,6,67,\N,\N,64,11,1:15.588,207.699,+1 Lap
9038,419,672,170,55,9,8,8,8,4,67,\N,\N,61,13,1:15.666,207.485,+1 Lap
9039,419,566,77,31,8,9,9,9,2,67,\N,\N,61,12,1:15.610,207.639,+1 Lap
9040,419,445,172,16,13,10,10,10,1,67,\N,\N,65,10,1:15.480,207.996,+1 Lap
9041,419,290,200,10,16,11,11,11,0,67,\N,\N,67,14,1:15.699,207.395,+1 Lap
9042,419,319,83,8,20,12,12,12,0,67,\N,\N,56,9,1:15.470,208.024,+1 Lap
9043,419,483,83,20,11,13,13,13,0,67,\N,\N,65,8,1:15.401,208.214,+1 Lap
9044,419,622,77,11,10,14,14,14,0,67,\N,\N,64,7,1:15.100,209.049,+1 Lap
9045,419,234,172,9,19,15,15,15,0,66,\N,\N,62,18,1:16.403,205.484,+2 Laps
9046,419,788,135,2,15,16,16,16,0,66,\N,\N,55,15,1:15.765,207.214,+2 Laps
9047,419,719,212,35,18,17,17,17,0,66,\N,\N,53,16,1:15.924,206.780,+2 Laps
9048,419,17,135,14,14,18,R,18,0,40,\N,\N,33,17,1:16.180,206.085,Exhaust
9049,419,343,200,28,12,19,R,19,0,0,\N,\N,\N,\N,\N,\N,Collision
9050,419,739,212,18,17,20,R,20,0,0,\N,\N,\N,\N,\N,\N,Collision
9051,420,335,140,44,1,1,1,1,25,53,1:30:11.385,5411385,49,5,1:34.509,222.531,Finished
9052,420,792,169,33,4,2,2,2,18,53,+7.090,5418475,47,2,1:34.275,223.083,Finished
9053,420,669,73,7,6,3,3,3,15,53,+25.888,5437273,48,3,1:34.398,222.792,Finished
9054,420,642,169,3,5,4,4,4,12,53,+34.736,5446121,37,7,1:35.382,220.494,Finished
9055,420,794,73,5,3,5,5,5,10,53,+1:01.935,5473320,42,4,1:34.485,222.587,Finished
9056,420,483,83,20,9,6,6,6,8,53,+1:19.364,5490749,50,8,1:35.425,220.395,Finished
9057,420,102,140,77,2,7,7,7,6,53,+1:20.632,5492017,41,1,1:34.225,223.201,Finished
9058,420,672,170,55,7,8,8,8,4,53,+1:27.184,5498569,46,9,1:35.638,219.904,Finished
9059,420,377,170,27,12,9,9,9,2,53,+1:31.989,5503374,46,11,1:35.873,219.365,Finished
9060,420,445,172,16,8,10,10,10,1,53,+1:33.873,5505258,45,12,1:35.977,219.127,Finished
9061,420,319,83,8,10,11,11,11,0,52,\N,\N,47,10,1:35.695,219.773,+1 Lap
9062,420,788,135,2,17,12,12,12,0,52,\N,\N,48,14,1:36.675,217.545,+1 Lap
9063,420,234,172,9,15,13,13,13,0,52,\N,\N,37,13,1:36.494,217.953,+1 Lap
9064,420,343,200,28,20,14,14,14,0,52,\N,\N,40,15,1:36.839,217.176,+1 Lap
9065,420,719,212,35,18,15,15,15,0,52,\N,\N,35,16,1:38.300,213.949,+1 Lap
9066,420,17,135,14,16,16,16,16,0,50,\N,\N,48,6,1:35.133,221.071,Wheel
9067,420,739,212,18,19,17,17,17,0,48,\N,\N,35,18,1:38.319,213.907,Puncture
9068,420,622,77,11,13,18,R,18,0,27,\N,\N,25,17,1:38.319,213.907,Engine
9069,420,566,77,31,11,19,R,19,0,0,\N,\N,\N,\N,\N,\N,Collision
9070,420,290,200,10,14,20,R,20,0,0,\N,\N,\N,\N,\N,\N,Collision
9071,421,792,169,33,4,1,1,1,25,71,1:21:56.024,4916024,70,4,1:07.442,230.491,Finished
9072,421,669,73,7,3,2,2,2,18,71,+1.504,4917528,71,1,1:06.957,232.160,Finished
9073,421,794,73,5,6,3,3,3,15,71,+3.181,4919205,67,2,1:07.082,231.728,Finished
9074,421,319,83,8,5,4,4,4,12,70,\N,\N,17,16,1:09.071,225.055,+1 Lap
9075,421,483,83,20,8,5,5,5,10,70,\N,\N,70,7,1:08.476,227.010,+1 Lap
9076,421,566,77,31,11,6,6,6,8,70,\N,\N,64,11,1:08.850,225.777,+1 Lap
9077,421,622,77,11,16,7,7,7,6,70,\N,\N,66,8,1:08.504,226.918,+1 Lap
9078,421,17,135,14,13,8,8,8,4,70,\N,\N,69,9,1:08.661,226.399,+1 Lap
9079,421,445,172,16,18,9,9,9,2,70,\N,\N,68,14,1:09.006,225.267,+1 Lap
9080,421,234,172,9,20,10,10,10,1,70,\N,\N,67,6,1:08.216,227.876,+1 Lap
9081,421,290,200,10,12,11,11,11,0,70,\N,\N,38,19,1:09.295,224.327,+1 Lap
9082,421,672,170,55,9,12,12,12,0,70,\N,\N,37,10,1:08.766,226.053,+1 Lap
9083,421,719,212,35,17,13,13,13,0,69,\N,\N,64,13,1:08.971,225.381,+2 Laps
9084,421,739,212,18,14,14,14,14,0,69,\N,\N,68,18,1:09.203,224.626,+2 Laps
9085,421,788,135,2,15,15,15,15,0,65,\N,\N,63,12,1:08.894,225.633,Collision damage
9086,421,335,140,44,2,16,R,16,0,62,\N,\N,58,3,1:07.241,231.180,Fuel pressure
9087,421,343,200,28,19,17,R,17,0,54,\N,\N,42,17,1:09.171,224.730,Hydraulics
9088,421,642,169,3,7,18,R,18,0,53,\N,\N,46,5,1:07.591,229.983,Exhaust
9089,421,102,140,77,1,19,R,19,0,13,\N,\N,12,15,1:09.044,225.143,Hydraulics
9090,421,377,170,27,10,20,R,20,0,11,\N,\N,7,20,1:10.380,220.869,Engine
9091,422,794,73,5,2,1,1,1,25,52,1:27:29.784,5249784,47,1,1:30.696,233.831,Finished
9092,422,335,140,44,1,2,2,2,18,52,+2.264,5252048,52,3,1:31.245,232.424,Finished
9093,422,669,73,7,3,3,3,3,15,52,+3.652,5253436,51,2,1:30.795,233.576,Finished
9094,422,102,140,77,4,4,4,4,12,52,+8.883,5258667,43,4,1:31.377,232.089,Finished
9095,422,642,169,3,6,5,5,5,10,52,+9.500,5259284,46,5,1:31.589,231.551,Finished
9096,422,377,170,27,11,6,6,6,8,52,+28.220,5278004,48,7,1:33.405,227.049,Finished
9097,422,566,77,31,10,7,7,7,6,52,+29.930,5279714,48,13,1:33.606,226.562,Finished
9098,422,17,135,14,13,8,8,8,4,52,+31.115,5280899,52,10,1:33.482,226.862,Finished
9099,422,483,83,20,7,9,9,9,2,52,+33.188,5282972,48,12,1:33.604,226.567,Finished
9100,422,622,77,11,12,10,10,10,1,52,+34.708,5284492,48,9,1:33.472,226.887,Finished
9101,422,788,135,2,17,11,11,11,0,52,+35.774,5285558,48,11,1:33.551,226.695,Finished
9102,422,739,212,18,19,12,12,12,0,52,+38.106,5287890,48,15,1:33.869,225.927,Finished
9103,422,290,200,10,14,13,13,13,0,52,+39.129,5288913,48,8,1:33.465,226.904,Finished
9104,422,719,212,35,18,14,14,14,0,52,+48.113,5297897,52,18,1:34.620,224.134,Finished
9105,422,792,169,33,5,15,R,15,0,46,\N,\N,42,6,1:32.007,230.499,Brakes
9106,422,319,83,8,8,16,R,16,0,37,\N,\N,28,16,1:34.391,224.678,Collision
9107,422,672,170,55,16,17,R,17,0,37,\N,\N,25,17,1:34.602,224.177,Collision
9108,422,234,172,9,15,18,R,18,0,31,\N,\N,26,14,1:33.675,226.395,Accident
9109,422,445,172,16,9,19,R,19,0,18,\N,\N,3,19,1:35.209,222.747,Tyre
9110,422,343,200,28,0,20,R,20,0,1,\N,\N,\N,\N,\N,\N,Power Unit
9111,423,335,140,44,14,1,1,1,25,67,1:32:29.845,5549845,66,1,1:15.545,217.968,Finished
9112,423,102,140,77,2,2,2,2,18,67,+4.535,5554380,65,2,1:15.721,217.461,Finished
9113,423,669,73,7,3,3,3,3,15,67,+6.732,5556577,64,4,1:15.990,216.691,Finished
9114,423,792,169,33,4,4,4,4,12,67,+7.654,5557499,66,3,1:15.852,217.085,Finished
9115,423,377,170,27,7,5,5,5,10,67,+26.609,5576454,66,16,1:17.910,211.351,Finished
9116,423,319,83,8,6,6,6,6,8,67,+28.871,5578716,66,5,1:16.716,214.641,Finished
9117,423,622,77,11,10,7,7,7,6,67,+30.556,5580401,66,15,1:17.867,211.468,Finished
9118,423,566,77,31,15,8,8,8,4,67,+31.750,5581595,64,17,1:17.941,211.267,Finished
9119,423,234,172,9,13,9,9,9,2,67,+32.362,5582207,65,12,1:17.745,211.800,Finished
9120,423,343,200,28,17,10,10,10,1,67,+34.197,5584042,66,9,1:17.681,211.974,Finished
9121,423,483,83,20,5,11,11,11,0,67,+34.919,5584764,66,10,1:17.697,211.930,Finished
9122,423,672,170,55,8,12,12,12,0,67,+43.069,5592914,63,7,1:17.430,212.661,Finished
9123,423,788,135,2,19,13,13,13,0,67,+46.617,5596462,67,8,1:17.537,212.368,Finished
9124,423,290,200,10,16,14,14,14,0,66,\N,\N,66,13,1:17.762,211.753,+1 Lap
9125,423,445,172,16,9,15,15,15,0,66,\N,\N,64,14,1:17.852,211.509,+1 Lap
9126,423,17,135,14,11,16,16,16,0,65,\N,\N,60,11,1:17.741,211.811,Retired
9127,423,739,212,18,18,17,R,17,0,53,\N,\N,35,19,1:18.861,208.802,Engine
9128,423,794,73,5,1,18,R,18,0,51,\N,\N,39,6,1:17.290,213.046,Accident
9129,423,719,212,35,12,19,R,19,0,51,\N,\N,36,20,1:18.934,208.609,Engine
9130,423,642,169,3,20,20,R,20,0,27,\N,\N,22,18,1:18.262,210.400,Engine
9131,424,335,140,44,1,1,1,1,25,70,1:37:16.427,5836427,63,4,1:21.107,194.454,Finished
9132,424,794,73,5,4,2,2,2,18,70,+17.123,5853550,70,2,1:20.056,197.007,Finished
9133,424,669,73,7,3,3,3,3,15,70,+20.101,5856528,55,3,1:20.292,196.428,Finished
9134,424,642,169,3,12,4,4,4,12,70,+46.419,5882846,46,1,1:20.012,197.115,Finished
9135,424,102,140,77,2,5,5,5,10,70,+50.000,5886427,39,8,1:21.736,192.957,Finished
9136,424,290,200,10,6,6,6,6,8,70,+1:13.273,5909700,64,7,1:21.685,193.078,Finished
9137,424,483,83,20,9,7,7,7,6,69,\N,\N,60,6,1:21.302,193.987,+1 Lap
9138,424,17,135,14,11,8,8,8,4,69,\N,\N,68,9,1:22.090,192.125,+1 Lap
9139,424,672,170,55,5,9,9,9,2,69,\N,\N,58,13,1:22.774,190.538,+1 Lap
9140,424,319,83,8,10,10,10,10,1,69,\N,\N,58,10,1:22.606,190.925,+1 Lap
9141,424,343,200,28,8,11,11,11,0,69,\N,\N,62,11,1:22.612,190.911,+1 Lap
9142,424,377,170,27,13,12,12,12,0,69,\N,\N,69,5,1:21.261,194.085,+1 Lap
9143,424,566,77,31,18,13,13,13,0,69,\N,\N,63,14,1:22.876,190.303,+1 Lap
9144,424,622,77,11,19,14,14,14,0,69,\N,\N,56,16,1:23.263,189.419,+1 Lap
9145,424,234,172,9,14,15,15,15,0,68,\N,\N,53,17,1:23.671,188.495,+2 Laps
9146,424,719,212,35,20,16,16,16,0,68,\N,\N,53,18,1:23.708,188.412,+2 Laps
9147,424,739,212,18,15,17,17,17,0,68,\N,\N,51,12,1:22.660,190.800,+2 Laps
9148,424,788,135,2,16,18,R,18,0,49,\N,\N,46,15,1:23.077,189.843,Gearbox
9149,424,792,169,33,7,19,R,19,0,5,\N,\N,5,19,1:23.985,187.790,Power loss
9150,424,445,172,16,17,20,R,20,0,0,\N,\N,\N,\N,\N,\N,Suspension
9151,425,794,73,5,2,1,1,1,25,44,1:23:34.476,5014476,25,2,1:46.644,236.435,Finished
9152,425,335,140,44,1,2,2,2,18,44,+11.061,5025537,23,3,1:46.721,236.264,Finished
9153,425,792,169,33,7,3,3,3,15,44,+31.372,5045848,36,4,1:46.946,235.767,Finished
9154,425,102,140,77,19,4,4,4,12,44,+1:03.605,5078081,32,1,1:46.286,237.231,Finished
9155,425,622,77,11,4,5,5,5,10,44,+1:11.023,5085499,38,7,1:48.080,233.293,Finished
9156,425,566,77,31,3,6,6,6,8,44,+1:19.520,5093996,35,6,1:48.078,233.298,Finished
9157,425,319,83,8,5,7,7,7,6,44,+1:25.953,5100429,35,8,1:48.283,232.856,Finished
9158,425,483,83,20,9,8,8,8,4,44,+1:27.639,5102115,36,5,1:47.937,233.602,Finished
9159,425,290,200,10,10,9,9,9,2,44,+1:45.892,5120368,36,9,1:48.588,232.202,Finished
9160,425,234,172,9,13,10,10,10,1,43,\N,\N,35,11,1:48.694,231.976,+1 Lap
9161,425,672,170,55,14,11,11,11,0,43,\N,\N,32,10,1:48.670,232.027,+1 Lap
9162,425,719,212,35,16,12,12,12,0,43,\N,\N,42,14,1:49.113,231.085,+1 Lap
9163,425,739,212,18,17,13,13,13,0,43,\N,\N,39,16,1:49.287,230.717,+1 Lap
9164,425,343,200,28,11,14,14,14,0,43,\N,\N,33,12,1:48.756,231.843,+1 Lap
9165,425,788,135,2,18,15,15,15,0,43,\N,\N,38,13,1:48.956,231.418,+1 Lap
9166,425,642,169,3,8,16,R,16,0,28,\N,\N,27,15,1:49.242,230.812,Retired
9167,425,669,73,7,6,17,R,17,0,8,\N,\N,6,17,1:54.320,220.559,Brakes
9168,425,445,172,16,12,18,R,18,0,0,\N,\N,\N,\N,\N,\N,Accident
9169,425,17,135,14,15,19,R,19,0,0,\N,\N,\N,\N,\N,\N,Accident
9170,425,377,170,27,20,20,R,20,0,0,\N,\N,\N,\N,\N,\N,Accident
9171,426,335,140,44,3,1,1,1,25,53,1:16:54.484,4614484,30,1,1:22.497,252.794,Finished
9172,426,669,73,7,1,2,2,2,18,53,+8.705,4623189,28,4,1:23.515,249.713,Finished
9173,426,102,140,77,4,3,3,3,15,53,+14.066,4628550,39,3,1:22.907,251.544,Finished
9174,426,794,73,5,2,4,4,4,12,53,+16.151,4630635,51,2,1:22.505,252.770,Finished
9175,426,792,169,33,5,5,5,5,10,53,+18.208,4632692,41,6,1:23.609,249.432,Finished
9176,426,566,77,31,8,6,6,6,8,53,+57.761,4672245,48,12,1:24.243,247.555,Finished
9177,426,622,77,11,14,7,7,7,6,53,+58.678,4673162,44,11,1:24.179,247.743,Finished
9178,426,672,170,55,7,8,8,8,4,53,+1:18.140,4692624,43,5,1:23.529,249.671,Finished
9179,426,739,212,18,10,9,9,9,2,52,\N,\N,52,9,1:24.056,248.106,+1 Lap
9180,426,719,212,35,12,10,10,10,1,52,\N,\N,39,14,1:24.580,246.568,+1 Lap
9181,426,445,172,16,15,11,11,11,0,52,\N,\N,52,8,1:23.768,248.959,+1 Lap
9182,426,788,135,2,17,12,12,12,0,52,\N,\N,52,13,1:24.504,246.790,+1 Lap
9183,426,377,170,27,20,13,13,13,0,52,\N,\N,47,16,1:24.772,246.010,+1 Lap
9184,426,290,200,10,9,14,14,14,0,52,\N,\N,47,10,1:24.059,248.097,+1 Lap
9185,426,234,172,9,18,15,15,15,0,52,\N,\N,46,15,1:24.767,246.024,+1 Lap
9186,426,483,83,20,11,16,16,16,0,52,\N,\N,44,7,1:23.768,248.959,+1 Lap
9187,426,642,169,3,19,17,R,17,0,23,\N,\N,46,18,1:25.692,243.369,Engine
9188,426,17,135,14,13,18,R,18,0,9,\N,\N,18,17,1:25.229,244.691,Engine
9189,426,343,200,28,16,19,R,19,0,0,\N,\N,6,19,1:27.009,239.685,Brakes
9190,426,319,83,8,6,20,D,20,0,53,\N,\N,\N,\N,\N,\N,Disqualified
9191,427,335,140,44,1,1,1,1,25,61,1:51:11.611,6671611,56,2,1:42.913,177.108,Finished
9192,427,792,169,33,2,2,2,2,18,61,+8.961,6680572,54,5,1:43.345,176.368,Finished
9193,427,794,73,5,3,3,3,3,15,61,+39.984,6711595,48,6,1:44.669,174.137,Finished
9194,427,102,140,77,4,4,4,4,12,61,+51.930,6723541,42,8,1:44.720,174.052,Finished
9195,427,669,73,7,5,5,5,5,10,61,+53.001,6724612,46,7,1:44.715,174.061,Finished
9196,427,642,169,3,6,6,6,6,8,61,+53.982,6725593,59,3,1:43.120,176.753,Finished
9197,427,17,135,14,11,7,7,7,6,61,+1:43.001,6774612,57,4,1:43.164,176.677,Finished
9198,427,672,170,55,12,8,8,8,4,60,\N,\N,50,12,1:45.211,173.240,+1 Lap
9199,427,445,172,16,13,9,9,9,2,60,\N,\N,57,11,1:45.203,173.253,+1 Lap
9200,427,377,170,27,10,10,10,10,1,60,\N,\N,53,19,1:46.093,171.800,+1 Lap
9201,427,234,172,9,14,11,11,11,0,60,\N,\N,50,10,1:45.169,173.309,+1 Lap
9202,427,788,135,2,18,12,12,12,0,60,\N,\N,50,14,1:45.555,172.675,+1 Lap
9203,427,290,200,10,15,13,13,13,0,60,\N,\N,56,18,1:46.063,171.848,+1 Lap
9204,427,739,212,18,20,14,14,14,0,60,\N,\N,53,17,1:46.033,171.897,+1 Lap
9205,427,319,83,8,8,15,15,15,0,60,\N,\N,57,16,1:45.904,172.106,+1 Lap
9206,427,622,77,11,7,16,16,16,0,60,\N,\N,48,13,1:45.389,172.947,+1 Lap
9207,427,343,200,28,17,17,17,17,0,60,\N,\N,38,9,1:44.889,173.772,+1 Lap
9208,427,483,83,20,16,18,18,18,0,59,\N,\N,50,1,1:41.905,178.860,+2 Laps
9209,427,719,212,35,19,19,19,19,0,59,\N,\N,48,15,1:45.902,172.110,+2 Laps
9210,427,566,77,31,9,20,R,20,0,0,\N,\N,\N,\N,\N,\N,Collision
9211,428,335,140,44,2,1,1,1,25,53,1:27:25.181,5245181,50,2,1:35.916,219.492,Finished
9212,428,102,140,77,1,2,2,2,18,53,+2.545,5247726,50,1,1:35.861,219.617,Finished
9213,428,794,73,5,3,3,3,3,15,53,+7.487,5252668,50,3,1:35.990,219.322,Finished
9214,428,669,73,7,4,4,4,4,12,53,+16.543,5261724,47,6,1:36.611,217.913,Finished
9215,428,792,169,33,19,5,5,5,10,53,+31.016,5276197,45,4,1:36.283,218.655,Finished
9216,428,642,169,3,18,6,6,6,8,53,+1:20.451,5325632,41,5,1:36.345,218.514,Finished
9217,428,445,172,16,7,7,7,7,6,53,+1:38.390,5343571,52,9,1:38.107,214.590,Finished
9218,428,483,83,20,5,8,8,8,4,52,\N,\N,52,8,1:38.015,214.791,+1 Lap
9219,428,566,77,31,6,9,9,9,2,52,\N,\N,52,12,1:38.366,214.025,+1 Lap
9220,428,622,77,11,8,10,10,10,1,52,\N,\N,47,11,1:38.300,214.168,+1 Lap
9221,428,319,83,8,9,11,11,11,0,52,\N,\N,46,10,1:38.244,214.290,+1 Lap
9222,428,377,170,27,12,12,12,12,0,52,\N,\N,52,13,1:39.108,212.422,+1 Lap
9223,428,234,172,9,10,13,13,13,0,52,\N,\N,39,7,1:37.931,214.975,+1 Lap
9224,428,17,135,14,16,14,14,14,0,52,\N,\N,44,15,1:39.590,211.394,+1 Lap
9225,428,739,212,18,14,15,15,15,0,52,\N,\N,44,14,1:39.435,211.724,+1 Lap
9226,428,788,135,2,15,16,16,16,0,51,\N,\N,41,18,1:39.922,210.692,+2 Laps
9227,428,672,170,55,11,17,17,17,0,51,\N,\N,35,16,1:39.731,211.095,+2 Laps
9228,428,719,212,35,13,18,18,18,0,51,\N,\N,43,17,1:39.838,210.869,+2 Laps
9229,428,290,200,10,17,19,R,19,0,4,\N,\N,3,19,1:44.071,202.292,Brakes
9230,428,343,200,28,20,20,R,20,0,4,\N,\N,2,20,1:45.852,198.889,Brakes
9231,429,335,140,44,1,1,1,1,25,53,1:27:17.062,5237062,51,2,1:32.785,225.307,Finished
9232,429,102,140,77,2,2,2,2,18,53,+12.919,5249981,46,3,1:33.110,224.521,Finished
9233,429,792,169,33,3,3,3,3,15,53,+14.295,5251357,50,6,1:33.367,223.903,Finished
9234,429,642,169,3,15,4,4,4,12,53,+19.495,5256557,50,4,1:33.187,224.336,Finished
9235,429,669,73,7,4,5,5,5,10,53,+50.998,5288060,28,12,1:34.223,221.869,Finished
9236,429,794,73,5,8,6,6,6,8,53,+1:09.873,5306935,53,1,1:32.318,226.447,Finished
9237,429,622,77,11,9,7,7,7,6,53,+1:19.379,5316441,43,9,1:34.073,222.223,Finished
9238,429,319,83,8,5,8,8,8,4,53,+1:27.198,5324260,47,15,1:34.786,220.551,Finished
9239,429,566,77,31,11,9,9,9,2,53,+1:28.055,5325117,50,14,1:34.670,220.821,Finished
9240,429,672,170,55,13,10,10,10,1,52,\N,\N,50,11,1:34.197,221.930,+1 Lap
9241,429,290,200,10,7,11,11,11,0,52,\N,\N,35,10,1:34.133,222.081,+1 Lap
9242,429,234,172,9,20,12,12,12,0,52,\N,\N,8,19,1:36.294,217.097,+1 Lap
9243,429,343,200,28,6,13,13,13,0,52,\N,\N,30,16,1:34.857,220.386,+1 Lap
9244,429,17,135,14,18,14,14,14,0,52,\N,\N,28,7,1:33.943,222.530,+1 Lap
9245,429,788,135,2,19,15,15,15,0,52,\N,\N,25,18,1:35.023,220.001,+1 Lap
9246,429,719,212,35,17,16,16,16,0,52,\N,\N,41,8,1:33.985,222.431,+1 Lap
9247,429,739,212,18,14,17,17,17,0,52,\N,\N,41,5,1:33.354,223.934,+1 Lap
9248,429,445,172,16,10,18,R,18,0,38,\N,\N,37,13,1:34.515,221.183,Mechanical
9249,429,377,170,27,16,19,R,19,0,37,\N,\N,32,17,1:34.934,220.207,Engine
9250,429,483,83,20,12,20,R,20,0,8,\N,\N,6,20,1:39.908,209.244,Collision damage
9251,430,669,73,7,2,1,1,1,25,56,1:34:18.643,5658643,45,5,1:38.482,201.527,Finished
9252,430,792,169,33,18,2,2,2,18,56,+1.281,5659924,45,2,1:38.246,202.011,Finished
9253,430,335,140,44,1,3,3,3,15,56,+2.342,5660985,40,1,1:37.392,203.782,Finished
9254,430,794,73,5,5,4,4,4,12,56,+18.222,5676865,41,3,1:38.280,201.941,Finished
9255,430,102,140,77,3,5,5,5,10,56,+24.744,5683387,46,4,1:38.470,201.551,Finished
9256,430,377,170,27,7,6,6,6,8,56,+1:27.210,5745853,51,8,1:39.548,199.369,Finished
9257,430,672,170,55,11,7,7,7,6,56,+1:34.994,5753637,45,11,1:39.858,198.750,Finished
9258,430,622,77,11,10,8,8,8,4,56,+1:41.080,5759723,45,13,1:39.992,198.483,Finished
9259,430,343,200,28,20,9,9,9,2,55,\N,\N,32,6,1:38.963,200.547,+1 Lap
9260,430,234,172,9,16,10,10,10,1,55,\N,\N,36,9,1:39.569,199.327,+1 Lap
9261,430,788,135,2,17,11,11,11,0,55,\N,\N,52,12,1:39.915,198.636,+1 Lap
9262,430,290,200,10,19,12,12,12,0,55,\N,\N,33,14,1:40.098,198.273,+1 Lap
9263,430,719,212,35,14,13,13,13,0,55,\N,\N,42,7,1:39.240,199.987,+1 Lap
9264,430,739,212,18,15,14,14,14,0,54,\N,\N,38,10,1:39.646,199.173,+2 Laps
9265,430,445,172,16,9,15,R,15,0,31,\N,\N,12,16,1:40.522,197.437,Collision damage
9266,430,642,169,3,4,16,R,16,0,8,\N,\N,49,15,1:40.433,197.612,Battery
9267,430,319,83,8,8,17,R,17,0,2,\N,\N,12,18,1:41.982,194.610,Collision damage
9268,430,17,135,14,13,18,R,18,0,1,\N,\N,5,17,1:40.933,196.633,Collision
9269,430,566,77,31,6,19,D,19,0,56,\N,\N,\N,\N,\N,\N,Disqualified
9270,430,483,83,20,12,20,D,20,0,56,\N,\N,\N,\N,\N,\N,Disqualified
9271,431,792,169,33,2,1,1,1,25,71,1:38:28.851,5908851,66,2,1:19.186,195.670,Finished
9272,431,794,73,5,4,2,2,2,18,71,+17.316,5926167,49,4,1:19.522,194.844,Finished
9273,431,669,73,7,6,3,3,3,15,71,+49.914,5958765,19,5,1:20.334,192.874,Finished
9274,431,335,140,44,3,4,4,4,12,71,+1:18.738,5987589,49,8,1:20.728,191.933,Finished
9275,431,102,140,77,5,5,5,5,10,70,\N,\N,65,1,1:18.741,196.776,+1 Lap
9276,431,377,170,27,7,6,6,6,8,69,\N,\N,67,7,1:20.637,192.150,+2 Laps
9277,431,445,172,16,9,7,7,7,6,69,\N,\N,67,6,1:20.537,192.388,+2 Laps
9278,431,788,135,2,15,8,8,8,4,69,\N,\N,14,11,1:21.921,189.138,+2 Laps
9279,431,234,172,9,10,9,9,9,2,69,\N,\N,18,14,1:22.440,187.947,+2 Laps
9280,431,290,200,10,20,10,10,10,1,69,\N,\N,69,17,1:22.755,187.232,+2 Laps
9281,431,566,77,31,11,11,11,11,0,69,\N,\N,6,15,1:22.629,187.517,+2 Laps
9282,431,739,212,18,17,12,12,12,0,69,\N,\N,27,18,1:22.983,186.717,+2 Laps
9283,431,719,212,35,19,13,13,13,0,69,\N,\N,66,16,1:22.640,187.492,+2 Laps
9284,431,343,200,28,14,14,14,14,0,69,\N,\N,26,13,1:22.438,187.952,+2 Laps
9285,431,483,83,20,16,15,15,15,0,69,\N,\N,45,10,1:21.874,189.246,+2 Laps
9286,431,319,83,8,18,16,16,16,0,68,\N,\N,46,9,1:21.370,190.419,+3 Laps
9287,431,642,169,3,1,17,R,17,0,61,\N,\N,57,3,1:19.462,194.991,Engine
9288,431,622,77,11,13,18,R,18,0,38,\N,\N,6,19,1:23.545,185.461,Brakes
9289,431,672,170,55,8,19,R,19,0,28,\N,\N,6,12,1:22.386,188.070,Suspension
9290,431,17,135,14,12,20,R,20,0,3,\N,\N,3,20,1:24.197,184.025,Engine
9291,432,335,140,44,1,1,1,1,25,71,1:27:09.066,5229066,70,7,1:11.795,216.065,Finished
9292,432,792,169,33,5,2,2,2,18,71,+1.469,5230535,61,4,1:11.578,216.720,Finished
9293,432,669,73,7,4,3,3,3,15,71,+4.764,5233830,64,6,1:11.769,216.143,Finished
9294,432,642,169,3,11,4,4,4,12,71,+5.193,5234259,62,3,1:11.343,217.434,Finished
9295,432,102,140,77,3,5,5,5,10,71,+22.943,5252009,65,1,1:10.540,219.909,Finished
9296,432,794,73,5,2,6,6,6,8,71,+26.997,5256063,71,2,1:10.831,219.005,Finished
9297,432,445,172,16,7,7,7,7,6,71,+44.199,5273265,70,8,1:12.082,215.204,Finished
9298,432,319,83,8,8,8,8,8,4,71,+51.230,5280296,71,12,1:12.362,214.372,Finished
9299,432,483,83,20,10,9,9,9,2,71,+52.857,5281923,67,10,1:12.206,214.835,Finished
9300,432,622,77,11,12,10,10,10,1,70,\N,\N,58,13,1:12.472,214.046,+1 Lap
9301,432,343,200,28,16,11,11,11,0,70,\N,\N,53,15,1:12.949,212.647,+1 Lap
9302,432,672,170,55,15,12,12,12,0,70,\N,\N,50,9,1:12.169,214.945,+1 Lap
9303,432,290,200,10,9,13,13,13,0,70,\N,\N,55,17,1:13.822,210.132,+1 Lap
9304,432,788,135,2,20,14,14,14,0,70,\N,\N,68,16,1:12.968,212.591,+1 Lap
9305,432,566,77,31,18,15,15,15,0,70,\N,\N,70,11,1:12.352,214.401,+1 Lap
9306,432,719,212,35,14,16,16,16,0,69,\N,\N,52,19,1:14.262,208.887,+2 Laps
9307,432,17,135,14,17,17,17,17,0,69,\N,\N,57,14,1:12.643,213.542,+2 Laps
9308,432,739,212,18,19,18,18,18,0,69,\N,\N,68,5,1:11.751,216.197,+2 Laps
9309,432,377,170,27,13,19,R,19,0,32,\N,\N,30,18,1:14.029,209.544,Overheating
9310,432,234,172,9,6,20,R,20,0,20,\N,\N,3,20,1:15.281,206.059,Collision
9311,433,335,140,44,1,1,1,1,25,55,1:39:40.382,5980382,53,5,1:41.357,197.267,Finished
9312,433,794,73,5,3,2,2,2,18,55,+2.581,5982963,54,1,1:40.867,198.225,Finished
9313,433,792,169,33,6,3,3,3,15,55,+12.706,5993088,51,6,1:41.909,196.198,Finished
9314,433,642,169,3,5,4,4,4,12,55,+15.379,5995761,35,3,1:41.249,197.477,Finished
9315,433,102,140,77,2,5,5,5,10,55,+47.957,6028339,42,2,1:40.953,198.056,Finished
9316,433,672,170,55,11,6,6,6,8,55,+1:12.548,6052930,54,4,1:41.351,197.278,Finished
9317,433,445,172,16,8,7,7,7,6,55,+1:30.789,6071171,54,10,1:42.876,194.354,Finished
9318,433,622,77,11,14,8,8,8,4,55,+1:31.275,6071657,53,8,1:42.816,194.467,Finished
9319,433,319,83,8,7,9,9,9,2,54,\N,\N,54,11,1:43.195,193.753,+1 Lap
9320,433,483,83,20,13,10,10,10,1,54,\N,\N,53,9,1:42.822,194.456,+1 Lap
9321,433,17,135,14,15,11,11,11,0,54,\N,\N,53,7,1:42.393,195.271,+1 Lap
9322,433,343,200,28,16,12,12,12,0,54,\N,\N,53,17,1:44.174,191.932,+1 Lap
9323,433,739,212,18,20,13,13,13,0,54,\N,\N,53,16,1:44.033,192.192,+1 Lap
9324,433,788,135,2,18,14,14,14,0,54,\N,\N,53,12,1:43.249,193.652,+1 Lap
9325,433,719,212,35,19,15,15,15,0,54,\N,\N,54,14,1:43.831,192.566,+1 Lap
9326,433,290,200,10,17,16,R,16,0,46,\N,\N,42,15,1:43.988,192.276,Engine
9327,433,566,77,31,9,17,R,17,0,44,\N,\N,41,13,1:43.591,193.012,Engine
9328,433,234,172,9,12,18,R,18,0,24,\N,\N,22,19,1:46.077,188.489,Power loss
9329,433,669,73,7,4,19,R,19,0,6,\N,\N,5,18,1:45.198,190.064,Power loss
9330,433,377,170,27,10,20,R,20,0,0,\N,\N,\N,\N,\N,\N,Collision
9331,434,102,140,77,2,1,1,1,26,58,1:25:27.325,5127325,57,1,1:25.580,223.075,Finished
9332,434,335,140,44,1,2,2,2,18,58,+20.886,5148211,57,2,1:26.057,221.839,Finished
9333,434,792,169,33,4,3,3,3,15,58,+22.520,5149845,57,3,1:26.256,221.327,Finished
9334,434,794,73,5,3,4,4,4,12,58,+57.109,5184434,16,8,1:27.954,217.054,Finished
9335,434,445,73,16,5,5,5,5,10,58,+58.203,5185528,58,4,1:26.926,219.621,Finished
9336,434,483,83,20,7,6,6,6,8,58,+1:27.156,5214481,56,9,1:28.182,216.493,Finished
9337,434,377,170,27,11,7,7,7,6,57,\N,\N,52,12,1:28.444,215.851,+1 Lap
9338,434,669,4,7,9,8,8,8,4,57,\N,\N,52,11,1:28.270,216.277,+1 Lap
9339,434,739,163,18,16,9,9,9,2,57,\N,\N,29,7,1:27.568,218.011,+1 Lap
9340,434,425,200,26,15,10,10,10,1,57,\N,\N,39,6,1:27.448,218.310,+1 Lap
9341,434,290,169,10,17,11,11,11,0,57,\N,\N,39,5,1:27.229,218.858,+1 Lap
9342,434,560,135,4,8,12,12,12,0,57,\N,\N,17,16,1:28.555,215.581,+1 Lap
9343,434,622,163,11,10,13,13,13,0,57,\N,\N,41,15,1:28.485,215.751,+1 Lap
9344,434,11,200,23,13,14,14,14,0,57,\N,\N,43,10,1:28.188,216.478,+1 Lap
9345,434,302,4,99,14,15,15,15,0,57,\N,\N,29,14,1:28.479,215.766,+1 Lap
9346,434,663,212,63,19,16,16,16,0,56,\N,\N,55,17,1:28.713,215.197,+2 Laps
9347,434,423,212,88,20,17,17,17,0,55,\N,\N,30,18,1:29.284,213.821,+3 Laps
9348,434,319,83,8,6,18,R,18,0,29,\N,\N,17,13,1:28.462,215.807,Wheel
9349,434,642,170,3,12,19,R,19,0,28,\N,\N,18,19,1:29.848,212.478,Damage
9350,434,672,135,55,18,20,R,20,0,9,\N,\N,9,20,1:30.899,210.022,Engine
9351,435,335,140,44,3,1,1,1,25,57,1:34:21.295,5661295,36,2,1:33.528,208.314,Finished
9352,435,102,140,77,4,2,2,2,18,57,+2.980,5664275,42,3,1:34.209,206.808,Finished
9353,435,445,73,16,1,3,3,3,16,57,+6.131,5667426,38,1,1:33.411,208.575,Finished
9354,435,792,169,33,5,4,4,4,12,57,+6.408,5667703,47,9,1:35.311,204.417,Finished
9355,435,794,73,5,2,5,5,5,10,57,+36.068,5697363,43,4,1:34.895,205.313,Finished
9356,435,560,135,4,9,6,6,6,8,57,+45.754,5707049,14,12,1:35.777,203.422,Finished
9357,435,669,4,7,8,7,7,7,6,57,+47.470,5708765,45,11,1:35.589,203.822,Finished
9358,435,290,169,10,13,8,8,8,4,57,+58.094,5719389,42,8,1:35.291,204.460,Finished
9359,435,11,200,23,12,9,9,9,2,57,+1:02.697,5723992,39,16,1:36.752,201.372,Finished
9360,435,622,163,11,14,10,10,10,1,57,+1:03.696,5724991,51,14,1:36.330,202.254,Finished
9361,435,302,4,99,16,11,11,11,0,57,+1:04.599,5725894,42,7,1:35.237,204.575,Finished
9362,435,425,200,26,15,12,12,12,0,56,\N,\N,40,5,1:34.934,205.228,+1 Lap
9363,435,483,83,20,6,13,13,13,0,56,\N,\N,41,13,1:35.892,203.178,+1 Lap
9364,435,739,163,18,18,14,14,14,0,56,\N,\N,31,17,1:37.037,200.781,+1 Lap
9365,435,663,212,63,19,15,15,15,0,56,\N,\N,14,19,1:37.313,200.211,+1 Lap
9366,435,423,212,88,20,16,16,16,0,55,\N,\N,13,20,1:37.903,199.005,+2 Laps
9367,435,377,170,27,17,17,R,17,0,53,\N,\N,14,6,1:35.215,204.623,Engine
9368,435,642,170,3,10,18,R,18,0,53,\N,\N,42,15,1:36.697,201.487,Out of fuel
9369,435,672,135,55,7,19,R,19,0,53,\N,\N,42,10,1:35.586,203.829,Collision damage
9370,435,319,83,8,11,20,R,20,0,16,\N,\N,3,18,1:37.262,200.316,Retired
9371,436,335,140,44,2,1,1,1,25,56,1:32:06.350,5526350,47,5,1:35.892,204.642,Finished
9372,436,102,140,77,1,2,2,2,18,56,+6.552,5532902,38,4,1:34.872,206.842,Finished
9373,436,794,73,5,3,3,3,3,15,56,+13.774,5540124,37,2,1:34.836,206.921,Finished
9374,436,792,169,33,5,4,4,4,12,56,+27.627,5553977,45,6,1:36.143,204.108,Finished
9375,436,445,73,16,4,5,5,5,10,56,+31.276,5557626,45,3,1:34.860,206.869,Finished
9376,436,290,169,10,6,6,6,6,9,56,+1:29.307,5615657,55,1,1:34.742,207.126,Finished
9377,436,642,170,3,7,7,7,7,6,55,\N,\N,38,16,1:38.632,198.957,+1 Lap
9378,436,622,163,11,12,8,8,8,4,55,\N,\N,37,17,1:38.702,198.816,+1 Lap
9379,436,669,4,7,13,9,9,9,2,55,\N,\N,27,12,1:37.812,200.625,+1 Lap
9380,436,11,200,23,0,10,10,10,1,55,\N,\N,22,18,1:38.901,198.416,+1 Lap
9381,436,319,83,8,10,11,11,11,0,55,\N,\N,37,8,1:36.873,202.570,+1 Lap
9382,436,739,163,18,16,12,12,12,0,55,\N,\N,46,7,1:36.678,202.978,+1 Lap
9383,436,483,83,20,9,13,13,13,0,55,\N,\N,35,10,1:37.471,201.327,+1 Lap
9384,436,672,135,55,14,14,14,14,0,55,\N,\N,44,11,1:37.502,201.263,+1 Lap
9385,436,302,4,99,19,15,15,15,0,55,\N,\N,32,14,1:38.048,200.142,+1 Lap
9386,436,663,212,63,17,16,16,16,0,54,\N,\N,51,9,1:37.283,201.716,+2 Laps
9387,436,423,212,88,18,17,17,17,0,54,\N,\N,28,20,1:39.772,196.684,+2 Laps
9388,436,560,135,4,15,18,18,18,0,50,\N,\N,37,15,1:38.346,199.536,Collision
9389,436,425,200,26,11,19,R,19,0,41,\N,\N,27,13,1:37.975,200.291,Collision
9390,436,377,170,27,8,20,R,20,0,16,\N,\N,14,19,1:39.677,196.871,Power Unit
9391,437,102,140,77,1,1,1,1,25,51,1:31:52.942,5512942,50,2,1:44.024,207.748,Finished
9392,437,335,140,44,2,2,2,2,18,51,+1.524,5514466,48,3,1:44.166,207.465,Finished
9393,437,794,73,5,3,3,3,3,15,51,+11.739,5524681,46,4,1:44.629,206.546,Finished
9394,437,792,169,33,4,4,4,4,12,51,+17.493,5530435,39,5,1:44.794,206.221,Finished
9395,437,445,73,16,8,5,5,5,11,51,+1:09.107,5582049,50,1,1:43.009,209.795,Finished
9396,437,622,163,11,5,6,6,6,8,51,+1:16.416,5589358,49,7,1:45.524,204.795,Finished
9397,437,672,135,55,9,7,7,7,6,51,+1:23.826,5596768,43,10,1:45.807,204.247,Finished
9398,437,560,135,4,7,8,8,8,4,51,+1:40.268,5613210,43,6,1:45.394,205.047,Finished
9399,437,739,163,18,13,9,9,9,2,51,+1:43.816,5616758,38,12,1:46.009,203.858,Finished
9400,437,669,4,7,0,10,10,10,1,50,\N,\N,48,13,1:46.479,202.958,+1 Lap
9401,437,11,200,23,11,11,11,11,0,50,\N,\N,49,9,1:45.754,204.349,+1 Lap
9402,437,302,4,99,17,12,12,12,0,50,\N,\N,45,11,1:45.969,203.935,+1 Lap
9403,437,483,83,20,12,13,13,13,0,50,\N,\N,42,14,1:46.682,202.572,+1 Lap
9404,437,377,170,27,15,14,14,14,0,50,\N,\N,43,17,1:47.407,201.204,+1 Lap
9405,437,663,212,63,16,15,15,15,0,49,\N,\N,42,16,1:47.251,201.497,+2 Laps
9406,437,423,212,88,0,16,16,16,0,49,\N,\N,45,19,1:47.709,200.640,+2 Laps
9407,437,290,169,10,0,17,R,17,0,38,\N,\N,34,8,1:45.712,204.430,Transmission
9408,437,319,83,8,14,18,R,18,0,38,\N,\N,33,20,1:48.517,199.146,Brakes
9409,437,425,200,26,6,19,R,19,0,33,\N,\N,28,18,1:47.681,200.692,Collision
9410,437,642,170,3,10,20,R,20,0,31,\N,\N,29,15,1:46.767,202.410,Collision
9411,438,335,140,44,2,1,1,1,26,66,1:35:50.443,5750443,54,1,1:18.492,213.499,Finished
9412,438,102,140,77,1,2,2,2,18,66,+4.074,5754517,55,2,1:18.737,212.835,Finished
9413,438,792,169,33,4,3,3,3,15,66,+7.679,5758122,57,3,1:19.769,210.081,Finished
9414,438,794,73,5,3,4,4,4,12,66,+9.167,5759610,64,4,1:19.820,209.947,Finished
9415,438,445,73,16,5,5,5,5,10,66,+13.361,5763804,57,5,1:20.002,209.469,Finished
9416,438,290,169,10,6,6,6,6,8,66,+19.576,5770019,57,6,1:20.536,208.080,Finished
9417,438,483,83,20,8,7,7,7,6,66,+28.159,5778602,66,9,1:20.770,207.478,Finished
9418,438,672,135,55,12,8,8,8,4,66,+32.342,5782785,59,10,1:20.859,207.249,Finished
9419,438,425,200,26,9,9,9,9,2,66,+33.056,5783499,64,8,1:20.726,207.591,Finished
9420,438,319,83,8,7,10,10,10,1,66,+34.641,5785084,64,12,1:21.057,206.743,Finished
9421,438,11,200,23,11,11,11,11,0,66,+35.445,5785888,65,11,1:21.028,206.817,Finished
9422,438,642,170,3,13,12,12,12,0,66,+36.758,5787201,56,7,1:20.615,207.876,Finished
9423,438,377,170,27,0,13,13,13,0,66,+39.241,5789684,65,13,1:21.282,206.171,Finished
9424,438,669,4,7,14,14,14,14,0,66,+41.803,5792246,66,14,1:21.382,205.917,Finished
9425,438,622,163,11,15,15,15,15,0,66,+46.877,5797320,65,16,1:21.859,204.717,Finished
9426,438,302,4,99,18,16,16,16,0,66,+47.691,5798134,64,15,1:21.833,204.782,Finished
9427,438,663,212,63,19,17,17,17,0,65,\N,\N,64,17,1:22.382,203.418,+1 Lap
9428,438,423,212,88,17,18,18,18,0,65,\N,\N,65,19,1:23.202,201.413,+1 Lap
9429,438,739,163,18,16,19,R,19,0,44,\N,\N,28,20,1:23.226,201.355,Collision
9430,438,560,135,4,10,20,R,20,0,44,\N,\N,28,18,1:22.561,202.977,Collision
9431,439,335,140,44,1,1,1,1,25,78,1:43:28.437,6208437,9,6,1:16.167,157.721,Finished
9432,439,794,73,5,4,2,2,2,18,78,+2.602,6211039,9,9,1:16.277,157.494,Finished
9433,439,102,140,77,2,3,3,3,15,78,+3.162,6211599,65,2,1:15.163,159.828,Finished
9434,439,792,169,33,3,4,4,4,12,78,+5.537,6213974,9,7,1:16.229,157.593,Finished
9435,439,290,169,10,8,5,5,5,11,78,+9.946,6218383,72,1,1:14.279,161.730,Finished
9436,439,672,135,55,9,6,6,6,8,78,+53.454,6261891,32,5,1:15.891,158.295,Finished
9437,439,425,200,26,7,7,7,7,6,78,+54.574,6263011,31,10,1:16.288,157.471,Finished
9438,439,11,200,23,10,8,8,8,4,78,+55.200,6263637,43,3,1:15.607,158.890,Finished
9439,439,642,170,3,6,9,9,9,2,78,+1:00.894,6269331,78,4,1:15.697,158.701,Finished
9440,439,319,83,8,13,10,10,10,1,78,+1:01.034,6269471,41,16,1:16.746,156.531,Finished
9441,439,560,135,4,12,11,11,11,0,78,+1:06.801,6275238,61,13,1:16.413,157.214,Finished
9442,439,622,163,11,16,12,12,12,0,77,\N,\N,67,15,1:16.613,156.803,+1 Lap
9443,439,377,170,27,11,13,13,13,0,77,\N,\N,65,8,1:16.276,157.496,+1 Lap
9444,439,483,83,20,5,14,14,14,0,77,\N,\N,61,17,1:16.992,156.031,+1 Lap
9445,439,663,212,63,19,15,15,15,0,77,\N,\N,76,18,1:17.038,155.938,+1 Lap
9446,439,739,163,18,17,16,16,16,0,77,\N,\N,45,12,1:16.379,157.284,+1 Lap
9447,439,669,4,7,14,17,17,17,0,77,\N,\N,50,14,1:16.436,157.166,+1 Lap
9448,439,423,212,88,20,18,18,18,0,77,\N,\N,32,19,1:17.388,155.233,+1 Lap
9449,439,302,4,99,18,19,19,19,0,76,\N,\N,46,11,1:16.299,157.448,+2 Laps
9450,439,445,73,16,15,20,R,20,0,16,\N,\N,6,20,1:19.151,151.775,Collision
9451,440,335,140,44,2,1,1,1,25,70,1:29:07.084,5347084,62,4,1:14.813,209.851,Finished
9452,440,794,73,5,1,2,2,2,18,70,+3.658,5350742,57,5,1:14.875,209.677,Finished
9453,440,445,73,16,3,3,3,3,15,70,+4.696,5351780,63,2,1:14.356,211.140,Finished
9454,440,102,140,77,6,4,4,4,13,70,+51.043,5398127,69,1,1:13.078,214.833,Finished
9455,440,792,169,33,9,5,5,5,10,70,+57.655,5404739,67,3,1:14.767,209.980,Finished
9456,440,642,170,3,4,6,6,6,8,69,\N,\N,55,9,1:16.075,206.370,+1 Lap
9457,440,377,170,27,7,7,7,7,6,69,\N,\N,57,7,1:15.995,206.587,+1 Lap
9458,440,290,169,10,5,8,8,8,4,69,\N,\N,51,10,1:16.157,206.147,+1 Lap
9459,440,739,163,18,17,9,9,9,2,69,\N,\N,47,8,1:16.043,206.456,+1 Lap
9460,440,425,200,26,10,10,10,10,1,69,\N,\N,44,11,1:16.198,206.036,+1 Lap
9461,440,672,135,55,11,11,11,11,0,69,\N,\N,37,15,1:16.471,205.301,+1 Lap
9462,440,622,163,11,15,12,12,12,0,69,\N,\N,61,13,1:16.314,205.723,+1 Lap
9463,440,302,4,99,12,13,13,13,0,69,\N,\N,69,14,1:16.365,205.586,+1 Lap
9464,440,319,83,8,14,14,14,14,0,69,\N,\N,60,12,1:16.245,205.909,+1 Lap
9465,440,669,4,7,16,15,15,15,0,69,\N,\N,60,6,1:15.442,208.101,+1 Lap
9466,440,663,212,63,18,16,16,16,0,68,\N,\N,58,17,1:17.241,203.254,+2 Laps
9467,440,483,83,20,0,17,17,17,0,68,\N,\N,41,19,1:17.309,203.075,+2 Laps
9468,440,423,212,88,19,18,18,18,0,67,\N,\N,64,18,1:17.285,203.139,+3 Laps
9469,440,11,200,23,13,19,R,19,0,59,\N,\N,47,16,1:17.151,203.491,Collision damage
9470,440,560,135,4,8,20,R,20,0,8,\N,\N,4,20,1:18.023,201.217,Suspension
9471,441,335,140,44,1,1,1,1,25,53,1:24:31.198,5071198,53,2,1:32.764,226.717,Finished
9472,441,102,140,77,2,2,2,2,18,53,+18.056,5089254,43,3,1:33.586,224.725,Finished
9473,441,445,73,16,3,3,3,3,15,53,+18.985,5090183,40,4,1:33.828,224.146,Finished
9474,441,792,169,33,4,4,4,4,12,53,+34.905,5106103,38,5,1:34.162,223.351,Finished
9475,441,794,73,5,7,5,5,5,11,53,+1:02.796,5133994,53,1,1:32.740,226.775,Finished
9476,441,672,135,55,6,6,6,6,8,53,+1:35.462,5166660,52,6,1:34.561,222.408,Finished
9477,441,669,4,7,12,7,7,7,6,52,\N,\N,47,8,1:34.873,221.677,+1 Lap
9478,441,377,170,27,13,8,8,8,4,52,\N,\N,46,10,1:34.950,221.497,+1 Lap
9479,441,560,135,4,5,9,9,9,2,52,\N,\N,45,7,1:34.754,221.955,+1 Lap
9480,441,290,169,10,9,10,10,10,1,52,\N,\N,47,15,1:35.197,220.922,+1 Lap
9481,441,642,170,3,8,11,11,11,0,52,\N,\N,42,14,1:35.150,221.032,+1 Lap
9482,441,622,163,11,14,12,12,12,0,52,\N,\N,42,11,1:35.014,221.348,+1 Lap
9483,441,739,163,18,17,13,13,13,0,52,\N,\N,44,9,1:34.924,221.558,+1 Lap
9484,441,425,200,26,19,14,14,14,0,52,\N,\N,43,16,1:35.225,220.857,+1 Lap
9485,441,11,200,23,11,15,15,15,0,52,\N,\N,51,12,1:35.029,221.313,+1 Lap
9486,441,302,4,99,10,16,16,16,0,52,\N,\N,50,13,1:35.115,221.113,+1 Lap
9487,441,483,83,20,15,17,17,17,0,52,\N,\N,50,18,1:35.692,219.780,+1 Lap
9488,441,423,212,88,18,18,18,18,0,51,\N,\N,50,20,1:36.608,217.696,+2 Laps
9489,441,663,212,63,20,19,19,19,0,51,\N,\N,51,19,1:35.830,219.463,+2 Laps
9490,441,319,83,8,16,20,20,20,0,44,\N,\N,42,17,1:35.691,219.782,Retired
9491,442,792,169,33,2,1,1,1,26,71,1:22:01.822,4921822,60,1,1:07.475,230.378,Finished
9492,442,445,73,16,1,2,2,2,18,71,+2.724,4924546,58,3,1:07.994,228.620,Finished
9493,442,102,140,77,3,3,3,3,15,71,+18.960,4940782,53,7,1:08.565,226.716,Finished
9494,442,794,73,5,9,4,4,4,12,71,+19.610,4941432,62,2,1:07.676,229.694,Finished
9495,442,335,140,44,4,5,5,5,10,71,+22.805,4944627,69,5,1:08.050,228.432,Finished
9496,442,560,135,4,5,6,6,6,8,70,\N,\N,69,8,1:08.699,226.274,+1 Lap
9497,442,290,169,10,8,7,7,7,6,70,\N,\N,63,9,1:08.790,225.974,+1 Lap
9498,442,672,135,55,19,8,8,8,4,70,\N,\N,53,6,1:08.117,228.207,+1 Lap
9499,442,669,4,7,6,9,9,9,2,70,\N,\N,57,15,1:09.126,224.876,+1 Lap
9500,442,302,4,99,7,10,10,10,1,70,\N,\N,57,13,1:09.051,225.120,+1 Lap
9501,442,622,163,11,13,11,11,11,0,70,\N,\N,67,14,1:09.061,225.087,+1 Lap
9502,442,642,170,3,12,12,12,12,0,70,\N,\N,65,4,1:08.019,228.536,+1 Lap
9503,442,377,170,27,15,13,13,13,0,70,\N,\N,59,16,1:09.248,224.480,+1 Lap
9504,442,739,163,18,14,14,14,14,0,70,\N,\N,57,17,1:09.288,224.350,+1 Lap
9505,442,11,200,23,18,15,15,15,0,70,\N,\N,59,11,1:08.946,225.463,+1 Lap
9506,442,319,83,8,11,16,16,16,0,70,\N,\N,56,12,1:08.987,225.329,+1 Lap
9507,442,425,200,26,16,17,17,17,0,70,\N,\N,58,18,1:09.498,223.672,+1 Lap
9508,442,663,212,63,0,18,18,18,0,69,\N,\N,52,19,1:09.926,222.303,+2 Laps
9509,442,483,83,20,10,19,19,19,0,69,\N,\N,69,10,1:08.903,225.604,+2 Laps
9510,442,423,212,88,17,20,20,20,0,68,\N,\N,55,20,1:10.964,219.051,+3 Laps
9511,443,335,140,44,2,1,1,1,26,52,1:21:08.452,4868452,52,1,1:27.369,242.735,Finished
9512,443,102,140,77,1,2,2,2,18,52,+24.928,4893380,47,2,1:27.406,242.633,Finished
9513,443,445,73,16,3,3,3,3,15,52,+30.117,4898569,47,5,1:29.313,237.452,Finished
9514,443,290,169,10,5,4,4,4,12,52,+34.692,4903144,48,8,1:29.544,236.839,Finished
9515,443,792,169,33,4,5,5,5,10,52,+39.458,4907910,45,4,1:29.272,237.561,Finished
9516,443,672,135,55,13,6,6,6,8,52,+53.639,4922091,50,11,1:29.757,236.277,Finished
9517,443,642,170,3,7,7,7,7,6,52,+54.401,4922853,50,9,1:29.624,236.628,Finished
9518,443,669,4,7,12,8,8,8,4,52,+1:05.540,4933992,51,14,1:30.034,235.551,Finished
9519,443,425,200,26,17,9,9,9,2,52,+1:06.720,4935172,51,12,1:29.910,235.875,Finished
9520,443,377,170,27,10,10,10,10,1,52,+1:12.733,4941185,51,13,1:29.949,235.773,Finished
9521,443,560,135,4,8,11,11,11,0,52,+1:14.281,4942733,50,10,1:29.636,236.596,Finished
9522,443,11,200,23,9,12,12,12,0,52,+1:15.617,4944069,46,15,1:30.872,233.378,Finished
9523,443,739,163,18,18,13,13,13,0,52,+1:21.086,4949538,49,6,1:29.390,237.248,Finished
9524,443,663,212,63,19,14,14,14,0,51,\N,\N,50,16,1:31.013,233.017,+1 Lap
9525,443,423,212,88,20,15,15,15,0,51,\N,\N,50,17,1:31.509,231.754,+1 Lap
9526,443,794,73,5,6,16,16,16,0,51,\N,\N,46,3,1:28.733,239.004,+1 Lap
9527,443,622,163,11,15,17,17,17,0,51,\N,\N,50,7,1:29.456,237.072,+1 Lap
9528,443,302,4,99,11,18,R,18,0,18,\N,\N,17,18,1:32.464,229.360,Spun off
9529,443,319,83,8,14,19,R,19,0,9,\N,\N,4,20,1:34.350,224.775,Collision
9530,443,483,83,20,16,20,R,20,0,6,\N,\N,5,19,1:33.425,227.001,Collision
9531,444,792,169,33,2,1,1,1,26,64,1:44:31.275,6271275,61,1,1:16.645,214.839,Finished
9532,444,794,73,5,20,2,2,2,18,64,+7.333,6278608,63,2,1:16.794,214.423,Finished
9533,444,425,200,26,14,3,3,3,15,64,+8.305,6279580,61,6,1:17.708,211.900,Finished
9534,444,739,163,18,15,4,4,4,12,64,+8.966,6280241,61,8,1:17.831,211.566,Finished
9535,444,672,135,55,7,5,5,5,10,64,+9.583,6280858,63,9,1:17.841,211.538,Finished
9536,444,11,200,23,16,6,6,6,8,64,+10.052,6281327,63,10,1:17.850,211.514,Finished
9537,444,319,83,8,6,7,7,7,6,64,+16.838,6288113,55,7,1:17.746,211.797,Finished
9538,444,483,83,20,12,8,8,8,4,64,+18.765,6290040,62,5,1:17.507,212.450,Finished
9539,444,335,140,44,1,9,9,9,2,64,+19.667,6290942,64,12,1:18.811,208.935,Finished
9540,444,423,212,88,18,10,10,10,1,64,+24.987,6296262,63,13,1:19.062,208.271,Finished
9541,444,663,212,63,17,11,11,11,0,64,+26.404,6297679,60,3,1:17.485,212.510,Finished
9542,444,669,4,7,5,12,12,12,0,64,+42.214,6313489,60,15,1:19.563,206.960,Finished
9543,444,302,4,99,11,13,13,13,0,64,+43.849,6315124,60,14,1:19.300,207.646,Finished
9544,444,290,169,10,4,14,14,14,0,61,\N,\N,56,4,1:17.495,212.483,Collision
9545,444,102,140,77,3,15,R,15,0,56,\N,\N,54,11,1:18.272,210.374,Accident
9546,444,377,170,27,9,16,R,16,0,39,\N,\N,18,17,1:29.576,183.826,Accident
9547,444,445,73,16,10,17,R,17,0,27,\N,\N,17,16,1:27.697,187.764,Accident
9548,444,560,135,4,19,18,R,18,0,25,\N,\N,16,18,1:31.081,180.788,Power loss
9549,444,642,170,3,13,19,R,19,0,13,\N,\N,10,19,1:32.654,177.719,Exhaust
9550,444,622,163,11,8,20,R,20,0,1,\N,\N,\N,\N,\N,\N,Spun off
9551,445,335,140,44,3,1,1,1,25,70,1:35:03.796,5703796,60,2,1:18.528,200.840,Finished
9552,445,792,169,33,1,2,2,2,19,70,+17.796,5721592,69,1,1:17.103,204.552,Finished
9553,445,794,73,5,5,3,3,3,15,70,+1:01.433,5765229,65,4,1:19.786,197.673,Finished
9554,445,445,73,16,4,4,4,4,12,70,+1:05.250,5769046,49,5,1:20.493,195.937,Finished
9555,445,672,135,55,8,5,5,5,10,69,\N,\N,66,10,1:21.002,194.706,+1 Lap
9556,445,290,169,10,6,6,6,6,8,69,\N,\N,65,12,1:21.045,194.602,+1 Lap
9557,445,669,4,7,10,7,7,7,6,69,\N,\N,65,9,1:20.880,195.000,+1 Lap
9558,445,102,140,77,2,8,8,8,4,69,\N,\N,59,3,1:19.331,198.807,+1 Lap
9559,445,560,135,4,7,9,9,9,2,69,\N,\N,65,13,1:21.188,194.260,+1 Lap
9560,445,11,200,23,12,10,10,10,1,69,\N,\N,65,7,1:20.621,195.626,+1 Lap
9561,445,622,163,11,16,11,11,11,0,69,\N,\N,47,15,1:21.734,192.962,+1 Lap
9562,445,377,170,27,11,12,12,12,0,69,\N,\N,59,14,1:21.650,193.161,+1 Lap
9563,445,483,83,20,14,13,13,13,0,69,\N,\N,67,11,1:21.008,194.691,+1 Lap
9564,445,642,170,3,20,14,14,14,0,69,\N,\N,49,8,1:20.839,195.098,+1 Lap
9565,445,425,200,26,13,15,15,15,0,68,\N,\N,55,16,1:21.932,192.496,+2 Laps
9566,445,663,212,63,15,16,16,16,0,68,\N,\N,66,17,1:22.386,191.435,+2 Laps
9567,445,739,163,18,18,17,17,17,0,68,\N,\N,52,6,1:20.603,195.670,+2 Laps
9568,445,302,4,99,17,18,18,18,0,68,\N,\N,64,19,1:23.134,189.712,+2 Laps
9569,445,423,212,88,19,19,19,19,0,67,\N,\N,42,20,1:23.436,189.026,+3 Laps
9570,445,319,83,8,9,20,R,20,0,49,\N,\N,46,18,1:22.809,190.457,Water pressure
9571,446,445,73,16,1,1,1,1,25,44,1:23:45.710,5025710,23,4,1:46.664,236.390,Finished
9572,446,335,140,44,3,2,2,2,18,44,+0.981,5026691,24,3,1:46.580,236.577,Finished
9573,446,102,140,77,4,3,3,3,15,44,+12.585,5038295,27,2,1:46.465,236.832,Finished
9574,446,794,73,5,2,4,4,4,13,44,+26.422,5052132,36,1,1:46.409,236.957,Finished
9575,446,11,169,23,17,5,5,5,10,44,+1:21.325,5107035,41,5,1:47.507,234.537,Finished
9576,446,622,163,11,7,6,6,6,8,44,+1:24.448,5110158,29,13,1:48.781,231.790,Finished
9577,446,425,200,26,19,7,7,7,6,44,+1:29.657,5115367,26,7,1:48.143,233.157,Finished
9578,446,377,170,27,12,8,8,8,4,44,+1:46.639,5132349,34,9,1:48.349,232.714,Finished
9579,446,290,200,10,13,9,9,9,2,44,+1:49.168,5134878,21,17,1:49.700,229.848,Finished
9580,446,739,163,18,16,10,10,10,1,44,+1:49.838,5135548,34,10,1:48.357,232.697,Finished
9581,446,560,135,4,11,11,11,11,0,43,\N,\N,21,8,1:48.321,232.774,Engine
9582,446,483,83,20,8,12,12,12,0,43,\N,\N,33,11,1:48.677,232.012,+1 Lap
9583,446,319,83,8,9,13,13,13,0,43,\N,\N,18,16,1:49.274,230.744,+1 Lap
9584,446,642,170,3,10,14,14,14,0,43,\N,\N,21,18,1:50.451,228.285,+1 Lap
9585,446,663,212,63,14,15,15,15,0,43,\N,\N,34,14,1:48.860,231.622,+1 Lap
9586,446,669,4,7,6,16,16,16,0,43,\N,\N,37,12,1:48.753,231.850,+1 Lap
9587,446,423,212,88,0,17,17,17,0,43,\N,\N,33,15,1:49.220,230.858,+1 Lap
9588,446,302,4,99,18,18,18,18,0,42,\N,\N,31,6,1:47.560,234.421,Accident
9589,446,672,135,55,15,19,R,19,0,1,\N,\N,\N,\N,\N,\N,Power loss
9590,446,792,169,33,5,20,R,20,0,0,\N,\N,\N,\N,\N,\N,Accident
9591,447,445,73,16,1,1,1,1,25,53,1:15:26.665,4526665,47,4,1:23.009,251.235,Finished
9592,447,102,140,77,3,2,2,2,18,53,+0.835,4527500,47,3,1:22.859,251.690,Finished
9593,447,335,140,44,2,3,3,3,16,53,+35.199,4561864,51,1,1:21.779,255.014,Finished
9594,447,642,170,3,5,4,4,4,12,53,+45.515,4572180,53,7,1:23.466,249.859,Finished
9595,447,377,170,27,6,5,5,5,10,53,+58.165,4584830,53,8,1:23.641,249.337,Finished
9596,447,11,169,23,8,6,6,6,8,53,+59.315,4585980,45,6,1:23.364,250.165,Finished
9597,447,622,163,11,18,7,7,7,6,53,+1:13.802,4600467,35,9,1:23.770,248.953,Finished
9598,447,792,169,33,19,8,8,8,4,53,+1:14.492,4601157,41,5,1:23.143,250.830,Finished
9599,447,302,4,99,10,9,9,9,2,52,\N,\N,44,15,1:24.503,246.793,+1 Lap
9600,447,560,135,4,16,10,10,10,1,52,\N,\N,52,11,1:24.044,248.141,+1 Lap
9601,447,290,200,10,17,11,11,11,0,52,\N,\N,51,10,1:23.885,248.611,+1 Lap
9602,447,739,163,18,9,12,12,12,0,52,\N,\N,31,12,1:24.165,247.784,+1 Lap
9603,447,794,73,5,4,13,13,13,0,52,\N,\N,50,2,1:22.799,251.872,+1 Lap
9604,447,663,212,63,14,14,14,14,0,52,\N,\N,51,16,1:24.842,245.807,+1 Lap
9605,447,669,4,7,0,15,15,15,0,52,\N,\N,52,13,1:24.419,247.039,+1 Lap
9606,447,319,83,8,13,16,16,16,0,52,\N,\N,31,17,1:24.985,245.393,+1 Lap
9607,447,423,212,88,15,17,17,17,0,51,\N,\N,47,18,1:24.989,245.382,+2 Laps
9608,447,483,83,20,11,18,R,18,0,43,\N,\N,38,14,1:24.443,246.968,Hydraulics
9609,447,425,200,26,12,19,R,19,0,29,\N,\N,19,20,1:25.772,243.142,Engine
9610,447,672,135,55,7,20,R,20,0,27,\N,\N,10,19,1:25.637,243.525,Wheel
9611,448,794,73,5,3,1,1,1,25,61,1:58:33.667,7113667,57,5,1:44.802,173.916,Finished
9612,448,445,73,16,1,2,2,2,18,61,+2.641,7116308,59,4,1:44.723,174.047,Finished
9613,448,792,169,33,4,3,3,3,15,61,+3.821,7117488,56,8,1:45.176,173.298,Finished
9614,448,335,140,44,2,4,4,4,12,61,+4.608,7118275,58,7,1:44.914,173.730,Finished
9615,448,102,140,77,5,5,5,5,10,61,+6.119,7119786,58,2,1:43.534,176.046,Finished
9616,448,11,169,23,6,6,6,6,8,61,+11.663,7125330,59,9,1:45.260,173.159,Finished
9617,448,560,135,4,9,7,7,7,6,61,+14.769,7128436,58,11,1:45.716,172.412,Finished
9618,448,290,200,10,11,8,8,8,4,61,+15.547,7129214,58,13,1:45.769,172.326,Finished
9619,448,377,170,27,8,9,9,9,2,61,+16.718,7130385,59,12,1:45.765,172.333,Finished
9620,448,302,4,99,10,10,10,10,1,61,+27.855,7141522,59,10,1:45.630,172.553,Finished
9621,448,319,83,8,17,11,11,11,0,61,+35.436,7149103,54,16,1:46.274,171.507,Finished
9622,448,672,135,55,7,12,12,12,0,61,+35.974,7149641,41,15,1:45.969,172.001,Finished
9623,448,739,163,18,16,13,13,13,0,61,+36.419,7150086,57,6,1:44.896,173.760,Finished
9624,448,642,170,3,20,14,14,14,0,61,+37.660,7151327,55,14,1:45.915,172.088,Finished
9625,448,425,200,26,14,15,15,15,0,61,+38.178,7151845,57,3,1:44.371,174.634,Finished
9626,448,423,212,88,19,16,16,16,0,61,+47.024,7160691,59,18,1:46.793,170.674,Finished
9627,448,483,83,20,13,17,17,17,0,61,+1:26.522,7200189,58,1,1:42.301,178.168,Finished
9628,448,669,4,7,12,18,R,18,0,49,\N,\N,18,19,1:47.062,170.245,Collision
9629,448,622,163,11,15,19,R,19,0,42,\N,\N,15,17,1:46.683,170.850,Engine
9630,448,663,212,63,18,20,R,20,0,34,\N,\N,29,20,1:48.285,168.322,Collision
9631,449,335,140,44,2,1,1,1,26,53,1:33:38.992,5618992,51,1,1:35.761,219.847,Finished
9632,449,102,140,77,4,2,2,2,18,53,+3.829,5622821,50,3,1:36.316,218.580,Finished
9633,449,445,73,16,1,3,3,3,15,53,+5.212,5624204,52,2,1:36.193,218.860,Finished
9634,449,792,169,33,9,4,4,4,12,53,+14.210,5633202,47,5,1:36.937,217.180,Finished
9635,449,11,169,23,0,5,5,5,10,53,+38.348,5657340,50,4,1:36.762,217.573,Finished
9636,449,672,135,55,5,6,6,6,8,53,+45.889,5664881,53,6,1:38.020,214.780,Finished
9637,449,622,163,11,11,7,7,7,6,53,+48.728,5667720,49,7,1:38.043,214.730,Finished
9638,449,560,135,4,7,8,8,8,4,53,+57.749,5676741,52,11,1:38.301,214.166,Finished
9639,449,483,83,20,13,9,9,9,2,53,+58.779,5677771,53,8,1:38.130,214.539,Finished
9640,449,377,170,27,6,10,10,10,1,53,+59.841,5678833,53,12,1:38.519,213.692,Finished
9641,449,739,163,18,14,11,11,11,0,53,+1:00.821,5679813,53,15,1:38.611,213.493,Finished
9642,449,425,200,26,19,12,12,12,0,53,+1:02.496,5681488,52,9,1:38.228,214.325,Finished
9643,449,669,4,7,15,13,13,13,0,53,+1:08.910,5687902,51,13,1:38.589,213.541,Finished
9644,449,290,200,10,16,14,14,14,0,53,+1:10.076,5689068,51,14,1:38.606,213.504,Finished
9645,449,302,4,99,12,15,15,15,0,53,+1:13.346,5692338,51,16,1:38.696,213.309,Finished
9646,449,423,212,88,18,16,R,16,0,28,\N,\N,24,19,1:42.327,205.740,Brakes
9647,449,663,212,63,17,17,R,17,0,27,\N,\N,18,18,1:41.705,206.998,Brakes
9648,449,794,73,5,3,18,R,18,0,26,\N,\N,16,10,1:38.245,214.288,Power loss
9649,449,642,170,3,10,19,R,19,0,24,\N,\N,22,17,1:41.284,207.859,Collision
9650,449,319,83,8,8,20,R,20,0,0,\N,\N,\N,\N,\N,\N,Collision
9651,450,102,140,77,3,1,1,1,25,52,1:21:46.755,4906755,49,4,1:31.862,227.571,Finished
9652,450,794,73,5,1,2,2,2,18,52,+13.343,4920098,38,5,1:32.122,226.929,Finished
9653,450,335,140,44,4,3,3,3,16,52,+13.858,4920613,45,1,1:30.983,229.770,Finished
9654,450,11,169,23,6,4,4,4,12,52,+59.537,4966292,36,8,1:32.775,225.332,Finished
9655,450,672,135,55,7,5,5,5,10,52,+1:09.101,4975856,46,12,1:33.563,223.434,Finished
9656,450,445,73,16,2,6,6,6,8,51,\N,\N,48,2,1:31.611,228.195,+1 Lap
9657,450,290,200,10,9,7,7,7,6,51,\N,\N,43,17,1:35.321,219.313,+1 Lap
9658,450,622,163,11,17,8,8,8,4,51,\N,\N,46,7,1:32.621,225.706,+1 Lap
9659,450,739,163,18,12,9,9,9,2,51,\N,\N,26,14,1:34.713,220.721,+1 Lap
9660,450,425,200,26,14,10,10,10,1,51,\N,\N,47,10,1:33.239,224.210,+1 Lap
9661,450,560,135,4,8,11,11,11,0,51,\N,\N,31,13,1:34.116,222.121,+1 Lap
9662,450,669,4,7,13,12,12,12,0,51,\N,\N,50,9,1:33.190,224.328,+1 Lap
9663,450,319,83,8,10,13,13,13,0,51,\N,\N,18,16,1:34.988,220.082,+1 Lap
9664,450,302,4,99,11,14,14,14,0,51,\N,\N,51,6,1:32.369,226.322,+1 Lap
9665,450,483,83,20,19,15,15,15,0,51,\N,\N,49,3,1:31.732,227.894,+1 Lap
9666,450,663,212,63,18,16,16,16,0,50,\N,\N,27,18,1:35.458,218.998,+2 Laps
9667,450,423,212,88,0,17,17,17,0,50,\N,\N,44,19,1:36.332,217.012,+2 Laps
9668,450,792,169,33,5,18,R,18,0,14,\N,\N,10,20,1:37.249,214.965,Brakes
9669,450,642,170,3,16,19,D,19,0,51,\N,\N,48,11,1:33.481,223.630,Disqualified
9670,450,377,170,27,15,20,D,20,0,51,\N,\N,47,15,1:34.921,220.237,Disqualified
9671,451,335,140,44,3,1,1,1,25,71,1:36:48.904,5808904,66,4,1:19.461,194.993,Finished
9672,451,794,73,5,2,2,2,2,18,71,+1.766,5810670,68,3,1:19.381,195.190,Finished
9673,451,102,140,77,6,3,3,3,15,71,+3.553,5812457,66,5,1:19.494,194.912,Finished
9674,451,445,73,16,1,4,4,4,13,71,+6.368,5815272,53,1,1:19.232,195.557,Finished
9675,451,11,169,23,5,5,5,5,10,71,+21.399,5830303,48,2,1:19.325,195.328,Finished
9676,451,792,169,33,4,6,6,6,8,71,+1:08.807,5877711,65,11,1:20.406,192.702,Finished
9677,451,622,163,11,11,7,7,7,6,71,+1:13.819,5882723,70,12,1:20.485,192.512,Finished
9678,451,642,170,3,13,8,8,8,4,71,+1:14.924,5883828,53,9,1:20.146,193.327,Finished
9679,451,290,200,10,10,9,9,9,2,70,\N,\N,53,6,1:19.530,194.824,+1 Lap
9680,451,377,170,27,12,10,10,10,1,70,\N,\N,59,14,1:20.791,191.783,+1 Lap
9681,451,425,200,26,9,11,11,11,0,70,\N,\N,48,7,1:19.905,193.910,+1 Lap
9682,451,739,163,18,16,12,12,12,0,70,\N,\N,68,15,1:20.922,191.473,+1 Lap
9683,451,672,135,55,7,13,13,13,0,70,\N,\N,66,10,1:20.311,192.929,+1 Lap
9684,451,302,4,99,15,14,14,14,0,70,\N,\N,65,16,1:21.014,191.255,+1 Lap
9685,451,483,83,20,17,15,15,15,0,69,\N,\N,53,20,1:21.682,189.691,+2 Laps
9686,451,663,212,63,19,16,16,16,0,69,\N,\N,69,17,1:21.286,190.615,+2 Laps
9687,451,319,83,8,18,17,17,17,0,69,\N,\N,68,18,1:21.581,189.926,+2 Laps
9688,451,423,212,88,20,18,18,18,0,69,\N,\N,63,13,1:20.696,192.009,+2 Laps
9689,451,669,4,7,14,19,R,19,0,58,\N,\N,55,8,1:20.082,193.481,Overheating
9690,451,560,135,4,8,20,W,20,0,48,\N,\N,46,19,1:21.643,189.782,Withdrew
9691,452,102,140,77,1,1,1,1,25,56,1:33:55.653,5635653,37,2,1:36.957,204.696,Finished
9692,452,335,140,44,5,2,2,2,18,56,+4.148,5639801,26,7,1:38.446,201.600,Finished
9693,452,792,169,33,3,3,3,3,15,56,+5.002,5640655,42,5,1:38.214,202.077,Finished
9694,452,445,73,16,4,4,4,4,13,56,+52.239,5687892,44,1,1:36.169,206.374,Finished
9695,452,11,169,23,6,5,5,5,10,56,+1:18.038,5713691,42,3,1:38.029,202.458,Finished
9696,452,642,170,3,9,6,6,6,8,56,+1:30.366,5726019,28,14,1:40.564,197.354,Finished
9697,452,560,135,4,8,7,7,7,6,56,+1:30.764,5726417,44,4,1:38.074,202.365,Finished
9698,452,672,135,55,7,8,8,8,4,55,\N,\N,44,15,1:40.844,196.806,+1 Lap
9699,452,377,170,27,11,9,9,9,2,55,\N,\N,47,6,1:38.437,201.619,+1 Lap
9700,452,622,163,11,0,10,10,10,1,55,\N,\N,34,11,1:40.165,198.141,+1 Lap
9701,452,669,4,7,17,11,11,11,0,55,\N,\N,46,9,1:39.608,199.249,+1 Lap
9702,452,425,200,26,13,12,12,12,0,55,\N,\N,41,8,1:38.969,200.535,+1 Lap
9703,452,739,163,18,14,13,13,13,0,55,\N,\N,42,13,1:40.380,197.716,+1 Lap
9704,452,302,4,99,16,14,14,14,0,55,\N,\N,41,10,1:39.964,198.539,+1 Lap
9705,452,319,83,8,15,15,15,15,0,55,\N,\N,52,18,1:41.270,195.979,+1 Lap
9706,452,290,200,10,10,16,16,16,0,54,\N,\N,31,16,1:40.850,196.795,Suspension
9707,452,663,212,63,18,17,17,17,0,54,\N,\N,54,17,1:41.239,196.039,+2 Laps
9708,452,483,83,20,12,18,18,18,0,52,\N,\N,42,12,1:40.347,197.781,Brakes
9709,452,423,212,88,19,19,R,19,0,31,\N,\N,22,20,1:43.830,191.147,Oil leak
9710,452,794,73,5,2,20,R,20,0,7,\N,\N,6,19,1:42.165,194.262,Suspension
9711,453,792,169,33,1,1,1,1,25,71,1:33:14.678,5594678,61,2,1:10.862,218.909,Finished
9712,453,290,200,10,6,2,2,2,18,71,+6.077,5600755,65,9,1:12.425,214.185,Finished
9713,453,672,135,55,20,3,3,3,15,71,+8.896,5603574,63,16,1:13.158,212.039,Finished
9714,453,669,4,7,8,4,4,4,12,71,+9.452,5604130,65,15,1:13.135,212.106,Finished
9715,453,302,4,99,12,5,5,5,10,71,+10.201,5604879,49,14,1:13.020,212.440,Finished
9716,453,642,170,3,11,6,6,6,8,71,+10.541,5605219,44,11,1:12.733,213.278,Finished
9717,453,335,140,44,3,7,7,7,6,71,+11.139,5605817,46,3,1:11.082,218.232,Finished
9718,453,560,135,4,10,8,8,8,4,71,+11.204,5605882,63,7,1:12.328,214.472,Finished
9719,453,622,163,11,15,9,9,9,2,71,+11.529,5606207,64,12,1:12.840,212.965,Finished
9720,453,425,200,26,16,10,10,10,1,71,+11.931,5606609,49,8,1:12.385,214.304,Finished
9721,453,483,83,20,9,11,11,11,0,71,+12.732,5607410,65,17,1:13.262,211.738,Finished
9722,453,663,212,63,18,12,12,12,0,71,+13.599,5608277,57,19,1:13.752,210.331,Finished
9723,453,319,83,8,7,13,13,13,0,71,+14.247,5608925,29,18,1:13.619,210.711,Finished
9724,453,11,169,23,5,14,14,14,0,71,+14.927,5609605,52,4,1:11.087,218.217,Finished
9725,453,377,170,27,13,15,15,15,0,71,+18.059,5612737,64,13,1:12.934,212.690,Finished
9726,453,423,212,88,19,16,16,16,0,70,\N,\N,63,20,1:14.553,208.072,+1 Lap
9727,453,794,73,5,2,17,17,17,0,65,\N,\N,51,5,1:11.384,217.309,Collision
9728,453,445,73,16,14,18,18,18,0,65,\N,\N,63,6,1:11.423,217.190,Collision
9729,453,739,163,18,17,19,19,19,0,65,\N,\N,65,10,1:12.603,213.660,Suspension
9730,453,102,140,77,4,20,R,20,0,51,\N,\N,43,1,1:10.698,219.417,Power Unit
9731,454,335,140,44,1,1,1,1,26,55,1:34:05.715,5645715,53,1,1:39.283,201.387,Finished
9732,454,792,169,33,2,2,2,2,18,55,+16.772,5662487,55,5,1:41.119,197.731,Finished
9733,454,445,73,16,3,3,3,3,15,55,+43.435,5689150,44,4,1:40.442,199.064,Finished
9734,454,102,140,77,20,4,4,4,12,55,+44.379,5690094,31,2,1:39.715,200.515,Finished
9735,454,794,73,5,4,5,5,5,10,55,+1:04.357,5710072,55,3,1:40.128,199.688,Finished
9736,454,11,169,23,5,6,6,6,8,55,+1:09.205,5714920,49,8,1:42.219,195.603,Finished
9737,454,622,163,11,10,7,7,7,6,54,\N,\N,39,11,1:42.639,194.803,+1 Lap
9738,454,560,135,4,6,8,8,8,4,54,\N,\N,50,12,1:43.026,194.071,+1 Lap
9739,454,425,200,26,13,9,9,9,2,54,\N,\N,42,9,1:42.222,195.597,+1 Lap
9740,454,672,135,55,8,10,10,10,1,54,\N,\N,43,7,1:41.294,197.389,+1 Lap
9741,454,642,170,3,7,11,11,11,0,54,\N,\N,51,6,1:41.190,197.592,+1 Lap
9742,454,377,170,27,9,12,12,12,0,54,\N,\N,52,16,1:43.274,193.605,+1 Lap
9743,454,669,4,7,17,13,13,13,0,54,\N,\N,25,14,1:43.142,193.853,+1 Lap
9744,454,483,83,20,14,14,14,14,0,54,\N,\N,22,19,1:43.790,192.642,+1 Lap
9745,454,319,83,8,15,15,15,15,0,54,\N,\N,33,18,1:43.666,192.873,+1 Lap
9746,454,302,4,99,16,16,16,16,0,54,\N,\N,28,15,1:43.256,193.639,+1 Lap
9747,454,663,212,63,18,17,17,17,0,54,\N,\N,50,13,1:43.074,193.981,+1 Lap
9748,454,290,200,10,11,18,18,18,0,53,\N,\N,53,10,1:42.414,195.231,+2 Laps
9749,454,423,212,88,19,19,19,19,0,53,\N,\N,51,20,1:44.500,191.333,+2 Laps
9750,454,739,163,18,12,20,R,20,0,45,\N,\N,25,17,1:43.326,193.507,Brakes
9751,455,102,140,77,1,1,1,1,25,71,1:30:55.739,5455739,68,2,1:07.657,229.758,Finished
9752,455,445,73,16,7,2,2,2,18,71,+2.700,5458439,64,4,1:07.901,228.933,Finished
9753,455,560,135,4,3,3,3,3,16,71,+5.491,5461230,71,1,1:07.475,230.378,Finished
9754,455,335,140,44,5,4,4,4,12,71,+5.689,5461428,67,3,1:07.712,229.572,Finished
9755,455,672,135,55,8,5,5,5,10,71,+8.903,5464642,63,5,1:07.974,228.687,Finished
9756,455,622,163,11,6,6,6,6,8,71,+15.092,5470831,63,6,1:08.305,227.579,Finished
9757,455,290,5,10,12,7,7,7,6,71,+16.682,5472421,64,11,1:09.025,225.205,Finished
9758,455,566,170,31,14,8,8,8,4,71,+17.456,5473195,64,10,1:08.932,225.509,Finished
9759,455,302,4,99,18,9,9,9,2,71,+21.146,5476885,70,9,1:08.796,225.954,Finished
9760,455,794,73,5,11,10,10,10,1,71,+24.545,5480284,71,8,1:08.623,226.524,Finished
9761,455,439,212,6,20,11,11,11,0,71,+31.650,5487389,63,16,1:09.662,223.146,Finished
9762,455,425,5,26,13,12,12,12,0,69,\N,\N,50,13,1:09.135,224.847,Suspension
9763,455,11,169,23,4,13,13,13,0,67,\N,\N,50,7,1:08.432,227.156,Electronics
9764,455,669,4,7,19,14,R,14,0,53,\N,\N,48,12,1:09.031,225.185,Wheel
9765,455,663,212,63,17,15,R,15,0,49,\N,\N,49,14,1:09.317,224.256,Fuel pressure
9766,455,319,83,8,15,16,R,16,0,49,\N,\N,46,17,1:10.228,221.347,Brakes
9767,455,483,83,20,16,17,R,17,0,24,\N,\N,23,20,1:10.720,219.807,Brakes
9768,455,739,163,18,9,18,R,18,0,20,\N,\N,4,18,1:10.326,221.039,Engine
9769,455,642,170,3,10,19,R,19,0,17,\N,\N,8,19,1:10.610,220.150,Overheating
9770,455,792,169,33,2,20,R,20,0,11,\N,\N,5,15,1:09.351,224.146,Electronics
9771,456,335,140,44,1,1,1,1,25,71,1:22:50.683,4970683,68,3,1:06.719,232.989,Finished
9772,456,102,140,77,4,2,2,2,18,71,+13.719,4984402,62,7,1:07.534,230.177,Finished
9773,456,792,169,33,2,3,3,3,15,71,+33.698,5004381,70,2,1:06.145,235.010,Finished
9774,456,11,169,23,6,4,4,4,12,71,+44.400,5015083,67,6,1:07.299,230.981,Finished
9775,456,560,135,4,9,5,5,5,10,71,+1:01.470,5032153,66,5,1:07.193,231.345,Finished
9776,456,622,163,11,17,6,6,6,8,71,+1:02.387,5033070,68,4,1:07.188,231.362,Finished
9777,456,739,163,18,12,7,7,7,6,71,+1:02.453,5033136,65,10,1:07.833,229.162,Finished
9778,456,642,170,3,8,8,8,8,4,71,+1:02.591,5033274,65,9,1:07.832,229.166,Finished
9779,456,672,135,55,3,9,9,9,3,70,\N,\N,68,1,1:05.619,236.894,+1 Lap
9780,456,425,5,26,13,10,10,10,1,70,\N,\N,60,13,1:08.378,227.336,+1 Lap
9781,456,669,4,7,16,11,11,11,0,70,\N,\N,57,14,1:08.382,227.322,+1 Lap
9782,456,483,83,20,15,12,12,12,0,70,\N,\N,69,11,1:08.009,228.569,+1 Lap
9783,456,319,83,8,0,13,13,13,0,70,\N,\N,69,12,1:08.047,228.442,+1 Lap
9784,456,302,4,99,19,14,14,14,0,70,\N,\N,54,15,1:08.512,226.891,+1 Lap
9785,456,290,5,10,7,15,15,15,0,70,\N,\N,69,8,1:07.827,229.183,+1 Lap
9786,456,663,212,63,11,16,16,16,0,69,\N,\N,36,16,1:08.601,226.597,+2 Laps
9787,456,439,212,6,18,17,17,17,0,69,\N,\N,68,17,1:08.806,225.922,+2 Laps
9788,456,566,170,31,5,18,R,18,0,25,\N,\N,22,18,1:09.321,224.243,Overheating
9789,456,445,73,16,14,19,R,19,0,4,\N,\N,3,19,1:35.379,162.979,Collision damage
9790,456,794,73,5,10,20,R,20,0,1,\N,\N,\N,\N,\N,\N,Collision damage
9791,457,335,140,44,1,1,1,1,26,70,1:36:12.473,5772473,70,1,1:16.627,205.823,Finished
9792,457,792,169,33,7,2,2,2,18,70,+8.702,5781175,60,4,1:19.184,199.176,Finished
9793,457,102,140,77,2,3,3,3,15,70,+9.452,5781925,66,2,1:17.665,203.072,Finished
9794,457,739,163,18,3,4,4,4,12,70,+57.579,5830052,68,3,1:18.973,199.708,Finished
9795,457,11,169,23,13,5,5,5,10,70,+1:18.316,5850789,68,5,1:19.440,198.534,Finished
9796,457,794,73,5,5,6,6,6,8,69,\N,\N,49,14,1:20.363,196.254,+1 Lap
9797,457,622,163,11,4,7,7,7,6,69,\N,\N,39,10,1:20.090,196.923,+1 Lap
9798,457,642,170,3,11,8,8,8,4,69,\N,\N,46,7,1:19.532,198.305,+1 Lap
9799,457,672,135,55,9,9,9,9,2,69,\N,\N,68,15,1:20.477,195.976,+1 Lap
9800,457,483,83,20,0,10,10,10,1,69,\N,\N,67,6,1:19.457,198.492,+1 Lap
9801,457,445,73,16,6,11,11,11,0,69,\N,\N,64,16,1:20.821,195.142,+1 Lap
9802,457,425,5,26,17,12,12,12,0,69,\N,\N,51,18,1:20.946,194.841,+1 Lap
9803,457,560,135,4,8,13,13,13,0,69,\N,\N,42,8,1:19.945,197.280,+1 Lap
9804,457,566,170,31,14,14,14,14,0,69,\N,\N,40,13,1:20.261,196.503,+1 Lap
9805,457,669,4,7,20,15,15,15,0,69,\N,\N,67,17,1:20.889,194.978,+1 Lap
9806,457,319,83,8,0,16,16,16,0,69,\N,\N,61,12,1:20.232,196.574,+1 Lap
9807,457,302,4,99,19,17,17,17,0,69,\N,\N,44,11,1:20.096,196.908,+1 Lap
9808,457,663,212,63,12,18,18,18,0,69,\N,\N,67,9,1:19.984,197.184,+1 Lap
9809,457,439,212,6,15,19,19,19,0,65,\N,\N,64,19,1:21.198,194.236,+5 Laps
9810,457,290,5,10,10,20,R,20,0,15,\N,\N,10,20,1:23.939,187.893,Engine
9811,458,335,140,44,1,1,1,1,25,52,1:28:01.283,5281283,45,3,1:29.238,237.652,Finished
9812,458,792,169,33,3,2,2,2,19,52,+5.856,5287139,52,1,1:27.097,243.494,Finished
9813,458,445,73,16,4,3,3,3,15,52,+18.474,5299757,49,9,1:29.813,236.130,Finished
9814,458,642,170,3,8,4,4,4,12,52,+19.650,5300933,49,5,1:29.482,237.004,Finished
9815,458,560,135,4,5,5,5,5,10,52,+22.277,5303560,41,12,1:30.058,235.488,Finished
9816,458,566,170,31,9,6,6,6,8,52,+26.937,5308220,50,6,1:29.491,236.980,Finished
9817,458,290,5,10,11,7,7,7,6,52,+31.188,5312471,52,7,1:29.603,236.684,Finished
9818,458,11,169,23,12,8,8,8,4,52,+32.670,5313953,52,2,1:28.689,239.123,Finished
9819,458,739,163,18,6,9,9,9,2,52,+37.311,5318594,44,13,1:30.475,234.402,Finished
9820,458,794,73,5,10,10,10,10,1,52,+41.857,5323140,44,15,1:30.537,234.242,Finished
9821,458,102,140,77,2,11,11,11,0,52,+42.167,5323450,41,4,1:29.265,237.580,Finished
9822,458,663,212,63,20,12,12,12,0,52,+52.004,5333287,41,16,1:30.862,233.404,Finished
9823,458,672,135,55,7,13,13,13,0,52,+53.370,5334653,47,10,1:29.948,235.776,Finished
9824,458,302,4,99,15,14,14,14,0,52,+54.205,5335488,49,17,1:30.977,233.109,Finished
9825,458,439,212,6,18,15,15,15,0,52,+54.549,5335832,44,14,1:30.501,234.335,Finished
9826,458,319,83,8,17,16,16,16,0,52,+55.050,5336333,49,8,1:29.782,236.212,Finished
9827,458,669,4,7,16,17,17,17,0,51,\N,\N,49,11,1:29.973,235.710,+1 Lap
9828,458,425,5,26,19,18,R,18,0,11,\N,\N,11,18,1:32.443,229.412,Accident
9829,458,483,83,20,14,19,R,19,0,1,\N,\N,\N,\N,\N,\N,Collision
9830,458,377,163,27,13,20,W,20,0,0,\N,\N,\N,\N,\N,\N,Power Unit
9831,459,792,169,33,4,1,1,1,25,52,1:19:41.993,4781993,46,2,1:29.465,237.049,Finished
9832,459,335,140,44,2,2,2,2,19,52,+11.326,4793319,43,1,1:28.451,239.766,Finished
9833,459,102,140,77,1,3,3,3,15,52,+19.231,4801224,44,4,1:29.765,236.256,Finished
9834,459,445,73,16,8,4,4,4,12,52,+29.289,4811282,39,8,1:30.552,234.203,Finished
9835,459,11,169,23,9,5,5,5,10,52,+39.146,4821139,46,3,1:29.477,237.017,Finished
9836,459,739,163,18,6,6,6,6,8,52,+42.538,4824531,45,15,1:30.877,233.365,Finished
9837,459,377,163,27,3,7,7,7,6,52,+55.951,4837944,52,6,1:30.087,235.412,Finished
9838,459,566,170,31,14,8,8,8,4,52,+1:04.773,4846766,50,10,1:30.575,234.144,Finished
9839,459,560,135,4,10,9,9,9,2,52,+1:05.544,4847537,49,11,1:30.698,233.826,Finished
9840,459,425,5,26,16,10,10,10,1,52,+1:09.669,4851662,52,12,1:30.738,233.723,Finished
9841,459,290,5,10,7,11,11,11,0,52,+1:10.642,4852635,52,7,1:30.092,235.399,Finished
9842,459,794,73,5,11,12,12,12,0,52,+1:13.370,4855363,49,13,1:30.785,233.602,Finished
9843,459,672,135,55,12,13,13,13,0,52,+1:14.070,4856063,49,9,1:30.556,234.193,Finished
9844,459,642,170,3,5,14,14,14,0,51,\N,\N,39,16,1:31.168,232.621,+1 Lap
9845,459,669,4,7,20,15,15,15,0,51,\N,\N,30,18,1:31.756,231.130,+1 Lap
9846,459,319,83,8,13,16,16,16,0,51,\N,\N,51,14,1:30.793,233.581,+1 Lap
9847,459,302,4,99,19,17,17,17,0,51,\N,\N,37,19,1:31.826,230.954,+1 Lap
9848,459,663,212,63,15,18,18,18,0,51,\N,\N,50,17,1:31.408,232.010,+1 Lap
9849,459,439,212,6,18,19,19,19,0,51,\N,\N,48,5,1:29.950,235.770,+1 Lap
9850,459,483,83,20,17,20,R,20,0,43,\N,\N,39,20,1:31.830,230.944,Retired
9851,460,335,140,44,1,1,1,1,25,66,1:31:45.279,5505279,63,2,1:19.822,209.942,Finished
9852,460,792,169,33,3,2,2,2,18,66,+24.177,5529456,53,4,1:21.477,205.677,Finished
9853,460,102,140,77,2,3,3,3,16,66,+44.752,5550031,66,1,1:18.183,214.343,Finished
9854,460,739,163,18,5,4,4,4,12,65,\N,\N,56,8,1:22.024,204.306,+1 Lap
9855,460,622,163,11,4,5,5,5,10,65,\N,\N,58,16,1:22.515,203.090,+1 Lap
9856,460,672,135,55,7,6,6,6,8,65,\N,\N,59,5,1:21.771,204.938,+1 Lap
9857,460,794,73,5,11,7,7,7,6,65,\N,\N,48,18,1:22.707,202.618,+1 Lap
9858,460,11,169,23,6,8,8,8,4,65,\N,\N,41,11,1:22.194,203.883,+1 Lap
9859,460,290,5,10,10,9,9,9,2,65,\N,\N,44,17,1:22.543,203.021,+1 Lap
9860,460,560,135,4,8,10,10,10,1,65,\N,\N,56,13,1:22.392,203.393,+1 Lap
9861,460,642,170,3,13,11,11,11,0,65,\N,\N,51,14,1:22.464,203.215,+1 Lap
9862,460,425,5,26,12,12,12,12,0,65,\N,\N,47,12,1:22.336,203.531,+1 Lap
9863,460,566,170,31,15,13,13,13,0,65,\N,\N,65,10,1:22.174,203.933,+1 Lap
9864,460,669,4,7,14,14,14,14,0,65,\N,\N,47,7,1:21.888,204.645,+1 Lap
9865,460,483,83,20,16,15,15,15,0,65,\N,\N,64,19,1:23.474,200.757,+1 Lap
9866,460,302,4,99,20,16,16,16,0,65,\N,\N,47,6,1:21.801,204.863,+1 Lap
9867,460,663,212,63,18,17,17,17,0,65,\N,\N,37,15,1:22.503,203.119,+1 Lap
9868,460,439,212,6,19,18,18,18,0,64,\N,\N,60,9,1:22.030,204.291,+2 Laps
9869,460,319,83,8,17,19,19,19,0,64,\N,\N,64,3,1:20.409,208.409,+2 Laps
9870,460,445,73,16,9,20,R,20,0,38,\N,\N,35,20,1:23.968,199.576,Electronics
9871,461,335,140,44,1,1,1,1,25,44,1:24:08.761,5048761,28,2,1:47.758,233.990,Finished
9872,461,102,140,77,2,2,2,2,18,44,+8.448,5057209,27,5,1:47.983,233.503,Finished
9873,461,792,169,33,3,3,3,3,15,44,+15.455,5064216,27,8,1:48.305,232.809,Finished
9874,461,642,170,3,4,4,4,4,13,44,+18.877,5067638,44,1,1:47.483,234.589,Finished
9875,461,566,170,31,6,5,5,5,10,44,+40.650,5089411,44,10,1:48.540,232.305,Finished
9876,461,11,169,23,5,6,6,6,8,44,+42.712,5091473,27,12,1:48.736,231.886,Finished
9877,461,560,135,4,10,7,7,7,6,44,+43.774,5092535,39,11,1:48.552,232.279,Finished
9878,461,290,5,10,12,8,8,8,4,44,+47.371,5096132,29,3,1:47.839,233.815,Finished
9879,461,739,163,18,9,9,9,9,2,44,+52.603,5101364,34,13,1:49.136,231.036,Finished
9880,461,622,163,11,8,10,10,10,1,44,+53.179,5101940,20,9,1:48.389,232.628,Finished
9881,461,425,5,26,11,11,11,11,0,44,+1:10.200,5118961,28,15,1:49.832,229.572,Finished
9882,461,669,4,7,16,12,12,12,0,44,+1:11.504,5120265,28,14,1:49.822,229.593,Finished
9883,461,794,73,5,14,13,13,13,0,44,+1:12.894,5121655,31,16,1:49.958,229.309,Finished
9884,461,445,73,16,13,14,14,14,0,44,+1:14.920,5123681,26,4,1:47.840,233.813,Finished
9885,461,319,83,8,17,15,15,15,0,44,+1:16.793,5125554,28,17,1:50.018,229.184,Finished
9886,461,439,212,6,19,16,16,16,0,44,+1:17.795,5126556,32,6,1:48.048,233.362,Finished
9887,461,483,83,20,20,17,17,17,0,44,+1:25.540,5134301,37,7,1:48.083,233.287,Finished
9888,461,302,4,99,18,18,R,18,0,9,\N,\N,9,19,1:51.793,225.545,Accident
9889,461,663,212,63,15,19,R,19,0,9,\N,\N,5,18,1:51.754,225.624,Debris
9890,461,672,135,55,7,20,W,20,0,0,\N,\N,\N,\N,\N,\N,Exhaust
9891,462,290,5,10,10,1,1,1,25,53,1:47:06.056,6426056,34,6,1:24.037,248.162,Finished
9892,462,672,135,55,3,2,2,2,18,53,+0.415,6426471,40,2,1:23.882,248.620,Finished
9893,462,739,163,18,8,3,3,3,15,53,+3.358,6429414,42,3,1:23.897,248.576,Finished
9894,462,560,135,4,6,4,4,4,12,53,+6.000,6432056,50,7,1:24.232,247.587,Finished
9895,462,102,140,77,2,5,5,5,10,53,+7.108,6433164,51,5,1:23.961,248.386,Finished
9896,462,642,170,3,7,6,6,6,8,53,+8.391,6434447,38,4,1:23.898,248.573,Finished
9897,462,335,140,44,1,7,7,7,7,53,+17.245,6443301,34,1,1:22.746,252.033,Finished
9898,462,566,170,31,12,8,8,8,4,53,+18.691,6444747,52,11,1:24.490,246.831,Finished
9899,462,425,5,26,11,9,9,9,2,53,+22.208,6448264,44,10,1:24.479,246.863,Finished
9900,462,622,163,11,4,10,10,10,1,53,+23.224,6449280,50,8,1:24.336,247.282,Finished
9901,462,439,212,6,20,11,11,11,0,53,+32.876,6458932,39,16,1:24.999,245.353,Finished
9902,462,319,83,8,16,12,12,12,0,53,+35.164,6461220,48,12,1:24.785,245.972,Finished
9903,462,669,4,7,14,13,13,13,0,53,+36.312,6462368,29,13,1:24.835,245.827,Finished
9904,462,663,212,63,19,14,14,14,0,53,+36.593,6462649,39,9,1:24.421,247.033,Finished
9905,462,11,169,23,9,15,15,15,0,53,+37.533,6463589,48,15,1:24.926,245.564,Finished
9906,462,302,4,99,18,16,16,16,0,53,+55.199,6481255,43,14,1:24.856,245.766,Finished
9907,462,792,169,33,5,17,R,17,0,30,\N,\N,10,17,1:25.539,243.804,Power Unit
9908,462,445,73,16,13,18,R,18,0,23,\N,\N,19,19,1:26.026,242.424,Accident
9909,462,483,83,20,15,19,R,19,0,17,\N,\N,10,18,1:25.787,243.099,Power Unit
9910,462,794,73,5,17,20,R,20,0,6,\N,\N,4,20,1:27.107,239.415,Brakes
9911,463,335,140,44,1,1,1,1,26,59,2:19:35.060,8375059,58,1,1:18.833,239.518,Finished
9912,463,102,140,77,2,2,2,2,18,59,+4.880,8379940,53,2,1:19.432,237.712,Finished
9913,463,11,169,23,4,3,3,3,15,59,+8.064,8383124,51,3,1:20.039,235.909,Finished
9914,463,642,170,3,8,4,4,4,12,59,+10.417,8385477,57,4,1:20.426,234.774,Finished
9915,463,622,163,11,7,5,5,5,10,59,+15.650,8390710,59,5,1:20.632,234.175,Finished
9916,463,560,135,4,11,6,6,6,8,59,+18.883,8393943,59,7,1:21.198,232.542,Finished
9917,463,425,5,26,12,7,7,7,6,59,+21.756,8396816,51,10,1:21.458,231.800,Finished
9918,463,445,73,16,5,8,8,8,4,59,+28.345,8403405,50,9,1:21.229,232.453,Finished
9919,463,669,4,7,13,9,9,9,2,59,+29.770,8404830,59,6,1:21.164,232.640,Finished
9920,463,794,73,5,14,10,10,10,1,59,+29.983,8405043,59,8,1:21.202,232.531,Finished
9921,463,663,212,63,18,11,11,11,0,59,+32.404,8407464,58,11,1:21.645,231.269,Finished
9922,463,319,83,8,15,12,12,12,0,59,+42.036,8417096,59,13,1:22.263,229.532,Finished
9923,463,739,163,18,6,13,R,13,0,42,\N,\N,42,12,1:22.068,230.077,Puncture
9924,463,566,170,31,10,14,R,14,0,7,\N,\N,6,15,2:11.793,143.270,Brakes
9925,463,439,212,6,19,15,R,15,0,6,\N,\N,6,14,2:11.365,143.736,Collision
9926,463,483,83,20,20,16,R,16,0,5,\N,\N,4,17,2:13.812,141.108,Collision
9927,463,302,4,99,17,17,R,17,0,5,\N,\N,4,16,2:13.809,141.111,Collision
9928,463,672,135,55,9,18,R,18,0,5,\N,\N,5,18,2:14.103,140.802,Collision
9929,463,792,169,33,3,19,R,19,0,0,\N,\N,\N,\N,\N,\N,Collision
9930,463,290,5,10,16,20,R,20,0,0,\N,\N,\N,\N,\N,\N,Collision
9931,464,102,140,77,3,1,1,1,26,53,1:34:00.364,5640364,51,1,1:37.030,216.972,Finished
9932,464,792,169,33,2,2,2,2,18,53,+7.729,5648093,53,3,1:37.332,216.298,Finished
9933,464,335,140,44,1,3,3,3,15,53,+22.729,5663093,48,7,1:38.075,214.660,Finished
9934,464,622,163,11,4,4,4,4,12,53,+30.558,5670922,52,8,1:38.141,214.515,Finished
9935,464,642,170,3,5,5,5,5,10,53,+52.065,5692429,53,6,1:37.886,215.074,Finished
9936,464,445,73,16,10,6,6,6,8,53,+1:02.186,5702550,47,11,1:39.053,212.540,Finished
9937,464,566,170,31,7,7,7,7,6,53,+1:08.006,5708370,48,13,1:39.216,212.191,Finished
9938,464,425,5,26,11,8,8,8,4,53,+1:08.740,5709104,48,12,1:39.133,212.369,Finished
9939,464,290,5,10,9,9,9,9,2,53,+1:29.766,5730130,50,2,1:37.231,216.523,Finished
9940,464,11,169,23,15,10,10,10,1,53,+1:37.860,5738224,51,9,1:38.377,214.001,Finished
9941,464,302,4,99,17,11,11,11,0,52,\N,\N,44,16,1:39.766,211.021,+1 Lap
9942,464,483,83,20,18,12,12,12,0,52,\N,\N,52,17,1:40.380,209.731,+1 Lap
9943,464,794,73,5,14,13,13,13,0,52,\N,\N,46,14,1:39.588,211.398,+1 Lap
9944,464,669,4,7,19,14,14,14,0,52,\N,\N,37,10,1:38.858,212.960,+1 Lap
9945,464,560,135,4,8,15,15,15,0,52,\N,\N,50,5,1:37.377,216.198,+1 Lap
9946,464,439,212,6,20,16,16,16,0,52,\N,\N,47,18,1:41.044,208.352,+1 Lap
9947,464,319,83,8,16,17,17,17,0,52,\N,\N,44,15,1:39.614,211.343,+1 Lap
9948,464,663,212,63,13,18,18,18,0,52,\N,\N,52,4,1:37.352,216.254,+1 Lap
9949,464,672,135,55,6,19,R,19,0,0,\N,\N,\N,\N,\N,\N,Accident
9950,464,739,163,18,12,20,R,20,0,0,\N,\N,\N,\N,\N,\N,Collision
9951,465,335,140,44,2,1,1,1,25,60,1:35:49.641,5749641,58,2,1:28.145,210.253,Finished
9952,465,792,169,33,3,2,2,2,19,60,+4.470,5754111,60,1,1:28.139,210.267,Finished
9953,465,642,170,3,6,3,3,3,15,60,+14.613,5764254,53,3,1:29.584,206.876,Finished
9954,465,622,163,11,9,4,4,4,12,60,+16.070,5765711,58,4,1:29.700,206.608,Finished
9955,465,672,135,55,10,5,5,5,10,60,+21.905,5771546,53,6,1:30.129,205.625,Finished
9956,465,290,5,10,12,6,6,6,8,60,+22.766,5772407,53,5,1:30.110,205.668,Finished
9957,465,445,73,16,4,7,7,7,6,60,+30.814,5780455,54,10,1:30.712,204.303,Finished
9958,465,377,163,27,20,8,8,8,4,60,+32.596,5782237,58,11,1:30.733,204.256,Finished
9959,465,319,83,8,16,9,9,9,2,60,+39.081,5788722,54,14,1:31.562,202.407,Finished
9960,465,302,4,99,14,10,10,10,1,60,+40.035,5789676,38,12,1:30.909,203.861,Finished
9961,465,794,73,5,11,11,11,11,0,60,+40.810,5790451,43,7,1:30.408,204.990,Finished
9962,465,669,4,7,19,12,12,12,0,60,+41.476,5791117,54,9,1:30.512,204.755,Finished
9963,465,483,83,20,15,13,13,13,0,60,+49.585,5799226,37,8,1:30.456,204.881,Finished
9964,465,439,212,6,18,14,14,14,0,60,+54.449,5804090,39,13,1:31.377,202.816,Finished
9965,465,425,5,26,13,15,15,15,0,60,+55.588,5805229,41,16,1:32.214,200.975,Finished
9966,465,560,135,4,8,16,R,16,0,42,\N,\N,40,17,1:32.328,200.727,Power Unit
9967,465,11,169,23,5,17,R,17,0,23,\N,\N,9,18,1:32.330,200.723,Radiator
9968,465,566,170,31,7,18,R,18,0,22,\N,\N,21,19,1:33.189,198.873,Gearbox
9969,465,102,140,77,1,19,R,19,0,18,\N,\N,8,15,1:31.884,201.697,Power Unit
9970,465,663,212,63,17,20,R,20,0,12,\N,\N,6,20,1:34.526,196.060,Collision
9971,466,335,140,44,1,1,1,1,26,66,1:29:56.828,5396828,63,1,1:18.750,212.708,Finished
9972,466,102,140,77,2,2,2,2,18,66,+25.592,5422420,66,2,1:19.345,211.113,Finished
9973,466,792,169,33,3,3,3,3,15,66,+34.508,5431336,62,4,1:19.854,209.767,Finished
9974,466,445,73,16,4,4,4,4,12,66,+1:05.312,5462140,66,7,1:20.408,208.322,Finished
9975,466,290,5,10,9,5,5,5,10,65,\N,\N,65,9,1:20.551,207.952,+1 Lap
9976,466,672,135,55,7,6,6,6,8,65,\N,\N,65,6,1:20.268,208.685,+1 Lap
9977,466,622,163,11,5,7,7,7,6,65,\N,\N,49,11,1:20.802,207.306,+1 Lap
9978,466,566,170,31,11,8,8,8,4,65,\N,\N,61,12,1:20.859,207.160,+1 Lap
9979,466,642,170,3,10,9,9,9,2,65,\N,\N,61,14,1:20.906,207.040,+1 Lap
9980,466,794,73,5,15,10,10,10,1,65,\N,\N,62,10,1:20.731,207.489,+1 Lap
9981,466,669,4,7,16,11,11,11,0,65,\N,\N,60,15,1:21.058,206.652,+1 Lap
9982,466,11,169,23,6,12,12,12,0,65,\N,\N,61,5,1:19.890,209.673,+1 Lap
9983,466,560,135,4,8,13,13,13,0,65,\N,\N,65,3,1:19.360,211.073,+1 Lap
9984,466,663,212,63,14,14,14,14,0,65,\N,\N,62,13,1:20.882,207.101,+1 Lap
9985,466,302,4,99,17,15,15,15,0,65,\N,\N,46,20,1:21.893,204.544,+1 Lap
9986,466,483,83,20,19,16,16,16,0,65,\N,\N,63,16,1:21.460,205.632,+1 Lap
9987,466,319,83,8,18,17,17,17,0,65,\N,\N,59,17,1:21.664,205.118,+1 Lap
9988,466,439,212,6,20,18,18,18,0,64,\N,\N,53,19,1:21.859,204.629,+2 Laps
9989,466,425,5,26,13,19,19,19,0,64,\N,\N,59,8,1:20.449,208.216,+2 Laps
9990,466,739,163,18,12,20,R,20,0,51,\N,\N,45,18,1:21.694,205.043,Collision damage
9991,467,335,140,44,2,1,1,1,26,63,1:28:32.430,5312430,63,1,1:15.484,234.121,Finished
9992,467,102,140,77,1,2,2,2,18,63,+5.783,5318213,63,2,1:15.902,232.831,Finished
9993,467,642,170,3,5,3,3,3,15,63,+14.320,5326750,62,4,1:17.552,227.878,Finished
9994,467,425,5,26,8,4,4,4,12,63,+15.141,5327571,62,6,1:17.666,227.543,Finished
9995,467,445,73,16,7,5,5,5,10,63,+19.111,5331541,62,12,1:18.173,226.067,Finished
9996,467,622,163,11,11,6,6,6,8,63,+19.652,5332082,49,9,1:18.084,226.325,Finished
9997,467,672,135,55,10,7,7,7,6,63,+20.230,5332660,62,11,1:18.118,226.226,Finished
9998,467,560,135,4,9,8,8,8,4,63,+21.131,5333561,63,8,1:18.069,226.368,Finished
9999,467,669,4,7,18,9,9,9,2,63,+22.224,5334654,63,10,1:18.088,226.313,Finished
10000,467,302,4,99,20,10,10,10,1,63,+26.398,5338828,61,15,1:18.794,224.286,Finished
10001,467,439,212,6,19,11,11,11,0,63,+27.135,5339565,37,14,1:18.719,224.499,Finished
10002,467,794,73,5,14,12,12,12,0,63,+28.453,5340883,44,7,1:17.767,227.248,Finished
10003,467,739,163,18,15,13,13,13,0,63,+29.163,5341593,46,13,1:18.360,225.528,Finished
10004,467,319,83,8,16,14,14,14,0,63,+32.935,5345365,45,17,1:18.822,224.206,Finished
10005,467,11,169,23,6,15,15,15,0,63,+57.284,5369714,63,3,1:16.177,231.991,Finished
10006,467,663,212,63,13,16,R,16,0,51,\N,\N,43,16,1:18.811,224.237,Accident
10007,467,792,169,33,3,17,R,17,0,50,\N,\N,44,5,1:17.637,227.628,Puncture
10008,467,483,83,20,17,18,R,18,0,47,\N,\N,45,18,1:19.273,222.930,Illness
10009,467,566,170,31,12,19,R,19,0,27,\N,\N,22,19,1:19.606,221.998,Gearbox
10010,467,290,5,10,4,20,R,20,0,8,\N,\N,5,20,1:20.403,219.797,Water pressure
10011,468,335,140,44,6,1,1,1,25,58,1:42:19.313,6139313,56,6,1:39.413,193.302,Finished
10012,468,622,163,11,3,2,2,2,18,58,+31.633,6170946,50,12,1:40.392,191.417,Finished
10013,468,794,73,5,11,3,3,3,15,58,+31.960,6171273,53,8,1:39.662,192.819,Finished
10014,468,445,73,16,12,4,4,4,12,58,+33.858,6173171,47,11,1:39.961,192.242,Finished
10015,468,672,135,55,15,5,5,5,10,58,+34.363,6173676,56,4,1:38.754,194.592,Finished
10016,468,792,169,33,2,6,6,6,8,58,+44.873,6184186,53,3,1:38.431,195.231,Finished
10017,468,11,169,23,4,7,7,7,6,58,+46.484,6185797,54,5,1:39.099,193.915,Finished
10018,468,560,135,4,14,8,8,8,5,58,+1:01.259,6200572,58,1,1:36.806,198.508,Finished
10019,468,739,163,18,1,9,9,9,2,58,+1:12.353,6211666,55,10,1:39.921,192.319,Finished
10020,468,642,170,3,5,10,10,10,1,58,+1:35.460,6234773,54,13,1:40.677,190.875,Finished
10021,468,566,170,31,7,11,11,11,0,57,\N,\N,55,16,1:41.006,190.254,+1 Lap
10022,468,425,5,26,16,12,12,12,0,57,\N,\N,53,17,1:41.019,190.229,+1 Lap
10023,468,290,5,10,19,13,13,13,0,57,\N,\N,53,7,1:39.586,192.966,+1 Lap
10024,468,102,140,77,9,14,14,14,0,57,\N,\N,57,2,1:38.193,195.704,+1 Lap
10025,468,669,4,7,8,15,15,15,0,57,\N,\N,57,9,1:39.743,192.663,+1 Lap
10026,468,663,212,63,0,16,16,16,0,57,\N,\N,51,14,1:40.814,190.616,+1 Lap
10027,468,483,83,20,13,17,17,17,0,55,\N,\N,45,15,1:40.948,190.363,Withdrew
10028,468,319,83,8,17,18,R,18,0,49,\N,\N,38,18,1:43.281,186.063,Collision damage
10029,468,439,212,6,0,19,R,19,0,39,\N,\N,32,19,1:43.495,185.678,Collision damage
10030,468,302,4,99,10,20,R,20,0,11,\N,\N,11,20,1:51.122,172.934,Gearbox
10031,469,335,140,44,1,1,1,1,25,57,2:59:47.515,10787515,38,3,1:32.864,209.803,Finished
10032,469,792,169,33,3,2,2,2,19,57,+1.254,10788769,48,1,1:32.014,211.741,Finished
10033,469,11,169,23,4,3,3,3,15,57,+8.005,10795520,41,10,1:33.684,207.967,Finished
10034,469,560,135,4,9,4,4,4,12,57,+11.337,10798852,53,7,1:33.588,208.180,Finished
10035,469,672,135,55,15,5,5,5,10,57,+11.787,10799302,46,5,1:33.411,208.575,Finished
10036,469,290,5,10,8,6,6,6,8,57,+11.942,10799457,48,16,1:34.817,205.482,Finished
10037,469,642,170,3,6,7,7,7,6,57,+19.368,10806883,38,2,1:32.827,209.887,Finished
10038,469,102,140,77,2,8,8,8,4,57,+19.680,10807195,28,4,1:33.352,208.706,Finished
10039,469,566,170,31,7,9,9,9,2,57,+22.803,10810318,37,13,1:34.354,206.490,Finished
10040,469,445,73,16,12,10,10,10,1,56,\N,\N,44,8,1:33.625,208.098,+1 Lap
10041,469,425,5,26,10,11,11,11,0,56,\N,\N,35,12,1:34.141,206.957,+1 Lap
10042,469,663,212,63,14,12,12,12,0,56,\N,\N,47,17,1:35.042,204.995,+1 Lap
10043,469,794,73,5,11,13,13,13,0,56,\N,\N,41,11,1:33.861,207.575,+1 Lap
10044,469,439,212,6,20,14,14,14,0,56,\N,\N,39,15,1:34.591,205.973,+1 Lap
10045,469,669,4,7,17,15,15,15,0,56,\N,\N,43,6,1:33.573,208.213,+1 Lap
10046,469,302,4,99,16,16,16,16,0,56,\N,\N,22,14,1:34.536,206.092,+1 Lap
10047,469,483,83,20,18,17,17,17,0,56,\N,\N,29,18,1:35.241,204.567,+1 Lap
10048,469,622,163,11,5,18,18,18,0,53,\N,\N,40,9,1:33.629,208.089,Engine
10049,469,739,163,18,13,19,R,19,0,2,\N,\N,\N,\N,\N,\N,Collision
10050,469,319,83,8,19,20,R,20,0,0,\N,\N,\N,\N,\N,\N,Collision
10051,470,622,163,11,5,1,1,1,25,87,1:31:15.114,5475114,69,3,56.789,224.599,Finished
10052,470,566,170,31,11,2,2,2,18,87,+10.518,5485632,75,12,57.350,222.402,Finished
10053,470,739,163,18,10,3,3,3,15,87,+11.869,5486983,85,14,57.388,222.255,Finished
10054,470,672,135,55,8,4,4,4,12,87,+12.580,5487694,80,9,57.165,223.122,Finished
10055,470,642,170,3,7,5,5,5,10,87,+13.330,5488444,57,6,56.979,223.850,Finished
10056,470,11,169,23,12,6,6,6,8,87,+13.842,5488956,52,8,57.056,223.548,Finished
10057,470,425,5,26,6,7,7,7,6,87,+14.534,5489648,80,7,57.001,223.764,Finished
10058,470,102,140,77,1,8,8,8,4,87,+15.389,5490503,60,2,56.563,225.497,Finished
10059,470,663,140,63,2,9,9,9,3,87,+18.556,5493670,80,1,55.404,230.214,Finished
10060,470,560,135,4,19,10,10,10,1,87,+19.541,5494655,85,11,57.270,222.713,Finished
10061,470,290,5,10,9,11,11,11,0,87,+20.527,5495641,53,10,57.220,222.908,Finished
10062,470,794,73,5,13,12,12,12,0,87,+22.611,5497725,56,5,56.905,224.141,Finished
10063,470,302,4,99,14,13,13,13,0,87,+24.111,5499225,56,4,56.887,224.212,Finished
10064,470,669,4,7,18,14,14,14,0,87,+26.153,5501267,56,13,57.375,222.305,Finished
10065,470,483,83,20,15,15,15,15,0,87,+32.370,5507484,57,16,57.516,221.760,Finished
10066,470,9,212,89,17,16,16,16,0,87,+33.674,5508788,56,15,57.392,222.240,Finished
10067,470,255,83,51,20,17,17,17,0,87,+36.858,5511972,56,17,57.742,220.892,Finished
10068,470,439,212,6,16,18,R,18,0,52,\N,\N,29,18,58.206,219.132,Engine
10069,470,792,169,33,3,19,R,19,0,0,\N,\N,\N,\N,\N,\N,Accident
10070,470,445,73,16,4,20,R,20,0,0,\N,\N,\N,\N,\N,\N,Collision
10071,471,792,169,33,1,1,1,1,25,55,1:36:28.645,5788645,14,2,1:40.958,198.046,Finished
10072,471,102,140,77,2,2,2,2,18,55,+15.976,5804621,40,3,1:41.131,197.707,Finished
10073,471,335,140,44,3,3,3,3,15,55,+18.415,5807060,37,5,1:41.420,197.144,Finished
10074,471,11,169,23,5,4,4,4,12,55,+19.987,5808632,42,4,1:41.227,197.520,Finished
10075,471,560,135,4,4,5,5,5,10,55,+1:00.729,5849374,53,12,1:41.964,196.092,Finished
10076,471,672,135,55,6,6,6,6,8,55,+1:05.662,5854307,48,11,1:41.947,196.125,Finished
10077,471,642,170,3,11,7,7,7,7,55,+1:13.748,5862393,55,1,1:40.926,198.109,Finished
10078,471,290,5,10,9,8,8,8,4,55,+1:29.718,5878363,53,15,1:42.474,195.116,Finished
10079,471,566,170,31,10,9,9,9,2,55,+11.351,5799996,47,18,1:42.894,194.320,Finished
10080,471,739,163,18,8,10,10,10,1,55,+1.669,5790314,41,9,1:41.866,196.281,Finished
10081,471,425,5,26,7,11,11,11,0,54,\N,\N,47,17,1:42.704,194.679,+1 Lap
10082,471,669,4,7,15,12,12,12,0,54,\N,\N,53,14,1:42.148,195.739,+1 Lap
10083,471,445,73,16,12,13,13,13,0,54,\N,\N,24,10,1:41.908,196.200,+1 Lap
10084,471,794,73,5,13,14,14,14,0,54,\N,\N,37,6,1:41.475,197.037,+1 Lap
10085,471,663,212,63,16,15,15,15,0,54,\N,\N,54,20,1:43.328,193.504,+1 Lap
10086,471,302,4,99,14,16,16,16,0,54,\N,\N,29,7,1:41.675,196.650,+1 Lap
10087,471,439,212,6,18,17,17,17,0,54,\N,\N,49,16,1:42.497,195.073,+1 Lap
10088,471,483,83,20,20,18,18,18,0,54,\N,\N,50,13,1:41.999,196.025,+1 Lap
10089,471,255,83,51,17,19,19,19,0,53,\N,\N,50,8,1:41.707,196.588,+2 Laps
10090,471,622,163,11,19,20,R,20,0,8,\N,\N,6,19,1:43.263,193.625,Transmission
10091,472,335,140,44,2,1,1,1,25,56,1:32:03.897,5523897,44,4,1:34.015,207.235,Finished
10092,472,792,169,33,1,2,2,2,18,56,+0.745,5524642,41,2,1:33.228,208.984,Finished
10093,472,102,140,77,3,3,3,3,16,56,+37.383,5561280,56,1,1:32.090,211.566,Finished
10094,472,560,135,4,7,4,4,4,12,56,+46.466,5570363,38,6,1:34.396,206.398,Finished
10095,472,622,169,11,0,5,5,5,10,56,+52.047,5575944,44,3,1:33.970,207.334,Finished
10096,472,445,73,16,4,6,6,6,8,56,+59.090,5582987,39,11,1:34.988,205.112,Finished
10097,472,642,135,3,6,7,7,7,6,56,+1:06.004,5589901,36,10,1:34.932,205.233,Finished
10098,472,672,73,55,8,8,8,8,4,56,+1:07.100,5590997,48,7,1:34.509,206.151,Finished
10099,472,779,5,22,13,9,9,9,2,56,+1:25.692,5609589,38,8,1:34.761,205.603,Finished
10100,472,739,12,18,10,10,10,10,1,56,+1:26.713,5610610,31,9,1:34.865,205.378,Finished
10101,472,669,4,7,14,11,11,11,0,56,+1:28.864,5612761,45,14,1:35.192,204.672,Finished
10102,472,302,4,99,12,12,12,12,0,55,\N,\N,32,13,1:35.122,204.823,+1 Lap
10103,472,566,6,31,16,13,13,13,0,55,\N,\N,33,15,1:35.250,204.548,+1 Lap
10104,472,663,212,63,15,14,14,14,0,55,\N,\N,40,12,1:35.036,205.008,+1 Lap
10105,472,794,12,5,20,15,15,15,0,55,\N,\N,26,16,1:35.566,203.871,+1 Lap
10106,472,698,83,47,18,16,16,16,0,55,\N,\N,38,18,1:36.134,202.667,+1 Lap
10107,472,290,5,10,5,17,17,17,0,52,\N,\N,48,5,1:34.090,207.069,Retired
10108,472,439,212,6,17,18,18,18,0,51,\N,\N,16,19,1:36.602,201.685,Retired
10109,472,17,6,14,9,19,R,19,0,32,\N,\N,31,17,1:36.063,202.816,Brakes
10110,472,503,83,9,19,20,R,20,0,0,\N,\N,\N,\N,\N,\N,Accident
10111,473,792,169,33,3,1,1,1,25,63,2:02:34.598,7354598,60,2,1:17.524,227.960,Finished
10112,473,335,140,44,1,2,2,2,19,63,+22.000,7376598,60,1,1:16.702,230.403,Finished
10113,473,560,135,4,7,3,3,3,15,63,+23.702,7378300,63,3,1:18.259,225.819,Finished
10114,473,445,73,16,4,4,4,4,12,63,+25.579,7380177,60,6,1:18.379,225.473,Finished
10115,473,672,73,55,11,5,5,5,10,63,+27.036,7381634,60,7,1:18.490,225.154,Finished
10116,473,642,135,3,6,6,6,6,8,63,+51.220,7405818,54,12,1:19.341,222.739,Finished
10117,473,290,5,10,5,7,7,7,6,63,+52.818,7407416,52,9,1:18.994,223.718,Finished
10118,473,739,12,18,10,8,8,8,4,63,+56.909,7411507,59,8,1:18.782,224.320,Finished
10119,473,566,6,31,9,9,9,9,2,63,+1:05.704,7420302,62,15,1:19.422,222.512,Finished
10120,473,17,6,14,15,10,10,10,1,63,+1:06.561,7421159,62,14,1:19.417,222.526,Finished
10121,473,622,169,11,2,11,11,11,0,63,+1:07.151,7421749,62,13,1:19.396,222.585,Finished
10122,473,779,5,22,20,12,12,12,0,63,+1:13.184,7427782,49,4,1:18.334,225.603,Finished
10123,473,669,4,7,16,13,13,13,0,63,+1:34.773,7449371,62,5,1:18.353,225.548,Finished
10124,473,302,4,99,17,14,14,14,0,62,\N,\N,57,16,1:19.470,222.378,+1 Lap
10125,473,794,12,5,0,15,15,15,0,61,\N,\N,59,10,1:19.074,223.491,Gearbox
10126,473,698,83,47,18,16,16,16,0,61,\N,\N,58,11,1:19.193,223.156,+2 Laps
10127,473,503,83,9,19,17,17,17,0,61,\N,\N,55,17,1:20.402,219.800,+2 Laps
10128,473,102,140,77,8,18,R,18,0,30,\N,\N,30,19,1:28.485,199.721,Collision
10129,473,663,212,63,12,19,R,19,0,30,\N,\N,28,18,1:26.543,204.203,Collision
10130,473,439,212,6,14,20,R,20,0,0,\N,\N,\N,\N,\N,\N,Collision
10131,474,335,140,44,2,1,1,1,25,66,1:34:31.421,5671421,47,4,1:20.933,206.971,Finished
10132,474,792,169,33,3,2,2,2,18,66,+29.148,5700569,62,3,1:20.695,207.581,Finished
10133,474,102,140,77,1,3,3,3,16,66,+33.530,5704951,65,1,1:19.865,209.738,Finished
10134,474,622,169,11,4,4,4,4,12,66,+39.735,5711156,55,2,1:20.643,207.715,Finished
10135,474,560,135,4,7,5,5,5,10,66,+51.369,5722790,55,7,1:21.696,205.038,Finished
10136,474,445,73,16,8,6,6,6,8,66,+55.781,5727202,63,6,1:21.496,205.541,Finished
10137,474,566,6,31,6,7,7,7,6,66,+1:03.749,5735170,34,8,1:21.886,204.562,Finished
10138,474,17,6,14,13,8,8,8,4,66,+1.808,5673229,66,5,1:21.032,206.718,Finished
10139,474,642,135,3,16,9,9,9,2,66,+1:15.369,5746790,64,10,1:21.987,204.310,Finished
10140,474,290,5,10,9,10,10,10,1,66,+1:16.463,5747884,65,11,1:22.014,204.243,Finished
10141,474,672,73,55,5,11,11,11,0,66,+1:18.955,5750376,60,14,1:22.325,203.471,Finished
10142,474,302,4,99,12,12,12,12,0,65,\N,\N,60,13,1:22.167,203.862,+1 Lap
10143,474,794,12,5,10,13,13,13,0,65,\N,\N,60,15,1:22.416,203.246,+1 Lap
10144,474,739,12,18,17,14,14,14,0,65,\N,\N,59,9,1:21.970,204.352,+1 Lap
10145,474,779,5,22,14,15,15,15,0,65,\N,\N,61,12,1:22.058,204.133,+1 Lap
10146,474,663,212,63,11,16,16,16,0,65,\N,\N,60,16,1:22.654,202.661,+1 Lap
10147,474,698,83,47,19,17,17,17,0,64,\N,\N,61,17,1:22.755,202.414,+2 Laps
10148,474,439,212,6,18,18,18,18,0,64,\N,\N,60,18,1:23.155,201.440,+2 Laps
10149,474,503,83,9,20,19,19,19,0,64,\N,\N,64,19,1:23.641,200.270,+2 Laps
10150,474,669,4,7,15,20,R,20,0,1,\N,\N,\N,\N,\N,\N,Collision damage
10151,475,335,140,44,1,1,1,1,25,66,1:33:07.680,5587680,54,5,1:20.665,208.640,Finished
10152,475,792,169,33,2,2,2,2,19,66,+15.841,5603521,62,1,1:18.149,215.357,Finished
10153,475,102,140,77,3,3,3,3,15,66,+26.610,5614290,65,2,1:19.430,211.884,Finished
10154,475,445,73,16,4,4,4,4,12,66,+54.616,5642296,64,4,1:20.459,209.174,Finished
10155,475,622,169,11,8,5,5,5,10,66,+1:03.671,5651351,60,3,1:19.483,211.743,Finished
10156,475,642,135,3,7,6,6,6,8,66,+1:13.768,5661448,60,10,1:21.853,205.612,Finished
10157,475,672,73,55,6,7,7,7,6,66,+1:14.670,5662350,53,9,1:21.568,206.330,Finished
10158,475,560,135,4,9,8,8,8,4,65,\N,\N,56,7,1:21.279,207.064,+1 Lap
10159,475,566,6,31,5,9,9,9,2,65,\N,\N,46,18,1:23.311,202.014,+1 Lap
10160,475,290,5,10,12,10,10,10,1,65,\N,\N,64,8,1:21.375,206.820,+1 Lap
10161,475,739,12,18,11,11,11,11,0,65,\N,\N,47,11,1:22.607,203.735,+1 Lap
10162,475,669,4,7,17,12,12,12,0,65,\N,\N,54,15,1:22.868,203.094,+1 Lap
10163,475,794,12,5,13,13,13,13,0,65,\N,\N,56,14,1:22.820,203.211,+1 Lap
10164,475,663,212,63,15,14,14,14,0,65,\N,\N,30,17,1:23.208,202.264,+1 Lap
10165,475,302,4,99,14,15,15,15,0,65,\N,\N,42,13,1:22.802,203.255,+1 Lap
10166,475,439,212,6,19,16,16,16,0,65,\N,\N,57,16,1:22.905,203.003,+1 Lap
10167,475,17,6,14,10,17,17,17,0,65,\N,\N,63,6,1:21.182,207.311,+1 Lap
10168,475,698,83,47,18,18,18,18,0,64,\N,\N,54,12,1:22.637,203.661,+2 Laps
10169,475,503,83,9,20,19,19,19,0,64,\N,\N,45,19,1:24.040,200.261,+2 Laps
10170,475,779,5,22,16,20,R,20,0,6,\N,\N,5,20,1:24.825,198.408,Electrical
10171,476,792,169,33,2,1,1,1,25,78,1:38:56.820,5936820,58,6,1:14.649,160.929,Finished
10172,476,672,73,55,4,2,2,2,18,78,+8.968,5945788,35,5,1:14.621,160.989,Finished
10173,476,560,135,4,5,3,3,3,15,78,+19.427,5956247,76,7,1:14.670,160.883,Finished
10174,476,622,169,11,9,4,4,4,12,78,+20.490,5957310,32,3,1:14.552,161.138,Finished
10175,476,794,12,5,8,5,5,5,10,78,+52.591,5989411,33,11,1:15.316,159.503,Finished
10176,476,290,5,10,6,6,6,6,8,78,+53.896,5990716,71,14,1:15.412,159.300,Finished
10177,476,335,140,44,7,7,7,7,7,78,+1:08.231,6005051,69,1,1:12.909,164.769,Finished
10178,476,739,12,18,13,8,8,8,4,77,\N,\N,74,8,1:14.674,160.875,+1 Lap
10179,476,566,6,31,11,9,9,9,2,77,\N,\N,41,12,1:15.316,159.503,+1 Lap
10180,476,302,4,99,10,10,10,10,1,77,\N,\N,41,13,1:15.331,159.472,+1 Lap
10181,476,669,4,7,14,11,11,11,0,77,\N,\N,55,9,1:14.971,160.237,+1 Lap
10182,476,642,135,3,12,12,12,12,0,77,\N,\N,43,4,1:14.578,161.082,+1 Lap
10183,476,17,6,14,17,13,13,13,0,77,\N,\N,70,10,1:15.026,160.120,+1 Lap
10184,476,663,212,63,15,14,14,14,0,77,\N,\N,59,15,1:15.539,159.033,+1 Lap
10185,476,439,212,6,18,15,15,15,0,77,\N,\N,66,16,1:15.573,158.961,+1 Lap
10186,476,779,5,22,16,16,16,16,0,77,\N,\N,66,2,1:14.037,162.259,+1 Lap
10187,476,503,83,9,19,17,17,17,0,75,\N,\N,64,19,1:16.866,156.287,+3 Laps
10188,476,698,83,47,20,18,18,18,0,75,\N,\N,51,18,1:16.425,157.189,+3 Laps
10189,476,102,140,77,3,19,R,19,0,29,\N,\N,18,17,1:15.706,158.682,Wheel nut
10190,476,445,73,16,1,20,W,20,0,0,\N,\N,\N,\N,\N,\N,Driveshaft
10191,477,622,169,11,6,1,1,1,25,51,2:13:36.410,8016410,45,2,1:44.687,206.432,Finished
10192,477,794,12,5,11,2,2,2,18,51,+1.385,8017795,41,4,1:44.890,206.032,Finished
10193,477,290,5,10,4,3,3,3,15,51,+2.762,8019172,44,6,1:45.220,205.386,Finished
10194,477,445,73,16,1,4,4,4,12,51,+3.828,8020238,46,8,1:45.382,205.071,Finished
10195,477,560,135,4,9,5,5,5,10,51,+4.754,8021164,41,7,1:45.326,205.180,Finished
10196,477,17,6,14,8,6,6,6,8,51,+6.382,8022792,42,11,1:45.624,204.601,Finished
10197,477,779,5,22,7,7,7,7,6,51,+6.624,8023034,46,5,1:44.939,205.936,Finished
10198,477,672,73,55,5,8,8,8,4,51,+7.709,8024119,42,13,1:45.700,204.454,Finished
10199,477,642,135,3,13,9,9,9,2,51,+8.874,8025284,43,14,1:45.713,204.428,Finished
10200,477,669,4,7,14,10,10,10,1,51,+9.576,8025986,43,10,1:45.601,204.645,Finished
10201,477,302,4,99,20,11,11,11,0,51,+10.254,8026664,44,9,1:45.575,204.696,Finished
10202,477,102,140,77,10,12,12,12,0,51,+11.264,8027674,43,12,1:45.665,204.521,Finished
10203,477,698,83,47,17,13,13,13,0,51,+14.241,8030651,41,18,1:47.624,200.799,Finished
10204,477,503,83,9,18,14,14,14,0,51,+14.315,8030725,40,19,1:47.747,200.569,Finished
10205,477,335,140,44,2,15,15,15,0,51,+17.668,8034078,43,3,1:44.769,206.270,Finished
10206,477,439,212,6,16,16,16,16,0,51,+43.379,8059789,42,17,1:46.608,202.712,Finished
10207,477,663,212,63,15,17,R,17,0,48,\N,\N,43,15,1:45.959,203.954,Gearbox
10208,477,792,169,33,3,18,R,18,0,45,\N,\N,44,1,1:44.481,206.839,Accident
10209,477,739,12,18,19,19,R,19,0,29,\N,\N,28,16,1:46.207,203.478,Accident
10210,477,566,6,31,12,20,R,20,0,3,\N,\N,2,20,1:50.850,194.955,Turbo
10211,478,792,169,33,1,1,1,1,26,53,1:27:25.770,5245770,35,1,1:36.404,218.156,Finished
10212,478,335,140,44,2,2,2,2,18,53,+2.904,5248674,44,5,1:37.410,215.903,Finished
10213,478,622,169,11,4,3,3,3,15,53,+8.811,5254581,53,2,1:36.693,217.504,Finished
10214,478,102,140,77,3,4,4,4,12,53,+14.618,5260388,19,3,1:36.960,216.905,Finished
10215,478,560,135,4,8,5,5,5,10,53,+1:04.032,5309802,52,6,1:37.425,215.870,Finished
10216,478,642,135,3,10,6,6,6,8,53,+1:15.857,5321627,45,14,1:38.324,213.896,Finished
10217,478,290,5,10,6,7,7,7,6,53,+1:16.596,5322366,44,11,1:38.103,214.378,Finished
10218,478,17,6,14,9,8,8,8,4,53,+1:17.695,5323465,44,7,1:37.646,215.382,Finished
10219,478,794,12,5,12,9,9,9,2,53,+1:19.666,5325436,52,4,1:37.138,216.508,Finished
10220,478,739,12,18,19,10,10,10,1,53,+1:31.946,5337716,44,9,1:37.828,214.981,Finished
10221,478,672,73,55,5,11,11,11,0,53,+1:39.337,5345107,19,18,1:38.931,212.584,Finished
10222,478,663,212,63,14,12,12,12,0,52,\N,\N,52,13,1:38.314,213.918,+1 Lap
10223,478,779,5,22,0,13,13,13,0,52,\N,\N,18,19,1:38.980,212.479,+1 Lap
10224,478,566,6,31,11,14,14,14,0,52,\N,\N,33,15,1:38.645,213.200,+1 Lap
10225,478,302,4,99,13,15,15,15,0,52,\N,\N,36,16,1:38.702,213.077,+1 Lap
10226,478,445,73,16,7,16,16,16,0,52,\N,\N,43,8,1:37.681,215.304,+1 Lap
10227,478,669,4,7,17,17,17,17,0,52,\N,\N,46,10,1:37.992,214.621,+1 Lap
10228,478,439,212,6,16,18,18,18,0,52,\N,\N,50,12,1:38.313,213.920,+1 Lap
10229,478,698,83,47,15,19,19,19,0,52,\N,\N,51,17,1:38.847,212.765,+1 Lap
10230,478,503,83,9,18,20,20,20,0,52,\N,\N,34,20,1:39.317,211.758,+1 Lap
10231,479,792,169,33,1,1,1,1,25,71,1:22:18.925,4938925,68,3,1:08.017,228.542,Finished
10232,479,335,140,44,2,2,2,2,19,71,+35.743,4974668,71,1,1:07.058,231.811,Finished
10233,479,102,140,77,5,3,3,3,15,71,+46.907,4985832,43,5,1:08.619,226.537,Finished
10234,479,622,169,11,4,4,4,4,12,71,+47.434,4986359,57,2,1:07.894,228.956,Finished
10235,479,560,135,4,3,5,5,5,10,70,\N,\N,65,7,1:08.903,225.604,+1 Lap
10236,479,672,73,55,12,6,6,6,8,70,\N,\N,64,4,1:08.609,226.570,+1 Lap
10237,479,445,73,16,7,7,7,7,6,70,\N,\N,64,6,1:08.738,226.145,+1 Lap
10238,479,739,12,18,9,8,8,8,4,70,\N,\N,32,14,1:09.787,222.746,+1 Lap
10239,479,17,6,14,8,9,9,9,2,70,\N,\N,61,13,1:09.749,222.867,+1 Lap
10240,479,779,5,22,11,10,10,10,1,70,\N,\N,41,11,1:09.650,223.184,+1 Lap
10241,479,669,4,7,18,11,11,11,0,70,\N,\N,57,8,1:09.128,224.869,+1 Lap
10242,479,794,12,5,14,12,12,12,0,70,\N,\N,64,15,1:09.821,222.637,+1 Lap
10243,479,642,135,3,13,13,13,13,0,70,\N,\N,45,9,1:09.305,224.295,+1 Lap
10244,479,566,6,31,17,14,14,14,0,70,\N,\N,70,10,1:09.576,223.421,+1 Lap
10245,479,302,4,99,15,15,15,15,0,70,\N,\N,39,12,1:09.723,222.950,+1 Lap
10246,479,698,83,47,19,16,16,16,0,69,\N,\N,57,16,1:10.005,222.052,+2 Laps
10247,479,439,212,6,16,17,17,17,0,68,\N,\N,34,17,1:10.104,221.739,+3 Laps
10248,479,503,83,9,20,18,18,18,0,68,\N,\N,39,19,1:10.951,219.092,+3 Laps
10249,479,663,212,63,10,19,R,19,0,36,\N,\N,28,18,1:10.499,220.496,Engine
10250,479,290,5,10,6,20,R,20,0,1,\N,\N,\N,\N,\N,\N,Collision
10251,480,792,169,33,1,1,1,1,26,71,1:23:54.543,5034543,62,1,1:06.200,234.815,Finished
10252,480,102,140,77,5,2,2,2,18,71,+17.973,5052516,52,6,1:08.374,227.349,Finished
10253,480,560,135,4,2,3,3,3,15,71,+20.019,5054562,62,10,1:08.471,227.027,Finished
10254,480,335,140,44,4,4,4,4,12,71,+46.452,5080995,55,3,1:08.126,228.177,Finished
10255,480,672,73,55,10,5,5,5,10,71,+57.144,5091687,70,2,1:07.762,229.402,Finished
10256,480,622,169,11,3,6,6,6,8,71,+57.915,5092458,55,5,1:08.192,227.956,Finished
10257,480,642,135,3,13,7,7,7,6,71,+1:00.395,5094938,56,14,1:08.820,225.876,Finished
10258,480,445,73,16,12,8,8,8,4,71,+1:01.195,5095738,55,13,1:08.698,226.277,Finished
10259,480,290,5,10,6,9,9,9,2,71,+1:01.844,5096387,54,4,1:08.146,228.110,Finished
10260,480,17,6,14,14,10,10,10,1,70,\N,\N,70,7,1:08.405,227.246,+1 Lap
10261,480,663,212,63,8,11,11,11,0,70,\N,\N,56,16,1:08.900,225.613,+1 Lap
10262,480,779,5,22,7,12,12,12,0,70,\N,\N,54,9,1:08.455,227.080,+1 Lap
10263,480,739,12,18,9,13,13,13,0,70,\N,\N,54,12,1:08.659,226.405,+1 Lap
10264,480,302,4,99,15,14,14,14,0,70,\N,\N,55,17,1:09.042,225.149,+1 Lap
10265,480,669,4,7,16,15,15,15,0,70,\N,\N,69,15,1:08.874,225.699,+1 Lap
10266,480,439,212,6,18,16,16,16,0,70,\N,\N,62,11,1:08.520,226.865,+1 Lap
10267,480,794,12,5,11,17,17,17,0,69,\N,\N,51,8,1:08.420,227.196,Collision
10268,480,698,83,47,19,18,18,18,0,69,\N,\N,56,18,1:09.394,224.007,+2 Laps
10269,480,503,83,9,20,19,19,19,0,69,\N,\N,49,19,1:09.757,222.842,+2 Laps
10270,480,566,6,31,17,20,R,20,0,0,\N,\N,\N,\N,\N,\N,Collision
10271,481,335,140,44,2,1,1,1,25,52,1:58:23.284,7103284,45,2,1:29.699,236.430,Finished
10272,481,445,73,16,4,2,2,2,18,52,+3.871,7107155,45,5,1:30.569,234.159,Finished
10273,481,102,140,77,3,3,3,3,15,52,+11.125,7114409,45,4,1:30.524,234.275,Finished
10274,481,560,135,4,5,4,4,4,12,52,+28.573,7131857,44,9,1:31.420,231.979,Finished
10275,481,642,135,3,6,5,5,5,10,52,+42.624,7145908,51,8,1:31.284,232.325,Finished
10276,481,672,73,55,10,6,6,6,8,52,+43.454,7146738,51,7,1:31.223,232.480,Finished
10277,481,17,6,14,7,7,7,7,6,52,+1:12.093,7175377,48,10,1:31.698,231.276,Finished
10278,481,739,12,18,14,8,8,8,4,52,+1:14.289,7177573,48,12,1:31.992,230.537,Finished
10279,481,566,6,31,9,9,9,9,2,52,+1:16.162,7179446,48,14,1:32.210,229.992,Finished
10280,481,779,5,22,16,10,10,10,1,52,+1:22.065,7185349,51,6,1:30.826,233.497,Finished
10281,481,290,5,10,11,11,11,11,0,52,+1:25.327,7188611,52,3,1:30.266,234.945,Finished
10282,481,663,212,63,12,12,12,12,0,51,\N,\N,49,13,1:32.049,230.394,+1 Lap
10283,481,302,4,99,15,13,13,13,0,51,\N,\N,49,15,1:32.346,229.653,+1 Lap
10284,481,439,212,6,17,14,14,14,0,51,\N,\N,51,16,1:32.477,229.328,+1 Lap
10285,481,669,4,7,13,15,15,15,0,51,\N,\N,48,11,1:31.895,230.780,+1 Lap
10286,481,622,169,11,0,16,16,16,0,51,\N,\N,50,1,1:28.617,239.317,+1 Lap
10287,481,503,83,9,19,17,17,17,0,51,\N,\N,51,18,1:32.909,228.262,+1 Lap
10288,481,698,83,47,18,18,18,18,0,51,\N,\N,50,17,1:32.862,228.377,+1 Lap
10289,481,794,12,5,8,19,R,19,0,40,\N,\N,35,19,1:33.059,227.894,Retired
10290,481,792,169,33,1,20,R,20,0,0,\N,\N,\N,\N,\N,\N,Collision
10291,482,566,6,31,8,1,1,1,25,70,2:04:43.199,7483199,54,5,1:21.421,193.704,Finished
10292,482,335,140,44,1,2,2,2,18,70,+2.736,7485935,49,2,1:18.715,200.363,Finished
10293,482,672,73,55,15,3,3,3,15,70,+15.018,7498217,54,6,1:21.423,193.699,Finished
10294,482,17,6,14,9,4,4,4,12,70,+15.651,7498850,41,3,1:20.359,196.264,Finished
10295,482,290,5,10,5,5,5,5,11,70,+1:03.614,7546813,70,1,1:18.394,201.183,Finished
10296,482,779,5,22,16,6,6,6,8,70,+1:15.803,7559002,43,10,1:22.450,191.286,Finished
10297,482,439,212,6,18,7,7,7,6,70,+1:17.910,7561109,62,14,1:22.831,190.406,Finished
10298,482,663,212,63,17,8,8,8,4,70,+1:19.094,7562293,62,9,1:22.112,192.074,Finished
10299,482,792,169,33,3,9,9,9,2,70,+1:20.244,7563443,43,4,1:20.945,194.843,Finished
10300,482,669,4,7,13,10,10,10,1,69,\N,\N,58,8,1:21.518,193.473,+1 Lap
10301,482,642,135,3,11,11,11,11,0,69,\N,\N,58,13,1:22.802,190.473,+1 Lap
10302,482,698,83,47,20,12,12,12,0,69,\N,\N,44,11,1:22.711,190.683,+1 Lap
10303,482,302,4,99,0,13,13,13,0,69,\N,\N,44,12,1:22.736,190.625,+1 Lap
10304,482,503,83,9,19,14,R,14,0,3,\N,\N,\N,\N,\N,\N,Collision
10305,482,560,135,4,6,15,R,15,0,2,\N,\N,\N,\N,\N,\N,Collision
10306,482,102,140,77,2,16,R,16,0,0,\N,\N,\N,\N,\N,\N,Collision
10307,482,622,169,11,4,17,R,17,0,0,\N,\N,\N,\N,\N,\N,Collision
10308,482,445,73,16,7,18,R,18,0,0,\N,\N,\N,\N,\N,\N,Collision
10309,482,739,12,18,12,19,R,19,0,0,\N,\N,\N,\N,\N,\N,Collision
10310,482,794,12,5,10,20,D,20,0,70,\N,\N,60,7,1:21.459,193.613,Disqualified
10311,483,792,169,33,1,1,1,1,12.5,1,3:27.071,207071,\N,\N,\N,\N,Finished
10312,483,663,212,63,2,2,2,2,9,1,+1.995,209066,\N,\N,\N,\N,Finished
10313,483,335,140,44,3,3,3,3,7.5,1,+2.601,209672,\N,\N,\N,\N,Finished
10314,483,642,135,3,4,4,4,4,6,1,+4.496,211567,\N,\N,\N,\N,Finished
10315,483,794,12,5,5,5,5,5,5,1,+7.479,214550,\N,\N,\N,\N,Finished
10316,483,290,5,10,6,6,6,6,4,1,+10.177,217248,\N,\N,\N,\N,Finished
10317,483,566,6,31,8,7,7,7,3,1,+11.579,218650,\N,\N,\N,\N,Finished
10318,483,445,73,16,9,8,8,8,2,1,+12.608,219679,\N,\N,\N,\N,Finished
10319,483,439,212,6,10,9,9,9,1,1,+15.485,222556,\N,\N,\N,\N,Finished
10320,483,672,73,55,11,10,10,10,0.5,1,+16.166,223237,\N,\N,\N,\N,Finished
10321,483,17,6,14,12,11,11,11,0,1,+20.590,227661,\N,\N,\N,\N,Finished
10322,483,102,140,77,13,12,12,12,0,1,+22.414,229485,\N,\N,\N,\N,Finished
10323,483,302,4,99,14,13,13,13,0,1,+24.163,231234,\N,\N,\N,\N,Finished
10324,483,560,135,4,15,14,14,14,0,1,+27.110,234181,\N,\N,\N,\N,Finished
10325,483,779,5,22,16,15,15,15,0,1,+28.329,235400,\N,\N,\N,\N,Finished
10326,483,698,83,47,17,16,16,16,0,1,+29.507,236578,\N,\N,\N,\N,Finished
10327,483,503,83,9,18,17,17,17,0,1,+31.993,239064,\N,\N,\N,\N,Finished
10328,483,669,4,7,0,18,18,18,0,1,+36.054,243125,\N,\N,\N,\N,Finished
10329,483,622,169,11,0,19,19,19,0,1,+38.205,245276,\N,\N,\N,\N,Finished
10330,483,739,12,18,19,20,20,20,0,1,+44.108,251179,\N,\N,\N,\N,Finished
10331,484,792,169,33,1,1,1,1,25,72,1:30:05.395,5405395,60,3,1:13.275,209.244,Finished
10332,484,335,140,44,2,2,2,2,19,72,+20.932,5426327,72,1,1:11.097,215.654,Finished
10333,484,102,140,77,3,3,3,3,15,72,+56.460,5461855,69,2,1:12.549,211.338,Finished
10334,484,290,5,10,4,4,4,4,12,71,\N,\N,57,10,1:14.818,204.929,+1 Lap
10335,484,445,73,16,5,5,5,5,10,71,\N,\N,58,9,1:14.780,205.033,+1 Lap
10336,484,17,6,14,9,6,6,6,8,71,\N,\N,60,7,1:14.323,206.294,+1 Lap
10337,484,672,73,55,6,7,7,7,6,71,\N,\N,45,13,1:15.260,203.725,+1 Lap
10338,484,622,169,11,0,8,8,8,4,71,\N,\N,59,4,1:13.461,208.714,+1 Lap
10339,484,566,6,31,8,9,9,9,2,71,\N,\N,54,8,1:14.675,205.321,+1 Lap
10340,484,560,135,4,13,10,10,10,1,71,\N,\N,48,6,1:14.236,206.535,+1 Lap
10341,484,642,135,3,10,11,11,11,0,71,\N,\N,59,11,1:14.920,204.650,+1 Lap
10342,484,739,12,18,12,12,12,12,0,70,\N,\N,57,15,1:15.611,202.780,+2 Laps
10343,484,794,12,5,15,13,13,13,0,70,\N,\N,63,5,1:13.958,207.312,+2 Laps
10344,484,302,4,99,7,14,14,14,0,70,\N,\N,66,12,1:15.125,204.091,+2 Laps
10345,484,423,4,88,16,15,15,15,0,70,\N,\N,44,14,1:15.442,203.234,+2 Laps
10346,484,439,212,6,0,16,16,16,0,70,\N,\N,25,18,1:15.790,202.301,+2 Laps
10347,484,663,212,63,11,17,17,17,0,69,\N,\N,57,16,1:15.628,202.734,Gearbox
10348,484,698,83,47,17,18,18,18,0,69,\N,\N,36,19,1:15.927,201.936,+3 Laps
10349,484,779,5,22,14,19,R,19,0,48,\N,\N,44,17,1:15.783,202.319,Power Unit
10350,484,503,83,9,18,20,R,20,0,41,\N,\N,35,20,1:16.066,201.567,Hydraulics
10351,485,642,135,3,2,1,1,1,26,53,1:21:54.365,4914365,53,1,1:24.812,245.894,Finished
10352,485,560,135,4,3,2,2,2,18,53,+1.747,4916112,53,3,1:24.971,245.434,Finished
10353,485,102,140,77,19,3,3,3,15,53,+4.921,4919286,34,2,1:24.827,245.850,Finished
10354,485,445,73,16,5,4,4,4,12,53,+7.309,4921674,53,6,1:25.319,244.433,Finished
10355,485,622,169,11,8,5,5,5,10,53,+8.723,4923088,53,4,1:25.156,244.901,Finished
10356,485,672,73,55,6,6,6,6,8,53,+10.535,4924900,53,8,1:25.559,243.747,Finished
10357,485,739,12,18,9,7,7,7,6,53,+15.804,4930169,52,13,1:25.853,242.912,Finished
10358,485,17,6,14,10,8,8,8,4,53,+17.201,4931566,52,7,1:25.472,243.995,Finished
10359,485,663,212,63,14,9,9,9,2,53,+19.742,4934107,53,11,1:25.835,242.963,Finished
10360,485,566,6,31,12,10,10,10,1,53,+20.868,4935233,53,9,1:25.566,243.727,Finished
10361,485,439,212,6,13,11,11,11,0,53,+23.743,4938108,50,16,1:25.953,242.630,Finished
10362,485,794,12,5,11,12,12,12,0,53,+24.621,4938986,50,15,1:25.938,242.672,Finished
10363,485,302,4,99,7,13,13,13,0,53,+27.216,4941581,50,10,1:25.718,243.295,Finished
10364,485,423,4,88,17,14,14,14,0,53,+29.769,4944134,53,12,1:25.849,242.924,Finished
10365,485,698,83,47,18,15,15,15,0,53,+51.088,4965453,52,17,1:26.707,240.520,Finished
10366,485,503,83,9,16,16,R,16,0,41,\N,\N,41,18,1:27.202,239.155,Power Unit
10367,485,335,140,44,4,17,R,17,0,25,\N,\N,3,14,1:25.870,242.864,Collision
10368,485,792,169,33,1,18,R,18,0,25,\N,\N,25,5,1:25.173,244.852,Collision
10369,485,290,5,10,0,19,R,19,0,3,\N,\N,2,19,1:29.005,234.310,Suspension
10370,485,779,5,22,0,20,W,20,0,0,\N,\N,\N,\N,\N,\N,Brakes
10371,486,335,140,44,4,1,1,1,25,53,1:30:41.001,5441001,43,2,1:37.575,215.760,Finished
10372,486,792,169,33,20,2,2,2,18,53,+53.271,5494272,28,5,1:38.396,213.959,Finished
10373,486,672,73,55,2,3,3,3,15,53,+1:02.475,5503476,40,12,1:39.294,212.024,Finished
10374,486,642,135,3,5,4,4,4,12,53,+1:05.607,5506608,24,9,1:39.124,212.388,Finished
10375,486,102,140,77,16,5,5,5,10,53,+1:07.533,5508534,31,3,1:38.216,214.352,Finished
10376,486,17,6,14,6,6,6,6,8,53,+1:21.321,5522322,44,6,1:38.686,213.331,Finished
10377,486,560,135,4,1,7,7,7,7,53,+1:27.224,5528225,39,1,1:37.423,216.096,Finished
10378,486,669,4,7,13,8,8,8,4,53,+1:28.955,5529956,34,16,1:40.289,209.921,Finished
10379,486,622,169,11,8,9,9,9,2,53,+1:30.076,5531077,45,10,1:39.215,212.193,Finished
10380,486,663,212,63,3,10,10,10,1,53,+1:40.551,5541552,40,18,1:40.596,209.280,Finished
10381,486,739,12,18,7,11,11,11,0,53,+1:46.198,5547199,35,17,1:40.464,209.555,Finished
10382,486,794,12,5,10,12,12,12,0,52,\N,\N,44,11,1:39.251,212.116,+1 Lap
10383,486,290,5,10,11,13,13,13,0,52,\N,\N,35,4,1:38.279,214.214,+1 Lap
10384,486,566,6,31,9,14,14,14,0,52,\N,\N,34,19,1:40.598,209.276,+1 Lap
10385,486,445,73,16,19,15,15,15,0,52,\N,\N,45,7,1:38.994,212.667,+1 Lap
10386,486,302,4,99,17,16,16,16,0,52,\N,\N,39,8,1:39.058,212.530,+1 Lap
10387,486,779,5,22,12,17,17,17,0,52,\N,\N,42,13,1:39.960,210.612,+1 Lap
10388,486,503,83,9,15,18,18,18,0,51,\N,\N,24,20,1:41.713,206.982,+2 Laps
10389,486,439,212,6,18,19,19,19,0,47,\N,\N,42,14,1:40.000,210.528,Accident
10390,486,698,83,47,14,20,R,20,0,32,\N,\N,22,15,1:40.276,209.948,Oil leak
10391,487,102,140,77,1,1,1,1,26,58,1:31:04.103,5464103,58,1,1:30.432,212.500,Finished
10392,487,792,169,33,2,2,2,2,18,58,+14.584,5478687,53,9,1:32.759,207.169,Finished
10393,487,622,169,11,6,3,3,3,15,58,+33.471,5497574,53,4,1:32.459,207.841,Finished
10394,487,445,73,16,3,4,4,4,12,58,+37.814,5501917,57,8,1:32.737,207.218,Finished
10395,487,335,140,44,11,5,5,5,10,58,+41.812,5505915,52,10,1:32.763,207.160,Finished
10396,487,290,5,10,4,6,6,6,8,58,+44.292,5508395,50,11,1:32.814,207.046,Finished
10397,487,560,135,4,7,7,7,7,6,58,+47.213,5511316,50,3,1:32.446,207.870,Finished
10398,487,672,73,55,19,8,8,8,4,58,+51.526,5515629,49,2,1:31.921,209.057,Finished
10399,487,739,12,18,8,9,9,9,2,58,+1:22.018,5546121,58,6,1:32.608,207.506,Finished
10400,487,566,6,31,12,10,10,10,1,57,\N,\N,24,19,1:34.584,203.171,+1 Lap
10401,487,302,4,99,16,11,11,11,0,57,\N,\N,57,13,1:32.904,206.845,+1 Lap
10402,487,669,4,7,17,12,12,12,0,57,\N,\N,50,5,1:32.586,207.556,+1 Lap
10403,487,642,135,3,20,13,13,13,0,57,\N,\N,34,15,1:33.255,206.067,+1 Lap
10404,487,779,5,22,9,14,14,14,0,57,\N,\N,54,12,1:32.844,206.979,+1 Lap
10405,487,663,212,63,13,15,15,15,0,57,\N,\N,53,16,1:33.399,205.749,+1 Lap
10406,487,17,6,14,5,16,16,16,0,57,\N,\N,55,14,1:33.252,206.073,+1 Lap
10407,487,439,212,6,15,17,17,17,0,57,\N,\N,48,17,1:33.672,205.149,+1 Lap
10408,487,794,12,5,10,18,18,18,0,57,\N,\N,54,7,1:32.730,207.233,+1 Lap
10409,487,698,83,47,14,19,19,19,0,56,\N,\N,52,18,1:34.209,203.980,+2 Laps
10410,487,503,83,9,18,20,20,20,0,56,\N,\N,52,20,1:35.438,201.353,+2 Laps
10411,488,792,169,33,1,1,1,1,25,56,1:34:36.552,5676552,52,2,1:39.096,200.278,Finished
10412,488,335,140,44,2,2,2,2,19,56,+1.333,5677885,41,1,1:38.485,201.521,Finished
10413,488,622,169,11,3,3,3,3,15,56,+42.223,5718775,32,4,1:39.566,199.333,Finished
10414,488,445,73,16,4,4,4,4,12,56,+52.246,5728798,41,3,1:39.303,199.861,Finished
10415,488,642,135,3,6,5,5,5,10,56,+1:16.854,5753406,43,8,1:40.345,197.785,Finished
10416,488,102,140,77,9,6,6,6,8,56,+1:20.128,5756680,41,6,1:40.147,198.176,Finished
10417,488,672,73,55,5,7,7,7,6,56,+1:23.545,5760097,40,9,1:40.377,197.722,Finished
10418,488,560,135,4,7,8,8,8,4,56,+1:24.395,5760947,41,7,1:40.228,198.016,Finished
10419,488,779,5,22,10,9,9,9,2,55,\N,\N,47,13,1:41.151,196.209,+1 Lap
10420,488,794,12,5,18,10,10,10,1,55,\N,\N,40,10,1:40.481,197.517,+1 Lap
10421,488,302,4,99,12,11,11,11,0,55,\N,\N,44,12,1:41.145,196.221,+1 Lap
10422,488,739,12,18,13,12,12,12,0,55,\N,\N,36,14,1:41.189,196.135,+1 Lap
10423,488,669,4,7,15,13,13,13,0,55,\N,\N,43,15,1:41.340,195.843,+1 Lap
10424,488,663,212,63,20,14,14,14,0,55,\N,\N,36,11,1:41.120,196.269,+1 Lap
10425,488,439,212,6,14,15,15,15,0,55,\N,\N,46,17,1:41.818,194.924,+1 Lap
10426,488,698,83,47,16,16,16,16,0,54,\N,\N,36,16,1:41.395,195.737,+2 Laps
10427,488,503,83,9,17,17,17,17,0,54,\N,\N,42,20,1:42.886,192.900,+2 Laps
10428,488,17,6,14,19,18,R,18,0,49,\N,\N,46,5,1:40.067,198.335,Rear wing
10429,488,566,6,31,11,19,R,19,0,40,\N,\N,28,19,1:42.194,194.207,Mechanical
10430,488,290,5,10,8,20,R,20,0,14,\N,\N,12,18,1:42.015,194.547,Suspension
10431,489,792,169,33,3,1,1,1,25,71,1:38:39.086,5919086,52,2,1:18.999,196.134,Finished
10432,489,335,140,44,2,2,2,2,18,71,+16.555,5935641,66,4,1:19.820,194.116,Finished
10433,489,622,169,11,4,3,3,3,15,71,+17.752,5936838,49,3,1:19.468,194.976,Finished
10434,489,290,5,10,5,4,4,4,12,71,+1:03.845,5982931,66,7,1:20.510,192.453,Finished
10435,489,445,73,16,8,5,5,5,10,71,+1:21.037,6000123,63,9,1:20.665,192.083,Finished
10436,489,672,73,55,6,6,6,6,8,70,\N,\N,63,5,1:20.081,193.484,+1 Lap
10437,489,794,12,5,9,7,7,7,6,70,\N,\N,70,6,1:20.460,192.572,+1 Lap
10438,489,669,4,7,10,8,8,8,4,70,\N,\N,63,11,1:20.713,191.969,+1 Lap
10439,489,17,6,14,12,9,9,9,2,70,\N,\N,54,10,1:20.711,191.973,+1 Lap
10440,489,560,135,4,18,10,10,10,1,70,\N,\N,67,8,1:20.617,192.197,+1 Lap
10441,489,302,4,99,11,11,11,11,0,70,\N,\N,68,16,1:21.523,190.061,+1 Lap
10442,489,642,135,3,7,12,12,12,0,70,\N,\N,40,13,1:21.069,191.126,+1 Lap
10443,489,566,6,31,19,13,13,13,0,70,\N,\N,67,14,1:21.348,190.470,+1 Lap
10444,489,739,12,18,20,14,14,14,0,69,\N,\N,61,12,1:20.930,191.454,+2 Laps
10445,489,102,140,77,1,15,15,15,0,69,\N,\N,69,1,1:17.774,199.223,+2 Laps
10446,489,663,212,63,16,16,16,16,0,69,\N,\N,61,18,1:22.016,188.919,+2 Laps
10447,489,439,212,6,13,17,17,17,0,69,\N,\N,66,17,1:21.546,190.008,+2 Laps
10448,489,503,83,9,15,18,18,18,0,68,\N,\N,61,15,1:21.402,190.344,+3 Laps
10449,489,698,83,47,14,19,R,19,0,0,\N,\N,\N,\N,\N,\N,Collision
10450,489,779,5,22,17,20,R,20,0,0,\N,\N,\N,\N,\N,\N,Collision
10451,490,335,140,44,10,1,1,1,25,71,1:32:22.851,5542851,46,2,1:11.982,215.503,Finished
10452,490,792,169,33,2,2,2,2,18,71,+10.496,5553347,47,3,1:12.486,214.005,Finished
10453,490,102,140,77,1,3,3,3,15,71,+13.576,5556427,49,4,1:12.526,213.887,Finished
10454,490,622,169,11,4,4,4,4,13,71,+39.940,5582791,71,1,1:11.010,218.453,Finished
10455,490,445,73,16,6,5,5,5,10,71,+49.517,5592368,61,7,1:12.822,213.018,Finished
10456,490,672,73,55,3,6,6,6,8,71,+51.820,5594671,63,6,1:12.710,213.346,Finished
10457,490,290,5,10,7,7,7,7,6,70,\N,\N,53,8,1:13.227,211.839,+1 Lap
10458,490,566,6,31,8,8,8,8,4,70,\N,\N,48,16,1:14.430,208.415,+1 Lap
10459,490,17,6,14,12,9,9,9,2,70,\N,\N,37,12,1:13.922,209.848,+1 Lap
10460,490,560,135,4,5,10,10,10,1,70,\N,\N,53,10,1:13.761,210.306,+1 Lap
10461,490,794,12,5,9,11,11,11,0,70,\N,\N,69,9,1:13.634,210.668,+1 Lap
10462,490,669,4,7,0,12,12,12,0,70,\N,\N,54,5,1:12.621,213.607,+1 Lap
10463,490,663,212,63,17,13,13,13,0,70,\N,\N,45,15,1:14.355,208.626,+1 Lap
10464,490,302,4,99,13,14,14,14,0,70,\N,\N,44,14,1:14.227,208.985,+1 Lap
10465,490,779,5,22,15,15,15,15,0,70,\N,\N,62,13,1:14.204,209.050,+1 Lap
10466,490,439,212,6,16,16,16,16,0,70,\N,\N,57,18,1:14.616,207.896,+1 Lap
10467,490,503,83,9,19,17,17,17,0,69,\N,\N,36,19,1:14.954,206.958,+2 Laps
10468,490,698,83,47,18,18,18,18,0,69,\N,\N,66,11,1:13.793,210.215,+2 Laps
10469,490,642,135,3,11,19,R,19,0,49,\N,\N,40,17,1:14.443,208.379,Power loss
10470,490,739,12,18,14,20,R,20,0,47,\N,\N,25,20,1:15.344,205.887,Collision damage
10471,491,335,140,44,1,1,1,1,25,57,1:24:28.471,5068471,50,2,1:25.084,227.633,Finished
10472,491,792,169,33,7,2,2,2,19,57,+25.743,5094214,57,1,1:23.196,232.799,Finished
10473,491,17,6,14,3,3,3,3,15,57,+59.457,5127928,48,10,1:26.682,223.437,Finished
10474,491,622,169,11,11,4,4,4,12,57,+1:02.306,5130777,49,3,1:25.613,226.227,Finished
10475,491,566,6,31,9,5,5,5,10,57,+1:20.570,5149041,46,13,1:27.061,222.464,Finished
10476,491,739,12,18,12,6,6,6,8,57,+1:21.274,5149745,44,17,1:27.356,221.713,Finished
10477,491,672,73,55,5,7,7,7,6,57,+1:21.911,5150382,46,9,1:26.570,223.726,Finished
10478,491,445,73,16,13,8,8,8,4,57,+1:23.126,5151597,46,8,1:26.555,223.765,Finished
10479,491,560,135,4,4,9,9,9,2,56,\N,\N,51,4,1:25.746,225.876,+1 Lap
10480,491,794,12,5,10,10,10,10,1,56,\N,\N,53,7,1:26.434,224.078,+1 Lap
10481,491,290,5,10,2,11,11,11,0,56,\N,\N,46,11,1:27.019,222.572,+1 Lap
10482,491,642,135,3,14,12,12,12,0,56,\N,\N,50,14,1:27.198,222.115,+1 Lap
10483,491,779,5,22,8,13,13,13,0,56,\N,\N,50,12,1:27.043,222.510,+1 Lap
10484,491,669,4,7,16,14,14,14,0,56,\N,\N,53,6,1:26.358,224.275,+1 Lap
10485,491,302,4,99,18,15,15,15,0,56,\N,\N,40,18,1:27.823,220.534,+1 Lap
10486,491,698,83,47,19,16,16,16,0,56,\N,\N,46,19,1:28.412,219.065,+1 Lap
10487,491,663,212,63,15,17,17,17,0,55,\N,\N,55,5,1:25.768,225.818,+2 Laps
10488,491,503,83,9,20,18,18,18,0,55,\N,\N,55,16,1:27.340,221.754,+2 Laps
10489,491,439,212,6,17,19,R,19,0,50,\N,\N,44,20,1:28.732,218.275,Puncture
10490,491,102,140,77,6,20,R,20,0,48,\N,\N,39,15,1:27.246,221.992,Damage
10491,492,335,140,44,1,1,1,1,26,50,2:06:15.118,7575118,47,1,1:30.734,244.962,Finished
10492,492,792,169,33,3,2,2,2,18,50,+11.825,7586943,35,3,1:31.488,242.943,Finished
10493,492,102,140,77,2,3,3,3,15,50,+27.531,7602649,47,2,1:31.408,243.155,Finished
10494,492,566,6,31,9,4,4,4,12,50,+27.633,7602751,47,6,1:31.797,242.125,Finished
10495,492,642,135,3,11,5,5,5,10,50,+40.121,7615239,43,11,1:32.716,239.725,Finished
10496,492,290,5,10,6,6,6,6,8,50,+41.613,7616731,46,9,1:32.297,240.813,Finished
10497,492,445,73,16,4,7,7,7,6,50,+44.475,7619593,46,4,1:31.601,242.643,Finished
10498,492,672,73,55,15,8,8,8,4,50,+46.606,7621724,37,7,1:31.851,241.983,Finished
10499,492,302,4,99,10,9,9,9,2,50,+58.505,7633623,37,15,1:32.865,239.340,Finished
10500,492,560,135,4,7,10,10,10,1,50,+1:01.358,7636476,49,8,1:31.914,241.817,Finished
10501,492,739,12,18,18,11,11,11,0,50,+1:17.212,7652330,45,14,1:32.804,239.498,Finished
10502,492,439,212,6,16,12,12,12,0,50,+1:23.249,7658367,49,12,1:32.751,239.635,Finished
10503,492,17,6,14,13,13,13,13,0,49,\N,\N,46,5,1:31.633,242.558,+1 Lap
10504,492,779,5,22,8,14,14,14,0,49,\N,\N,44,10,1:32.506,240.269,+1 Lap
10505,492,669,4,7,12,15,15,15,0,49,\N,\N,45,13,1:32.778,239.565,+1 Lap
10506,492,794,12,5,17,16,R,16,0,44,\N,\N,41,16,1:34.030,236.375,Collision damage
10507,492,622,169,11,5,17,R,17,0,14,\N,\N,9,17,1:34.138,236.104,Collision
10508,492,503,83,9,20,18,R,18,0,14,\N,\N,7,20,1:37.043,229.036,Collision
10509,492,663,212,63,14,19,R,19,0,14,\N,\N,7,19,1:36.130,231.211,Collision
10510,492,698,83,47,19,20,R,20,0,8,\N,\N,8,18,1:36.043,231.421,Accident
10511,493,792,169,33,1,1,1,1,26,58,1:30:17.345,5417345,39,1,1:26.103,220.800,Finished
10512,493,335,140,44,2,2,2,2,18,58,+2.256,5419601,43,3,1:26.615,219.495,Finished
10513,493,672,73,55,5,3,3,3,15,58,+5.173,5422518,51,9,1:27.618,216.982,Finished
10514,493,779,5,22,8,4,4,4,12,58,+5.692,5423037,50,7,1:27.496,217.285,Finished
10515,493,290,5,10,12,5,5,5,10,58,+6.531,5423876,49,6,1:27.342,217.668,Finished
10516,493,102,140,77,6,6,6,6,8,58,+7.463,5424808,51,5,1:26.862,218.871,Finished
10517,493,560,135,4,3,7,7,7,6,58,+59.200,5476545,58,4,1:26.762,219.123,Finished
10518,493,17,6,14,11,8,8,8,4,58,+1:01.708,5479053,58,8,1:27.607,217.010,Finished
10519,493,566,6,31,9,9,9,9,2,58,+1:04.026,5481371,58,10,1:28.249,215.431,Finished
10520,493,445,73,16,7,10,10,10,1,58,+1:06.057,5483402,40,12,1:28.433,214.983,Finished
10521,493,794,12,5,15,11,11,11,0,58,+1:07.527,5484872,58,11,1:28.303,215.299,Finished
10522,493,642,135,3,10,12,12,12,0,57,\N,\N,48,14,1:28.723,214.280,+1 Lap
10523,493,739,12,18,13,13,13,13,0,57,\N,\N,48,13,1:28.567,214.657,+1 Lap
10524,493,698,83,47,19,14,14,14,0,57,\N,\N,42,17,1:29.457,212.522,+1 Lap
10525,493,622,169,11,4,15,15,15,0,55,\N,\N,51,2,1:26.419,219.993,Engine
10526,493,439,212,6,16,16,R,16,0,50,\N,\N,30,15,1:29.293,212.912,Accident
10527,493,302,4,99,14,17,R,17,0,33,\N,\N,33,16,1:29.442,212.557,Gearbox
10528,493,663,212,63,17,18,R,18,0,26,\N,\N,23,19,1:30.647,209.732,Gearbox
10529,493,669,4,7,18,19,R,19,0,25,\N,\N,23,18,1:29.698,211.951,Brakes
10530,493,503,83,9,20,20,W,20,0,0,\N,\N,\N,\N,\N,\N,Illness
10531,494,445,73,16,1,1,1,1,26,57,1:37:33.584,5853584,51,1,1:34.570,206.018,Finished
10532,494,672,73,55,3,2,2,2,18,57,+5.598,5859182,52,3,1:35.740,203.501,Finished
10533,494,335,140,44,5,3,3,3,15,57,+9.675,5863259,53,5,1:36.228,202.469,Finished
10534,494,663,140,63,9,4,4,4,12,57,+11.211,5864795,56,6,1:36.302,202.313,Finished
10535,494,483,83,20,7,5,5,5,10,57,+14.754,5868338,53,8,1:36.623,201.641,Finished
10536,494,102,4,77,6,6,6,6,8,57,+16.119,5869703,53,7,1:36.599,201.691,Finished
10537,494,566,6,31,11,7,7,7,6,57,+19.423,5873007,53,14,1:37.110,200.630,Finished
10538,494,779,5,22,16,8,8,8,4,57,+20.386,5873970,53,13,1:37.104,200.642,Finished
10539,494,17,6,14,8,9,9,9,2,57,+22.390,5875974,44,10,1:36.733,201.412,Finished
10540,494,842,4,24,15,10,10,10,1,57,+23.064,5876648,39,9,1:36.685,201.512,Finished
10541,494,698,83,47,12,11,11,11,0,57,+32.574,5886158,37,11,1:36.956,200.948,Finished
10542,494,739,12,18,19,12,12,12,0,57,+45.873,5899457,49,15,1:37.146,200.555,Finished
10543,494,11,212,23,14,13,13,13,0,57,+53.932,5907516,50,18,1:37.355,200.125,Finished
10544,494,642,135,3,18,14,14,14,0,57,+54.975,5908559,50,16,1:37.261,200.318,Finished
10545,494,560,135,4,13,15,15,15,0,57,+56.335,5909919,51,12,1:36.988,200.882,Finished
10546,494,439,212,6,20,16,16,16,0,57,+1:01.795,5915379,51,20,1:38.251,198.300,Finished
10547,494,377,12,27,17,17,17,17,0,57,+1:03.829,5917413,49,19,1:38.201,198.401,Finished
10548,494,622,169,11,4,18,18,18,0,56,\N,\N,52,4,1:36.089,202.762,Fuel pressure
10549,494,792,169,1,2,19,19,19,0,54,\N,\N,51,2,1:35.440,204.140,Fuel pressure
10550,494,290,5,10,10,20,R,20,0,44,\N,\N,34,17,1:37.324,200.189,Power Unit
10551,495,792,169,1,4,1,1,1,25,50,1:24:19.293,5059293,50,2,1:31.772,242.191,Finished
10552,495,445,73,16,2,2,2,2,19,50,+0.549,5059842,48,1,1:31.634,242.556,Finished
10553,495,672,73,55,3,3,3,3,15,50,+8.097,5067390,48,3,1:31.905,241.841,Finished
10554,495,622,169,11,1,4,4,4,12,50,+10.800,5070093,46,4,1:32.042,241.481,Finished
10555,495,663,140,63,6,5,5,5,10,50,+32.732,5092025,43,7,1:32.821,239.454,Finished
10556,495,566,6,31,5,6,6,6,8,50,+56.017,5115310,46,9,1:33.103,238.729,Finished
10557,495,560,135,4,11,7,7,7,6,50,+56.124,5115417,46,5,1:32.753,239.629,Finished
10558,495,290,5,10,9,8,8,8,4,50,+1:02.946,5122239,42,10,1:33.468,237.796,Finished
10559,495,483,83,20,10,9,9,9,2,50,+1:04.308,5123601,48,6,1:32.779,239.562,Finished
10560,495,335,140,44,15,10,10,10,1,50,+1:13.948,5133241,47,8,1:32.997,239.001,Finished
10561,495,842,4,24,12,11,11,11,0,50,+1:22.215,5141508,45,13,1:33.924,236.642,Finished
10562,495,377,12,27,17,12,12,12,0,50,+1:31.742,5151035,47,11,1:33.651,237.332,Finished
10563,495,739,12,18,13,13,13,13,0,49,\N,\N,46,16,1:34.446,235.334,+1 Lap
10564,495,11,212,23,16,14,14,14,0,47,\N,\N,46,15,1:34.368,235.528,Collision damage
10565,495,102,4,77,8,15,R,15,0,36,\N,\N,31,14,1:33.979,236.503,Cooling system
10566,495,17,6,14,7,16,R,16,0,35,\N,\N,33,12,1:33.831,236.876,Water pump
10567,495,642,135,3,14,17,R,17,0,35,\N,\N,34,17,1:34.487,235.232,Gearbox
10568,495,439,212,6,18,18,R,18,0,14,\N,\N,9,18,1:37.530,227.892,Accident
10569,495,779,5,22,19,19,R,19,0,0,\N,\N,\N,\N,\N,\N,Power Unit
10570,495,698,83,47,0,20,W,20,0,0,\N,\N,\N,\N,\N,\N,Withdrew
10571,496,445,73,16,1,1,1,1,26,58,1:27:46.548,5266548,58,1,1:20.260,236.740,Finished
10572,496,622,169,11,3,2,2,2,18,58,+20.524,5287072,58,3,1:21.094,234.305,Finished
10573,496,663,140,63,6,3,3,3,15,58,+25.593,5292141,53,4,1:21.495,233.152,Finished
10574,496,335,140,44,5,4,4,4,12,58,+28.543,5295091,51,7,1:21.886,232.039,Finished
10575,496,560,135,4,4,5,5,5,10,58,+53.303,5319851,55,8,1:22.248,231.018,Finished
10576,496,642,135,3,7,6,6,6,8,58,+53.737,5320285,54,9,1:22.451,230.449,Finished
10577,496,566,6,31,8,7,7,7,6,58,+1:01.683,5328231,58,10,1:22.469,230.399,Finished
10578,496,102,4,77,12,8,8,8,4,58,+1:08.439,5334987,54,5,1:21.651,232.707,Finished
10579,496,290,5,10,11,9,9,9,2,58,+1:16.221,5342769,52,13,1:22.731,229.669,Finished
10580,496,11,212,23,20,10,10,10,1,58,+1:19.382,5345930,54,12,1:22.589,230.064,Finished
10581,496,842,4,24,14,11,11,11,0,58,+1:21.695,5348243,55,11,1:22.541,230.198,Finished
10582,496,739,12,18,19,12,12,12,0,58,+1:28.598,5355146,48,17,1:23.592,227.304,Finished
10583,496,698,83,47,15,13,13,13,0,57,\N,\N,55,14,1:23.006,228.908,+1 Lap
10584,496,483,83,20,16,14,14,14,0,57,\N,\N,44,15,1:23.071,228.729,+1 Lap
10585,496,779,5,22,13,15,15,15,0,57,\N,\N,56,16,1:23.342,227.985,+1 Lap
10586,496,439,212,6,18,16,16,16,0,57,\N,\N,49,18,1:23.882,226.518,+1 Lap
10587,496,17,6,14,10,17,17,17,0,57,\N,\N,57,2,1:20.846,235.024,+1 Lap
10588,496,792,169,1,2,18,R,18,0,38,\N,\N,37,6,1:21.677,232.633,Fuel leak
10589,496,794,12,5,17,19,R,19,0,22,\N,\N,17,19,1:25.189,223.042,Accident
10590,496,672,73,55,9,20,R,20,0,1,\N,\N,\N,\N,\N,\N,Spun off
10591,497,792,169,1,1,1,1,1,26,63,1:32:07.986,5527986,55,1,1:18.446,225.281,Finished
10592,497,622,169,11,3,2,2,2,18,63,+16.527,5544513,52,3,1:18.949,223.845,Finished
10593,497,560,135,4,5,3,3,3,15,63,+34.834,5562820,61,7,1:20.903,218.439,Finished
10594,497,663,140,63,11,4,4,4,12,63,+42.506,5570492,57,8,1:20.962,218.280,Finished
10595,497,102,4,77,7,5,5,5,10,63,+43.181,5571167,43,6,1:20.758,218.831,Finished
10596,497,445,73,16,2,6,6,6,8,63,+56.072,5584058,63,2,1:18.574,224.914,Finished
10597,497,779,5,22,12,7,7,7,6,63,+1:01.110,5589096,61,5,1:20.544,219.412,Finished
10598,497,794,12,5,13,8,8,8,4,63,+1:10.892,5598878,47,9,1:21.211,217.610,Finished
10599,497,483,83,20,8,9,9,9,2,63,+1:15.260,5603246,61,10,1:21.238,217.538,Finished
10600,497,739,12,18,15,10,10,10,1,62,\N,\N,46,16,1:21.750,216.176,+1 Lap
10601,497,11,212,23,18,11,11,11,0,62,\N,\N,61,17,1:21.757,216.157,+1 Lap
10602,497,290,5,10,17,12,12,12,0,62,\N,\N,34,15,1:21.713,216.274,+1 Lap
10603,497,335,140,44,14,13,13,13,0,62,\N,\N,50,13,1:21.419,217.054,+1 Lap
10604,497,566,6,31,16,14,14,14,0,62,\N,\N,37,18,1:21.887,215.814,+1 Lap
10605,497,842,4,24,0,15,15,15,0,62,\N,\N,61,11,1:21.286,217.410,+1 Lap
10606,497,439,212,6,19,16,16,16,0,62,\N,\N,62,12,1:21.338,217.271,+1 Lap
10607,497,698,83,47,10,17,17,17,0,62,\N,\N,55,4,1:18.999,223.704,+1 Lap
10608,497,642,135,3,6,18,18,18,0,62,\N,\N,61,14,1:21.577,216.634,+1 Lap
10609,497,17,6,14,9,19,R,19,0,6,\N,\N,5,19,1:39.685,177.282,Collision damage
10610,497,672,73,55,4,20,R,20,0,0,\N,\N,\N,\N,\N,\N,Collision
10611,498,792,169,1,3,1,1,1,26,57,1:34:24.258,5664258,54,1,1:31.361,213.255,Finished
10612,498,445,73,16,1,2,2,2,18,57,+3.786,5668044,53,2,1:31.488,212.959,Finished
10613,498,672,73,55,2,3,3,3,15,57,+8.229,5672487,56,3,1:31.790,212.258,Finished
10614,498,622,169,11,4,4,4,4,12,57,+10.638,5674896,54,4,1:31.819,212.191,Finished
10615,498,663,140,63,12,5,5,5,10,57,+18.582,5682840,56,5,1:32.195,211.325,Finished
10616,498,335,140,44,6,6,6,6,8,57,+21.368,5685626,55,7,1:32.941,209.629,Finished
10617,498,102,4,77,5,7,7,7,6,57,+25.073,5689331,56,10,1:33.184,209.083,Finished
10618,498,566,6,31,20,8,8,8,4,57,+28.386,5692644,56,9,1:33.163,209.130,Finished
10619,498,11,212,23,18,9,9,9,2,57,+32.365,5696623,57,15,1:33.447,208.494,Finished
10620,498,739,12,18,0,10,10,10,1,57,+37.026,5701284,52,12,1:33.312,208.796,Finished
10621,498,17,6,14,11,11,11,11,0,57,+37.128,5701386,53,13,1:33.331,208.753,Finished
10622,498,779,5,22,9,12,12,12,0,57,+40.146,5704404,55,8,1:33.035,209.417,Finished
10623,498,642,135,3,14,13,13,13,0,57,+40.902,5705160,56,11,1:33.265,208.901,Finished
10624,498,439,212,6,19,14,14,14,0,57,+49.936,5714194,53,18,1:34.169,206.896,Finished
10625,498,698,83,47,15,15,15,15,0,57,+1:13.305,5737563,57,6,1:32.528,210.565,Finished
10626,498,483,83,20,16,16,16,16,0,56,\N,\N,52,17,1:33.511,208.351,Front wing
10627,498,794,12,5,0,17,17,17,0,54,\N,\N,50,16,1:33.479,208.423,Collision
10628,498,290,5,10,7,18,R,18,0,45,\N,\N,38,19,1:34.487,206.199,Suspension
10629,498,560,135,4,8,19,R,19,0,39,\N,\N,37,14,1:33.411,208.575,Collision
10630,498,842,4,24,17,20,R,20,0,6,\N,\N,4,20,1:35.731,203.520,Water leak
10631,499,792,169,1,2,1,1,1,25,66,1:37:20.475,5840475,46,4,1:25.456,196.943,Finished
10632,499,622,169,11,5,2,2,2,19,66,+13.072,5853547,55,1,1:24.108,200.099,Finished
10633,499,663,140,63,4,3,3,3,15,66,+32.927,5873402,53,3,1:24.636,198.851,Finished
10634,499,672,73,55,3,4,4,4,12,66,+45.208,5885683,49,7,1:25.985,195.731,Finished
10635,499,335,140,44,6,5,5,5,10,66,+54.534,5895009,51,2,1:24.253,199.755,Finished
10636,499,102,4,77,7,6,6,6,8,66,+59.976,5900451,36,8,1:26.395,194.802,Finished
10637,499,566,6,31,12,7,7,7,6,66,+1:15.397,5915872,54,6,1:25.935,195.845,Finished
10638,499,560,135,4,11,8,8,8,4,66,+1:23.235,5923710,53,5,1:25.619,196.568,Finished
10639,499,17,6,14,20,9,9,9,2,65,\N,\N,56,9,1:26.599,194.344,+1 Lap
10640,499,779,5,22,13,10,10,10,1,65,\N,\N,59,10,1:26.828,193.831,+1 Lap
10641,499,794,12,5,16,11,11,11,0,65,\N,\N,59,18,1:27.629,192.059,+1 Lap
10642,499,642,135,3,9,12,12,12,0,65,\N,\N,54,15,1:27.285,192.816,+1 Lap
10643,499,290,5,10,14,13,13,13,0,65,\N,\N,51,12,1:26.987,193.477,+1 Lap
10644,499,698,83,47,10,14,14,14,0,65,\N,\N,32,16,1:27.447,192.459,+1 Lap
10645,499,739,12,18,17,15,15,15,0,65,\N,\N,54,11,1:26.876,193.724,+1 Lap
10646,499,439,212,6,19,16,16,16,0,64,\N,\N,52,14,1:27.246,192.902,+2 Laps
10647,499,483,83,20,8,17,17,17,0,64,\N,\N,3,17,1:27.537,192.261,+2 Laps
10648,499,11,212,23,18,18,18,18,0,64,\N,\N,56,19,1:28.281,190.641,+2 Laps
10649,499,842,4,24,15,19,R,19,0,28,\N,\N,12,20,1:28.415,190.352,Power loss
10650,499,445,73,16,1,20,R,20,0,27,\N,\N,25,13,1:27.030,193.381,Turbo
10651,500,622,169,11,3,1,1,1,25,64,1:56:30.265,6990265,46,4,1:16.028,158.010,Finished
10652,500,672,73,55,2,2,2,2,18,64,+1.154,6991419,47,7,1:16.421,157.197,Finished
10653,500,792,169,1,4,3,3,3,15,64,+1.491,6991756,47,5,1:16.052,157.960,Finished
10654,500,445,73,16,1,4,4,4,12,64,+2.922,6993187,46,6,1:16.249,157.552,Finished
10655,500,663,140,63,6,5,5,5,10,64,+11.968,7002233,42,8,1:16.830,156.360,Finished
10656,500,560,135,4,5,6,6,6,9,64,+12.231,7002496,55,1,1:14.693,160.834,Finished
10657,500,17,6,14,7,7,7,7,6,64,+46.358,7036623,50,3,1:15.882,158.314,Finished
10658,500,335,140,44,8,8,8,8,4,64,+50.388,7040653,51,9,1:17.203,155.605,Finished
10659,500,102,4,77,12,9,9,9,2,64,+52.525,7042790,57,14,1:17.600,154.809,Finished
10660,500,794,12,5,9,10,10,10,1,64,+53.536,7043801,54,12,1:17.558,154.893,Finished
10661,500,290,5,10,17,11,11,11,0,64,+54.289,7044554,61,10,1:17.344,155.321,Finished
10662,500,566,6,31,10,12,12,12,0,64,+55.644,7045909,50,13,1:17.571,154.867,Finished
10663,500,642,135,3,14,13,13,13,0,64,+57.635,7047900,59,11,1:17.532,154.945,Finished
10664,500,739,12,18,18,14,14,14,0,64,+1:00.802,7051067,56,15,1:17.672,154.665,Finished
10665,500,439,212,6,19,15,15,15,0,63,\N,\N,43,18,1:18.579,152.880,+1 Lap
10666,500,842,4,24,20,16,16,16,0,63,\N,\N,52,17,1:18.200,153.621,+1 Lap
10667,500,779,5,22,11,17,17,17,0,63,\N,\N,61,2,1:15.334,159.465,+1 Lap
10668,500,11,212,23,16,18,R,18,0,48,\N,\N,40,16,1:18.023,153.969,Mechanical
10669,500,698,83,47,15,19,R,19,0,24,\N,\N,24,19,1:24.778,141.701,Accident
10670,500,483,83,20,13,20,R,20,0,19,\N,\N,18,20,1:33.754,128.135,Water pressure
10671,501,792,169,1,3,1,1,1,25,51,1:34:05.941,5645941,50,2,1:46.050,203.779,Finished
10672,501,622,169,11,2,2,2,2,19,51,+20.823,5666764,36,1,1:46.046,203.787,Finished
10673,501,663,140,63,5,3,3,3,15,51,+45.995,5691936,42,4,1:47.177,201.636,Finished
10674,501,335,140,44,7,4,4,4,12,51,+1:11.679,5717620,39,3,1:47.044,201.887,Finished
10675,501,290,5,10,6,5,5,5,10,51,+1:17.299,5723240,39,16,1:48.519,199.143,Finished
10676,501,794,12,5,9,6,6,6,8,51,+1:24.099,5730040,41,12,1:48.206,199.719,Finished
10677,501,17,6,14,10,7,7,7,6,51,+1:28.596,5734537,49,8,1:47.989,200.120,Finished
10678,501,642,135,3,12,8,8,8,4,51,+1:32.207,5738148,44,13,1:48.276,199.589,Finished
10679,501,560,135,4,11,9,9,9,2,51,+1:32.556,5738497,37,9,1:47.997,200.105,Finished
10680,501,566,6,31,13,10,10,10,1,51,+1:48.184,5754125,36,14,1:48.297,199.551,Finished
10681,501,102,4,77,15,11,11,11,0,50,\N,\N,42,11,1:48.179,199.768,+1 Lap
10682,501,11,212,23,17,12,12,12,0,50,\N,\N,48,7,1:47.966,200.163,+1 Lap
10683,501,779,5,22,8,13,13,13,0,50,\N,\N,42,5,1:47.523,200.987,+1 Lap
10684,501,698,83,47,20,14,14,14,0,50,\N,\N,40,15,1:48.410,199.343,+1 Lap
10685,501,439,212,6,18,15,15,15,0,50,\N,\N,37,20,1:49.583,197.209,+1 Lap
10686,501,739,12,18,19,16,16,16,0,46,\N,\N,38,10,1:48.038,200.029,Vibrations
10687,501,483,83,20,16,17,R,17,0,31,\N,\N,12,18,1:48.789,198.648,Power Unit
10688,501,842,4,24,14,18,R,18,0,23,\N,\N,12,17,1:48.723,198.769,Hydraulics
10689,501,445,73,16,1,19,R,19,0,21,\N,\N,13,6,1:47.531,200.972,Power Unit
10690,501,672,73,55,4,20,R,20,0,8,\N,\N,3,19,1:48.978,198.304,Hydraulics
10691,502,792,169,1,1,1,1,1,25,70,1:36:21.757,5781757,64,2,1:15.839,207.012,Finished
10692,502,672,73,55,3,2,2,2,19,70,+0.993,5782750,63,1,1:15.749,207.258,Finished
10693,502,335,140,44,4,3,3,3,15,70,+7.006,5788763,69,4,1:16.167,206.120,Finished
10694,502,663,140,63,8,4,4,4,12,70,+12.313,5794070,63,5,1:16.418,205.443,Finished
10695,502,445,73,16,19,5,5,5,10,70,+15.168,5796925,62,3,1:15.901,206.843,Finished
10696,502,566,6,31,7,6,6,6,8,70,+23.890,5805647,62,9,1:17.110,203.600,Finished
10697,502,102,4,77,11,7,7,7,6,70,+25.247,5807004,64,8,1:17.010,203.864,Finished
10698,502,842,4,24,10,8,8,8,4,70,+26.952,5808709,60,7,1:16.927,204.084,Finished
10699,502,17,6,14,2,9,9,9,2,70,+29.945,5811702,63,6,1:16.578,205.014,Finished
10700,502,739,12,18,17,10,10,10,1,70,+38.222,5819979,64,10,1:17.421,202.782,Finished
10701,502,642,135,3,9,11,11,11,0,70,+43.047,5824804,59,13,1:17.932,201.452,Finished
10702,502,794,12,5,16,12,12,12,0,70,+44.245,5826002,63,15,1:17.956,201.390,Finished
10703,502,11,212,23,12,13,13,13,0,70,+44.893,5826650,59,14,1:17.951,201.403,Finished
10704,502,290,5,10,15,14,14,14,0,70,+45.183,5826940,60,12,1:17.810,201.768,Finished
10705,502,560,135,4,14,15,15,15,0,70,+52.145,5833902,63,11,1:17.495,202.588,Finished
10706,502,439,212,6,18,16,16,16,0,70,+59.978,5841735,61,18,1:18.540,199.893,Finished
10707,502,483,83,20,5,17,17,17,0,70,+1:08.180,5849937,11,16,1:18.046,201.158,Finished
10708,502,779,5,22,20,18,R,18,0,47,\N,\N,15,17,1:18.309,200.482,Accident
10709,502,698,83,47,6,19,R,19,0,18,\N,\N,13,20,1:18.967,198.812,Engine
10710,502,622,169,11,13,20,R,20,0,7,\N,\N,7,19,1:18.844,199.122,Gearbox
10711,503,672,73,55,1,1,1,1,25,52,2:17:50.311,8270311,44,2,1:30.813,233.530,Finished
10712,503,622,169,11,4,2,2,2,18,52,+3.779,8274090,47,3,1:30.937,233.212,Finished
10713,503,335,140,44,5,3,3,3,16,52,+6.225,8276536,52,1,1:30.510,234.312,Finished
10714,503,445,73,16,3,4,4,4,12,52,+8.546,8278857,52,4,1:31.282,232.330,Finished
10715,503,17,6,14,7,5,5,5,10,52,+9.571,8279882,47,5,1:31.609,231.501,Finished
10716,503,560,135,4,6,6,6,6,8,52,+11.943,8282254,47,6,1:31.645,231.410,Finished
10717,503,792,169,1,2,7,7,7,6,52,+18.777,8289088,44,8,1:32.354,229.633,Finished
10718,503,698,83,47,19,8,8,8,4,52,+18.995,8289306,48,7,1:32.109,230.244,Finished
10719,503,794,12,5,18,9,9,9,2,52,+22.356,8292666,52,10,1:32.471,229.343,Finished
10720,503,483,83,20,17,10,10,10,1,52,+24.590,8294901,52,12,1:32.661,228.872,Finished
10721,503,739,12,18,20,11,11,11,0,52,+26.147,8296458,52,9,1:32.379,229.571,Finished
10722,503,439,212,6,10,12,12,12,0,52,+32.511,8302822,48,13,1:33.286,227.339,Finished
10723,503,642,135,3,14,13,13,13,0,52,+32.817,8303128,34,11,1:32.644,228.914,Finished
10724,503,779,5,22,13,14,14,14,0,52,+40.910,8311221,51,15,1:33.832,226.016,Finished
10725,503,566,6,31,15,15,R,15,0,37,\N,\N,37,14,1:33.537,226.729,Fuel pump
10726,503,290,5,10,11,16,R,16,0,26,\N,\N,18,16,1:34.614,224.148,Collision damage
10727,503,102,4,77,12,17,R,17,0,20,\N,\N,19,17,1:35.103,222.996,Gearbox
10728,503,663,140,63,8,18,R,18,0,0,\N,\N,\N,\N,\N,\N,Collision
10729,503,842,4,24,9,19,R,19,0,0,\N,\N,\N,\N,\N,\N,Collision
10730,503,11,212,23,16,20,R,20,0,0,\N,\N,\N,\N,\N,\N,Collision
10731,504,445,73,16,2,1,1,1,25,71,1:24:24.312,5064312,62,2,1:07.583,230.010,Finished
10732,504,792,169,1,1,2,2,2,19,71,+1.532,5065844,62,1,1:07.275,231.063,Finished
10733,504,335,140,44,8,3,3,3,15,71,+41.217,5105529,63,5,1:09.000,225.286,Finished
10734,504,663,140,63,4,4,4,4,12,71,+58.972,5123284,61,6,1:09.075,225.042,Finished
10735,504,566,6,31,6,5,5,5,10,71,+1:08.436,5132748,62,10,1:09.559,223.476,Finished
10736,504,698,83,47,9,6,6,6,8,70,\N,\N,50,11,1:09.625,223.264,+1 Lap
10737,504,560,135,4,10,7,7,7,6,70,\N,\N,62,8,1:09.304,224.298,+1 Lap
10738,504,483,83,20,7,8,8,8,4,70,\N,\N,61,14,1:09.938,222.265,+1 Lap
10739,504,642,135,3,11,9,9,9,2,70,\N,\N,61,13,1:09.924,222.309,+1 Lap
10740,504,17,6,14,19,10,10,10,1,70,\N,\N,62,3,1:08.558,226.739,+1 Lap
10741,504,102,4,77,0,11,11,11,0,70,\N,\N,61,7,1:09.266,224.421,+1 Lap
10742,504,11,212,23,15,12,12,12,0,70,\N,\N,60,12,1:09.669,223.123,+1 Lap
10743,504,739,12,18,12,13,13,13,0,70,\N,\N,64,17,1:10.048,221.916,+1 Lap
10744,504,842,4,24,13,14,14,14,0,70,\N,\N,50,9,1:09.380,224.053,+1 Lap
10745,504,290,5,10,14,15,15,15,0,70,\N,\N,61,18,1:10.104,221.739,+1 Lap
10746,504,779,5,22,16,16,16,16,0,70,\N,\N,62,16,1:10.023,221.995,+1 Lap
10747,504,794,12,5,18,17,17,17,0,70,\N,\N,62,15,1:10.001,222.065,+1 Lap
10748,504,672,73,55,3,18,R,18,0,56,\N,\N,55,4,1:08.649,226.438,Power Unit
10749,504,439,212,6,17,19,R,19,0,48,\N,\N,14,19,1:10.890,219.280,Undertray
10750,504,622,169,11,5,20,R,20,0,24,\N,\N,5,20,1:11.843,216.371,Collision damage
10751,505,792,169,1,2,1,1,1,25,53,1:30:02.112,5402112,30,2,1:37.491,215.724,Finished
10752,505,335,140,44,4,2,2,2,18,53,+10.587,5412699,30,4,1:37.668,215.333,Finished
10753,505,663,140,63,6,3,3,3,15,53,+16.495,5418607,51,3,1:37.548,215.598,Finished
10754,505,622,169,11,3,4,4,4,12,53,+17.310,5419422,45,5,1:37.780,215.086,Finished
10755,505,672,73,55,19,5,5,5,11,53,+28.872,5430984,51,1,1:35.781,219.575,Finished
10756,505,17,6,14,7,6,6,6,8,53,+42.879,5444991,53,8,1:38.160,214.254,Finished
10757,505,560,135,4,5,7,7,7,6,53,+52.026,5454138,43,11,1:39.037,212.356,Finished
10758,505,566,6,31,10,8,8,8,4,53,+56.959,5459071,53,9,1:38.684,213.116,Finished
10759,505,642,135,3,9,9,9,9,2,53,+1:00.372,5462484,27,14,1:39.133,212.151,Finished
10760,505,739,12,18,15,10,10,10,1,53,+1:02.549,5464661,52,15,1:39.185,212.040,Finished
10761,505,794,12,5,12,11,11,11,0,53,+1:04.494,5466606,43,12,1:39.044,212.341,Finished
10762,505,290,5,10,14,12,12,12,0,53,+1:05.448,5467560,53,10,1:38.786,212.896,Finished
10763,505,11,212,23,13,13,13,13,0,53,+1:08.565,5470677,53,16,1:39.199,212.010,Finished
10764,505,102,4,77,11,14,14,14,0,53,+1:16.666,5478778,52,6,1:37.963,214.685,Finished
10765,505,698,83,47,17,15,15,15,0,53,+1:20.394,5482506,48,13,1:39.068,212.290,Finished
10766,505,842,4,24,16,16,16,16,0,47,\N,\N,25,18,1:39.368,211.649,+6 Laps
10767,505,439,212,6,18,17,R,17,0,40,\N,\N,40,19,1:39.650,211.050,Collision damage
10768,505,483,83,20,20,18,R,18,0,37,\N,\N,11,17,1:39.265,211.869,Collision damage
10769,505,445,73,16,1,19,R,19,0,17,\N,\N,4,7,1:38.088,214.411,Accident
10770,505,779,5,22,8,20,R,20,0,17,\N,\N,4,20,1:40.216,209.858,Undertray
10771,506,792,169,1,10,1,1,1,25,70,1:39:35.912,5975912,45,6,1:22.126,192.041,Finished
10772,506,335,140,44,7,2,2,2,19,70,+7.834,5983746,57,1,1:21.386,193.787,Finished
10773,506,663,140,63,1,3,3,3,15,70,+12.337,5988249,57,9,1:22.766,190.556,Finished
10774,506,672,73,55,2,4,4,4,12,70,+14.579,5990491,51,4,1:22.000,192.336,Finished
10775,506,622,169,11,11,5,5,5,10,70,+15.688,5991600,44,3,1:21.940,192.477,Finished
10776,506,445,73,16,3,6,6,6,8,70,+16.047,5991959,57,2,1:21.622,193.227,Finished
10777,506,560,135,4,4,7,7,7,6,70,+1:18.300,6054212,47,11,1:23.043,189.920,Finished
10778,506,17,6,14,6,8,8,8,4,69,\N,\N,47,18,1:23.979,187.804,+1 Lap
10779,506,566,6,31,5,9,9,9,2,69,\N,\N,60,20,1:24.149,187.424,+1 Lap
10780,506,794,12,5,18,10,10,10,1,69,\N,\N,51,10,1:22.824,190.423,+1 Lap
10781,506,739,12,18,14,11,11,11,0,69,\N,\N,51,7,1:22.437,191.317,+1 Lap
10782,506,290,5,10,0,12,12,12,0,69,\N,\N,58,14,1:23.199,189.564,+1 Lap
10783,506,842,4,24,12,13,13,13,0,69,\N,\N,58,5,1:22.029,192.268,+1 Lap
10784,506,698,83,47,15,14,14,14,0,69,\N,\N,50,13,1:23.151,189.674,+1 Lap
10785,506,642,135,3,9,15,15,15,0,69,\N,\N,63,17,1:23.654,188.533,+1 Lap
10786,506,483,83,20,13,16,16,16,0,69,\N,\N,37,15,1:23.511,188.856,+1 Lap
10787,506,11,212,23,17,17,17,17,0,69,\N,\N,43,12,1:23.047,189.911,+1 Lap
10788,506,439,212,6,19,18,18,18,0,69,\N,\N,60,8,1:22.478,191.221,+1 Lap
10789,506,779,5,22,16,19,19,19,0,68,\N,\N,58,16,1:23.538,188.795,+2 Laps
10790,506,102,4,77,8,20,20,20,0,65,\N,\N,60,19,1:24.002,187.752,Power Unit
10791,507,792,169,1,14,1,1,1,26,44,1:25:52.894,5152894,32,1,1:49.354,230.575,Finished
10792,507,622,169,11,2,2,2,2,18,44,+17.841,5170735,29,3,1:50.764,227.640,Finished
10793,507,672,73,55,1,3,3,3,15,44,+26.886,5179780,32,7,1:51.977,225.174,Finished
10794,507,663,140,63,5,4,4,4,12,44,+29.140,5182034,31,4,1:50.793,227.581,Finished
10795,507,17,6,14,3,5,5,5,10,44,+1:13.256,5226150,35,13,1:52.868,223.397,Finished
10796,507,445,73,16,15,6,6,6,8,44,+1:14.936,5227830,44,2,1:49.984,229.255,Finished
10797,507,566,6,31,16,7,7,7,6,44,+1:15.640,5228534,36,6,1:51.717,225.698,Finished
10798,507,794,12,5,10,8,8,8,4,44,+1:18.107,5231001,40,11,1:52.515,224.098,Finished
10799,507,290,5,10,0,9,9,9,2,44,+1:32.181,5245075,24,15,1:53.002,223.132,Finished
10800,507,11,212,23,6,10,10,10,1,44,+1:41.900,5254794,28,16,1:53.055,223.027,Finished
10801,507,739,12,18,9,11,11,11,0,44,+1:43.078,5255972,29,14,1:52.880,223.373,Finished
10802,507,560,135,4,17,12,12,12,0,44,+1:44.739,5257633,31,5,1:51.678,225.777,Finished
10803,507,779,5,22,0,13,13,13,0,44,+1:45.217,5258111,32,10,1:52.436,224.255,Finished
10804,507,842,4,24,18,14,14,14,0,44,+1:46.252,5259146,30,9,1:52.317,224.493,Finished
10805,507,642,135,3,7,15,15,15,0,44,+1:47.163,5260057,34,17,1:53.080,222.978,Finished
10806,507,483,83,20,12,16,16,16,0,43,\N,\N,29,18,1:53.332,222.482,+1 Lap
10807,507,698,83,47,19,17,17,17,0,43,\N,\N,35,12,1:52.646,223.837,+1 Lap
10808,507,439,212,6,11,18,18,18,0,43,\N,\N,38,8,1:52.256,224.615,+1 Lap
10809,507,102,4,77,13,19,R,19,0,1,\N,\N,\N,\N,\N,\N,Accident
10810,507,335,140,44,4,20,R,20,0,0,\N,\N,\N,\N,\N,\N,Collision damage
10811,508,792,169,1,1,1,1,1,26,72,1:36:42.773,5802773,62,1,1:13.652,208.173,Finished
10812,508,663,140,63,6,2,2,2,18,72,+4.071,5806844,72,2,1:13.671,208.119,Finished
10813,508,445,73,16,2,3,3,3,15,72,+10.929,5813702,62,6,1:14.413,206.044,Finished
10814,508,335,140,44,4,4,4,4,12,72,+13.016,5815789,54,3,1:13.854,207.604,Finished
10815,508,622,169,11,5,5,5,5,10,72,+18.168,5820941,63,5,1:14.404,206.069,Finished
10816,508,17,6,14,13,6,6,6,8,72,+18.754,5821527,51,4,1:14.144,206.792,Finished
10817,508,560,135,4,7,7,7,7,6,72,+19.306,5822079,63,8,1:14.706,205.236,Finished
10818,508,672,73,55,3,8,8,8,4,72,+20.916,5823689,63,7,1:14.643,205.409,Finished
10819,508,566,6,31,12,9,9,9,2,72,+21.117,5823890,64,11,1:15.084,204.203,Finished
10820,508,739,12,18,10,10,10,10,1,72,+22.459,5825232,65,10,1:15.043,204.314,Finished
10821,508,290,5,10,11,11,11,11,0,72,+27.009,5829782,65,12,1:15.165,203.983,Finished
10822,508,11,212,23,15,12,12,12,0,72,+30.390,5833163,65,15,1:15.534,202.986,Finished
10823,508,698,83,47,8,13,13,13,0,72,+32.995,5835768,51,13,1:15.233,203.798,Finished
10824,508,794,12,5,19,14,14,14,0,72,+36.007,5838780,50,9,1:14.862,204.808,Finished
10825,508,483,83,20,18,15,15,15,0,72,+36.869,5839642,53,14,1:15.369,203.431,Finished
10826,508,842,4,24,14,16,16,16,0,72,+37.320,5840093,63,17,1:15.940,201.901,Finished
10827,508,642,135,3,17,17,17,17,0,72,+37.764,5840537,52,16,1:15.577,202.871,Finished
10828,508,439,212,6,20,18,18,18,0,71,\N,\N,62,18,1:16.066,201.567,+1 Lap
10829,508,102,4,77,16,19,R,19,0,53,\N,\N,51,19,1:16.844,199.526,Engine
10830,508,779,5,22,9,20,R,20,0,43,\N,\N,16,20,1:17.138,198.765,Differential
10831,509,792,169,1,7,1,1,1,25,53,1:20:27.511,4827511,38,6,1:24.745,246.088,Finished
10832,509,445,73,16,1,2,2,2,18,53,+2.446,4829957,38,2,1:24.336,247.282,Finished
10833,509,663,140,63,2,3,3,3,15,53,+3.405,4830916,40,7,1:25.288,244.522,Finished
10834,509,672,73,55,18,4,4,4,12,53,+5.061,4832572,41,4,1:24.446,246.960,Finished
10835,509,335,140,44,19,5,5,5,10,53,+5.380,4832891,43,3,1:24.434,246.995,Finished
10836,509,622,169,11,13,6,6,6,9,53,+6.091,4833602,46,1,1:24.030,248.182,Finished
10837,509,560,135,4,3,7,7,7,6,53,+6.207,4833718,43,5,1:24.718,246.167,Finished
10838,509,290,5,10,5,8,8,8,4,53,+6.396,4833907,30,14,1:26.718,240.489,Finished
10839,509,866,212,45,8,9,9,9,2,53,+7.122,4834633,41,13,1:26.624,240.750,Finished
10840,509,842,4,24,9,10,10,10,1,53,+7.910,4835421,41,10,1:26.361,241.484,Finished
10841,509,566,6,31,14,11,11,11,0,53,+8.323,4835834,37,11,1:26.593,240.837,Finished
10842,509,698,83,47,17,12,12,12,0,53,+8.549,4836060,43,8,1:25.298,244.493,Finished
10843,509,102,4,77,15,13,13,13,0,52,\N,\N,45,9,1:25.706,243.329,+1 Lap
10844,509,779,5,22,20,14,14,14,0,52,\N,\N,43,17,1:26.857,240.105,+1 Lap
10845,509,439,212,6,10,15,15,15,0,52,\N,\N,17,15,1:26.798,240.268,+1 Lap
10846,509,483,83,20,16,16,16,16,0,52,\N,\N,37,16,1:26.798,240.268,+1 Lap
10847,509,642,135,3,4,17,R,17,0,45,\N,\N,39,12,1:26.603,240.809,Oil leak
10848,509,739,12,18,12,18,R,18,0,39,\N,\N,34,19,1:27.467,238.430,Engine
10849,509,17,6,14,6,19,R,19,0,31,\N,\N,7,18,1:27.203,239.152,Water pressure
10850,509,794,12,5,11,20,R,20,0,10,\N,\N,4,20,1:27.501,238.337,Engine
10851,510,622,169,11,2,1,1,1,25,59,2:02:20.238,7340238,57,2,1:48.165,168.509,Finished
10852,510,445,73,16,1,2,2,2,18,59,+2.595,7342833,54,4,1:48.753,167.598,Finished
10853,510,672,73,55,4,3,3,3,15,59,+10.305,7350543,59,3,1:48.414,168.122,Finished
10854,510,560,135,4,6,4,4,4,12,59,+21.133,7361371,56,6,1:49.212,166.893,Finished
10855,510,642,135,3,16,5,5,5,10,59,+53.282,7393520,57,12,1:51.006,164.196,Finished
10856,510,739,12,18,11,6,6,6,8,59,+56.330,7396568,58,7,1:50.283,165.272,Finished
10857,510,792,169,1,8,7,7,7,6,59,+58.825,7399063,52,5,1:49.142,167.000,Finished
10858,510,794,12,5,13,8,8,8,4,59,+1:00.032,7400270,58,11,1:50.669,164.696,Finished
10859,510,335,140,44,3,9,9,9,2,59,+1:01.515,7401753,58,10,1:50.622,164.766,Finished
10860,510,290,5,10,7,10,10,10,1,59,+1:09.576,7409814,56,9,1:50.569,164.845,Finished
10861,510,102,4,77,15,11,11,11,0,59,+1:28.844,7429082,52,13,1:51.864,162.937,Finished
10862,510,483,83,20,9,12,12,12,0,59,+1:32.610,7432848,59,14,1:52.067,162.641,Finished
10863,510,698,83,47,12,13,13,13,0,58,\N,\N,58,8,1:50.290,165.262,+1 Lap
10864,510,663,140,63,0,14,14,14,0,57,\N,\N,54,1,1:46.458,171.211,+2 Laps
10865,510,779,5,22,10,15,R,15,0,34,\N,\N,32,15,1:58.716,153.532,Accident
10866,510,566,6,31,17,16,R,16,0,26,\N,\N,24,17,2:01.105,150.504,Engine
10867,510,11,212,23,18,17,R,17,0,25,\N,\N,24,18,2:02.121,149.251,Collision damage
10868,510,17,6,14,5,18,R,18,0,20,\N,\N,19,16,2:00.463,151.306,Engine
10869,510,439,212,6,19,19,R,19,0,7,\N,\N,5,20,2:05.585,145.135,Collision damage
10870,510,842,4,24,14,20,R,20,0,6,\N,\N,5,19,2:05.556,145.168,Collision
10871,511,792,169,1,1,1,1,1,25,28,3:01:44.004,10904004,10,4,1:44.911,199.266,Finished
10872,511,622,169,11,4,2,2,2,18,28,+27.066,10931070,11,9,1:46.120,196.995,Finished
10873,511,445,73,16,2,3,3,3,15,28,+31.763,10935767,10,3,1:44.489,200.070,Finished
10874,511,566,6,31,5,4,4,4,12,28,+39.685,10943689,11,11,1:46.559,196.184,Finished
10875,511,335,140,44,6,5,5,5,10,28,+40.326,10944330,11,7,1:45.530,198.097,Finished
10876,511,794,12,5,9,6,6,6,8,28,+46.358,10950362,13,12,1:46.964,195.441,Finished
10877,511,17,6,14,7,7,7,7,6,28,+46.369,10950373,25,2,1:44.412,200.218,Finished
10878,511,663,140,63,8,8,8,8,4,28,+47.661,10951665,21,13,1:47.004,195.368,Finished
10879,511,439,212,6,20,9,9,9,2,28,+1:10.143,10974147,12,18,1:48.371,192.904,Finished
10880,511,560,135,4,10,10,10,10,1,28,+1:10.782,10974786,8,17,1:48.175,193.253,Finished
10881,511,642,135,3,11,11,11,11,0,28,+1:12.877,10976881,11,15,1:47.843,193.848,Finished
10882,511,739,12,18,19,12,12,12,0,28,+1:13.904,10977908,21,5,1:45.205,198.709,Finished
10883,511,779,5,22,13,13,13,13,0,28,+1:15.599,10979603,22,8,1:45.893,197.418,Finished
10884,511,483,83,20,18,14,14,14,0,28,+1:26.016,10990020,10,16,1:48.072,193.437,Finished
10885,511,102,4,77,12,15,15,15,0,28,+1:26.496,10990500,11,14,1:47.820,193.889,Finished
10886,511,842,4,24,14,16,16,16,0,28,+1:27.043,10991047,20,1,1:44.411,200.220,Finished
10887,511,698,83,47,15,17,17,17,0,28,+1:32.523,10996527,22,6,1:45.387,198.366,Finished
10888,511,290,5,10,17,18,18,18,0,28,+1:48.091,11012095,13,10,1:46.545,196.210,Finished
10889,511,672,73,55,3,19,R,19,0,0,\N,\N,\N,\N,\N,\N,Accident
10890,511,11,212,23,16,20,R,20,0,0,\N,\N,\N,\N,\N,\N,Hydraulics
10891,512,792,169,1,2,1,1,1,25,56,1:42:11.687,6131687,37,2,1:39.541,199.383,Finished
10892,512,335,140,44,3,2,2,2,18,56,+5.023,6136710,45,5,1:39.830,198.805,Finished
10893,512,445,73,16,12,3,3,3,15,56,+7.501,6139188,37,4,1:39.731,199.003,Finished
10894,512,622,169,11,9,4,4,4,12,56,+8.293,6139980,44,3,1:39.563,199.339,Finished
10895,512,663,140,63,4,5,5,5,11,56,+44.815,6176502,56,1,1:38.788,200.902,Finished
10896,512,560,135,4,6,6,6,6,8,56,+53.785,6185472,49,7,1:41.322,195.878,Finished
10897,512,17,6,14,14,7,7,7,6,56,+55.078,6186765,39,8,1:41.538,195.461,Finished
10898,512,794,12,5,10,8,8,8,4,56,+1:05.354,6197041,35,16,1:42.546,193.540,Finished
10899,512,483,83,20,13,9,9,9,2,56,+1:05.834,6197521,36,11,1:42.206,194.184,Finished
10900,512,779,5,22,19,10,10,10,1,56,+1:10.919,6202606,49,6,1:41.243,196.031,Finished
10901,512,566,6,31,0,11,11,11,0,56,+1:12.875,6204562,39,13,1:42.394,193.827,Finished
10902,512,842,4,24,18,12,12,12,0,56,+1:16.164,6207851,46,15,1:42.471,193.682,Finished
10903,512,11,212,23,8,13,13,13,0,56,+1:20.057,6211744,55,9,1:41.674,195.200,Finished
10904,512,290,5,10,11,14,14,14,0,56,+1:21.763,6213450,55,12,1:42.320,193.967,Finished
10905,512,698,83,47,16,15,15,15,0,56,+1:24.490,6216177,51,10,1:41.804,194.951,Finished
10906,512,642,135,3,15,16,16,16,0,56,+1:30.487,6222174,55,14,1:42.420,193.778,Finished
10907,512,439,212,6,17,17,17,17,0,56,+1:43.588,6235275,54,19,1:43.485,191.784,Finished
10908,512,739,12,18,5,18,R,18,0,21,\N,\N,3,17,1:43.080,192.537,Collision
10909,512,102,4,77,7,19,R,19,0,16,\N,\N,4,18,1:43.391,191.958,Spun off
10910,512,672,73,55,1,20,R,20,0,1,\N,\N,\N,\N,\N,\N,Collision damage
10911,513,792,169,1,1,1,1,1,25,71,1:38:36.729,5916729,36,4,1:22.046,188.850,Finished
10912,513,335,140,44,3,2,2,2,18,71,+15.186,5931915,32,5,1:22.062,188.813,Finished
10913,513,622,169,11,4,3,3,3,15,71,+18.097,5934826,30,2,1:21.775,189.476,Finished
10914,513,663,140,63,2,4,4,4,13,71,+49.431,5966160,71,1,1:20.153,193.310,Finished
10915,513,672,73,55,5,5,5,5,10,71,+58.123,5974852,32,6,1:22.199,188.498,Finished
10916,513,445,73,16,7,6,6,6,8,71,+1:08.774,5985503,48,10,1:22.603,187.576,Finished
10917,513,642,135,3,11,7,7,7,6,70,\N,\N,48,3,1:22.022,188.905,+1 Lap
10918,513,566,6,31,10,8,8,8,4,70,\N,\N,48,14,1:23.279,186.054,+1 Lap
10919,513,560,135,4,8,9,9,9,2,70,\N,\N,48,17,1:23.402,185.779,+1 Lap
10920,513,102,4,77,6,10,10,10,1,70,\N,\N,43,16,1:23.363,185.866,+1 Lap
10921,513,290,5,10,14,11,11,11,0,70,\N,\N,42,8,1:22.277,188.319,+1 Lap
10922,513,11,212,23,17,12,12,12,0,70,\N,\N,48,12,1:22.914,186.873,+1 Lap
10923,513,842,4,24,12,13,13,13,0,70,\N,\N,47,7,1:22.260,188.358,+1 Lap
10924,513,794,12,5,16,14,14,14,0,70,\N,\N,45,13,1:23.086,186.486,+1 Lap
10925,513,739,12,18,20,15,15,15,0,70,\N,\N,42,9,1:22.463,187.895,+1 Lap
10926,513,698,83,47,15,16,16,16,0,70,\N,\N,30,19,1:23.641,185.248,+1 Lap
10927,513,483,83,20,19,17,17,17,0,70,\N,\N,49,15,1:23.300,186.007,+1 Lap
10928,513,439,212,6,18,18,18,18,0,69,\N,\N,56,20,1:23.709,185.098,+2 Laps
10929,513,17,6,14,9,19,19,19,0,63,\N,\N,48,11,1:22.866,186.981,Engine
10930,513,779,5,22,13,20,R,20,0,50,\N,\N,48,18,1:23.403,185.777,Collision damage
10931,514,663,140,63,1,1,1,1,26,71,1:38:34.044,5914044,61,1,1:13.785,210.237,Finished
10932,514,335,140,44,2,2,2,2,18,71,+1.529,5915573,63,2,1:13.942,209.791,Finished
10933,514,672,73,55,7,3,3,3,15,71,+4.051,5918095,65,3,1:13.953,209.760,Finished
10934,514,445,73,16,5,4,4,4,12,71,+8.441,5922485,63,6,1:14.253,208.912,Finished
10935,514,17,6,14,17,5,5,5,10,71,+9.561,5923605,62,4,1:14.164,209.163,Finished
10936,514,792,169,1,3,6,6,6,8,71,+10.056,5924100,64,5,1:14.195,209.076,Finished
10937,514,622,169,11,4,7,7,7,6,71,+14.080,5928124,62,7,1:14.283,208.828,Finished
10938,514,566,6,31,16,8,8,8,4,71,+18.690,5932734,65,9,1:15.093,206.575,Finished
10939,514,102,4,77,14,9,9,9,2,71,+22.552,5936596,62,14,1:15.511,205.432,Finished
10940,514,739,12,18,15,10,10,10,1,71,+23.552,5937596,50,8,1:14.831,207.299,Finished
10941,514,794,12,5,9,11,11,11,0,71,+26.183,5940227,64,15,1:15.549,205.328,Finished
10942,514,842,4,24,13,12,12,12,0,71,+29.325,5943369,64,17,1:15.802,204.643,Finished
10943,514,698,83,47,12,13,13,13,0,71,+29.899,5943943,63,10,1:15.251,206.142,Finished
10944,514,290,5,10,10,14,14,14,0,71,+31.867,5945911,64,12,1:15.327,205.934,Finished
10945,514,11,212,23,19,15,15,15,0,71,+36.016,5950060,49,16,1:15.613,205.155,Finished
10946,514,439,212,6,18,16,16,16,0,71,+37.038,5951082,59,11,1:15.327,205.934,Finished
10947,514,779,5,22,0,17,17,17,0,70,\N,\N,63,13,1:15.508,205.440,+1 Lap
10948,514,560,135,4,6,18,R,18,0,50,\N,\N,48,18,1:15.855,204.500,Gearbox
10949,514,483,83,20,8,19,R,19,0,0,\N,\N,\N,\N,\N,\N,Collision
10950,514,642,135,3,11,20,R,20,0,0,\N,\N,\N,\N,\N,\N,Collision
10951,515,792,169,1,1,1,1,1,25,58,1:27:45.914,5265914,54,6,1:29.392,212.676,Finished
10952,515,445,73,16,3,2,2,2,18,58,+8.771,5274685,48,10,1:29.719,211.901,Finished
10953,515,622,169,11,2,3,3,3,15,58,+10.093,5276007,52,4,1:28.972,213.680,Finished
10954,515,672,73,55,4,4,4,4,12,58,+24.892,5290806,50,3,1:28.879,213.904,Finished
10955,515,663,140,63,6,5,5,5,10,58,+35.888,5301802,48,2,1:28.836,214.007,Finished
10956,515,560,135,4,7,6,6,6,9,58,+56.234,5322148,44,1,1:28.391,215.085,Finished
10957,515,566,6,31,8,7,7,7,6,58,+57.240,5323154,45,5,1:29.333,212.817,Finished
10958,515,739,12,18,14,8,8,8,4,58,+1:16.931,5342845,42,9,1:29.620,212.135,Finished
10959,515,642,135,3,13,9,9,9,2,58,+1:23.268,5349182,45,18,1:30.785,209.413,Finished
10960,515,794,12,5,9,10,10,10,1,58,+1:23.898,5349812,35,15,1:30.312,210.510,Finished
10961,515,779,5,22,11,11,11,11,0,58,+1:29.371,5355285,40,7,1:29.489,212.446,Finished
10962,515,842,4,24,15,12,12,12,0,57,\N,\N,53,8,1:29.600,212.183,+1 Lap
10963,515,11,212,23,19,13,13,13,0,57,\N,\N,40,13,1:29.939,211.383,+1 Lap
10964,515,290,5,10,17,14,14,14,0,57,\N,\N,16,19,1:31.081,208.732,+1 Lap
10965,515,102,4,77,18,15,15,15,0,57,\N,\N,47,16,1:30.352,210.417,+1 Lap
10966,515,698,83,47,12,16,16,16,0,57,\N,\N,39,12,1:29.833,211.632,+1 Lap
10967,515,483,83,20,16,17,17,17,0,57,\N,\N,40,20,1:31.158,208.556,+1 Lap
10968,515,335,140,44,5,18,18,18,0,55,\N,\N,42,11,1:29.788,211.738,Hydraulics
10969,515,439,212,6,20,19,19,19,0,55,\N,\N,45,14,1:30.309,210.517,Collision damage
10970,515,17,6,14,10,20,R,20,0,27,\N,\N,24,17,1:30.579,209.889,Water leak
10971,516,792,169,1,1,1,1,1,25,57,1:33:56.736,5636736,44,6,1:36.236,202.452,Finished
10972,516,622,169,11,2,2,2,2,18,57,+11.987,5648723,37,7,1:36.344,202.225,Finished
10973,516,17,12,14,5,3,3,3,15,57,+38.637,5675373,36,5,1:36.156,202.620,Finished
10974,516,672,73,55,4,4,4,4,12,57,+48.052,5684788,37,14,1:37.130,200.588,Finished
10975,516,335,140,44,7,5,5,5,10,57,+50.977,5687713,36,10,1:36.546,201.802,Finished
10976,516,739,12,18,8,6,6,6,8,57,+54.502,5691238,32,9,1:36.546,201.802,Finished
10977,516,663,140,63,6,7,7,7,6,57,+55.873,5692609,33,17,1:37.221,200.401,Finished
10978,516,102,4,77,12,8,8,8,4,57,+1:12.647,5709383,31,18,1:37.379,200.075,Finished
10979,516,290,6,10,20,9,9,9,2,57,+1:13.753,5710489,42,2,1:35.068,204.939,Finished
10980,516,11,212,23,15,10,10,10,1,57,+1:29.774,5726510,43,15,1:37.144,200.559,Finished
10981,516,779,5,22,14,11,11,11,0,57,+1:30.870,5727606,42,12,1:36.637,201.612,Finished
10982,516,677,212,2,16,12,12,12,0,56,+1.136,5637872,42,4,1:36.037,202.871,Lapped
10983,516,483,83,20,17,13,13,13,0,56,+16.757,5653493,42,8,1:36.471,201.959,Lapped
10984,516,866,5,21,19,14,14,14,0,56,+22.523,5659259,30,19,1:37.709,199.400,Lapped
10985,516,377,83,27,10,15,15,15,0,56,+38.911,5675647,42,11,1:36.616,201.656,Lapped
10986,516,842,4,24,13,16,16,16,0,56,+39.649,5676385,56,1,1:33.996,207.276,Lapped
10987,516,560,135,4,11,17,17,17,0,55,+6.636,5643372,51,3,1:35.822,203.327,Lapped
10988,516,566,6,31,9,18,R,18,0,41,\N,\N,34,13,1:36.797,201.278,Retired
10989,516,445,73,16,3,19,R,19,0,39,\N,\N,37,16,1:37.170,200.506,Retired
10990,516,594,135,81,18,20,R,20,0,13,\N,\N,3,20,1:40.691,193.494,Retired
10991,517,622,169,11,1,1,1,1,25,50,1:21:14.894,4874894,38,2,1:32.188,241.098,Finished
10992,517,792,169,1,15,2,2,2,19,50,+5.355,4880249,50,1,1:31.906,241.838,Finished
10993,517,17,12,14,2,3,3,3,15,50,+20.728,4895622,50,3,1:32.240,240.962,Finished
10994,517,663,140,63,3,4,4,4,12,50,+25.866,4900760,50,4,1:32.433,240.459,Finished
10995,517,335,140,44,7,5,5,5,10,50,+31.065,4905959,47,6,1:32.941,239.145,Finished
10996,517,672,73,55,4,6,6,6,8,50,+35.876,4910770,50,5,1:32.822,239.451,Finished
10997,517,445,73,16,12,7,7,7,6,50,+43.162,4918056,47,7,1:33.056,238.849,Finished
10998,517,566,6,31,6,8,8,8,4,50,+52.832,4927726,49,8,1:33.222,238.424,Finished
10999,517,290,6,10,9,9,9,9,2,50,+54.747,4929641,50,10,1:33.392,237.990,Finished
11000,517,483,83,20,13,10,10,10,1,50,+1:04.826,4939720,44,9,1:33.374,238.036,Finished
11001,517,779,5,22,16,11,11,11,0,50,+1:07.494,4942388,50,14,1:33.931,236.624,Finished
11002,517,377,83,27,10,12,12,12,0,50,+1:10.588,4945482,50,12,1:33.780,237.005,Finished
11003,517,842,4,24,11,13,13,13,0,50,+1:16.060,4950954,49,13,1:33.894,236.718,Finished
11004,517,866,5,21,18,14,14,14,0,50,+1:17.478,4952372,49,11,1:33.609,237.438,Finished
11005,517,594,135,81,8,15,15,15,0,50,+1:25.021,4959915,48,16,1:34.287,235.731,Finished
11006,517,677,212,2,20,16,16,16,0,50,+1:26.293,4961187,49,18,1:34.469,235.277,Finished
11007,517,560,135,4,19,17,17,17,0,50,+1:26.445,4961339,49,15,1:34.122,236.144,Finished
11008,517,102,4,77,14,18,18,18,0,49,+29.584,4904478,37,17,1:34.384,235.489,Lapped
11009,517,11,212,23,17,19,R,19,0,27,\N,\N,24,20,1:35.567,232.574,Retired
11010,517,739,12,18,5,20,R,20,0,16,\N,\N,7,19,1:35.140,233.617,Retired
11011,518,792,169,1,1,1,1,1,25,58,2:32:38.371,9158371,49,2,1:20.342,236.498,Finished
11012,518,335,140,44,3,2,2,2,18,58,+0.179,9158550,49,5,1:20.613,235.703,Finished
11013,518,17,12,14,4,3,3,3,15,58,+0.769,9159140,53,4,1:20.476,236.105,Finished
11014,518,739,12,18,6,4,4,4,12,58,+3.082,9161453,50,6,1:20.934,234.769,Finished
11015,518,622,169,11,20,5,5,5,11,58,+3.320,9161691,53,1,1:20.235,236.814,Finished
11016,518,560,135,4,13,6,6,6,8,58,+3.701,9162072,46,9,1:21.173,234.077,Finished
11017,518,377,83,27,10,7,7,7,6,58,+4.939,9163310,46,8,1:21.124,234.219,Finished
11018,518,594,135,81,16,8,8,8,4,58,+5.382,9163753,53,12,1:21.335,233.611,Finished
11019,518,842,4,24,17,9,9,9,2,58,+5.713,9164084,48,16,1:21.819,232.229,Finished
11020,518,779,5,22,12,10,10,10,1,58,+6.052,9164423,52,15,1:21.789,232.314,Finished
11021,518,102,4,77,19,11,11,11,0,58,+6.513,9164884,46,17,1:22.233,231.060,Finished
11022,518,672,73,55,5,12,12,12,0,58,+6.594,9164965,53,3,1:20.467,236.131,Finished
11023,518,290,6,10,9,13,13,13,0,56,,7003407,47,7,1:20.995,234.592,Retired
11024,518,566,6,31,11,14,14,14,0,56,,7004780,44,11,1:21.203,233.991,Retired
11025,518,866,5,21,15,15,15,15,0,56,,7005713,50,10,1:21.183,234.049,Retired
11026,518,677,212,2,18,16,16,16,0,56,,7005930,50,13,1:21.456,233.264,Retired
11027,518,483,83,20,14,17,17,17,0,52,,5634610,52,14,1:21.685,232.610,Retired
11028,518,663,140,63,2,18,R,18,0,17,\N,\N,16,18,1:22.680,229.811,Retired
11029,518,11,212,23,8,19,R,19,0,6,\N,\N,6,19,1:23.349,227.966,Retired
11030,518,445,73,16,7,20,R,20,0,0,\N,\N,\N,\N,\N,\N,Retired
11031,519,622,169,11,3,1,1,1,25,51,1:32:42.436,5562436,50,5,1:44.589,206.625,Finished
11032,519,792,169,1,2,2,2,2,18,51,+2.137,5564573,51,2,1:44.232,207.333,Finished
11033,519,445,73,16,1,3,3,3,15,51,+21.217,5583653,49,4,1:44.561,206.681,Finished
11034,519,17,12,14,6,4,4,4,12,51,+22.024,5584460,49,3,1:44.241,207.315,Finished
11035,519,672,73,55,4,5,5,5,10,51,+45.491,5607927,48,6,1:45.175,205.474,Finished
11036,519,335,140,44,5,6,6,6,8,51,+46.145,5608581,48,7,1:45.346,205.141,Finished
11037,519,739,12,18,9,7,7,7,6,51,+51.617,5614053,45,9,1:45.627,204.595,Finished
11038,519,663,140,63,11,8,8,8,5,51,+1:14.240,5636676,51,1,1:43.370,209.062,Finished
11039,519,560,135,4,7,9,9,9,2,51,+1:20.376,5642812,49,12,1:45.738,204.380,Finished
11040,519,779,5,22,8,10,10,10,1,51,+1:23.862,5646298,51,11,1:45.727,204.401,Finished
11041,519,594,135,81,10,11,11,11,0,51,+1:26.501,5648937,51,10,1:45.631,204.587,Finished
11042,519,11,212,23,12,12,12,12,0,51,+1:28.623,5651059,51,15,1:45.925,204.019,Finished
11043,519,483,83,20,16,13,13,13,0,51,+1:29.729,5652165,51,13,1:45.850,204.164,Finished
11044,519,290,6,10,17,14,14,14,0,51,+1:31.332,5653768,47,8,1:45.540,204.764,Finished
11045,519,566,6,31,19,15,15,15,0,51,+1:37.794,5660230,49,14,1:45.908,204.052,Finished
11046,519,677,212,2,14,16,16,16,0,51,+1:40.943,5663379,49,17,1:46.501,202.916,Finished
11047,519,377,83,27,20,17,17,17,0,50,+9.937,5572373,34,18,1:46.731,202.479,Lapped
11048,519,102,4,77,13,18,18,18,0,50,+19.098,5581534,36,16,1:46.304,203.292,Lapped
11049,519,842,4,24,15,19,R,19,0,36,\N,\N,31,19,1:47.553,200.931,Retired
11050,519,866,5,21,18,20,R,20,0,9,\N,\N,4,20,1:48.781,198.663,Retired
11051,520,792,169,1,9,1,1,1,26,57,1:27:38.241,5258241,56,1,1:29.708,217.184,Finished
11052,520,622,169,11,1,2,2,2,18,57,+5.384,5263625,57,3,1:30.560,215.141,Finished
11053,520,17,12,14,2,3,3,3,15,57,+26.305,5284546,57,2,1:30.519,215.238,Finished
11054,520,663,140,63,6,4,4,4,12,57,+33.229,5291470,57,7,1:31.015,214.065,Finished
11055,520,672,73,55,3,5,5,5,10,57,+42.511,5300752,55,10,1:31.362,213.252,Finished
11056,520,335,140,44,13,6,6,6,8,57,+51.249,5309490,57,4,1:30.669,214.882,Finished
11057,520,445,73,16,7,7,7,7,6,57,+52.988,5311229,57,11,1:31.434,213.084,Finished
11058,520,290,6,10,5,8,8,8,4,57,+55.670,5313911,55,17,1:31.971,211.840,Finished
11059,520,566,6,31,8,9,9,9,2,57,+58.123,5316364,56,9,1:31.143,213.765,Finished
11060,520,483,83,20,4,10,10,10,1,57,+1:02.945,5321186,53,13,1:31.691,212.487,Finished
11061,520,779,5,22,17,11,11,11,0,57,+1:04.309,5322550,56,8,1:31.038,214.011,Finished
11062,520,739,12,18,18,12,12,12,0,57,+1:04.754,5322995,44,5,1:30.862,214.426,Finished
11063,520,102,4,77,10,13,13,13,0,57,+1:11.637,5329878,56,15,1:31.838,212.147,Finished
11064,520,11,212,23,11,14,14,14,0,57,+1:12.861,5331102,55,16,1:31.852,212.115,Finished
11065,520,377,83,27,12,15,15,15,0,57,+1:14.950,5333191,36,6,1:30.901,214.334,Finished
11066,520,842,4,24,14,16,16,16,0,57,+1:18.440,5336681,56,14,1:31.736,212.383,Finished
11067,520,560,135,4,16,17,17,17,0,57,+1:27.717,5345958,47,20,1:32.401,210.854,Finished
11068,520,866,5,21,15,18,18,18,0,57,+1:28.949,5347190,57,12,1:31.562,212.786,Finished
11069,520,594,135,81,19,19,19,19,0,56,+20.510,5278751,56,18,1:32.006,211.760,Lapped
11070,520,677,212,2,20,20,20,20,0,56,+34.388,5292629,50,19,1:32.384,210.893,Lapped
11071,521,792,169,1,1,1,1,1,25,78,1:48:51.980,6531980,23,7,1:16.604,156.822,Finished
11072,521,17,12,14,2,2,2,2,18,78,+27.921,6559901,43,9,1:16.674,156.678,Finished
11073,521,566,6,31,3,3,3,3,15,78,+36.990,6568970,41,6,1:16.528,156.977,Finished
11074,521,335,140,44,5,4,4,4,13,78,+39.062,6571042,33,1,1:15.650,158.799,Finished
11075,521,663,140,63,8,5,5,5,10,78,+56.284,6588264,48,10,1:16.798,156.425,Finished
11076,521,445,73,16,6,6,6,6,8,78,+1:01.890,6593870,46,2,1:15.773,158.541,Finished
11077,521,290,6,10,7,7,7,7,6,78,+1:02.362,6594342,49,3,1:15.831,158.420,Finished
11078,521,672,73,55,4,8,8,8,4,78,+1:03.391,6595371,43,5,1:16.449,157.140,Finished
11079,521,560,135,4,10,9,9,9,2,77,+4.061,6536041,46,19,1:17.844,154.324,Lapped
11080,521,594,135,81,11,10,10,10,1,77,+13.959,6545939,47,14,1:17.513,154.983,Lapped
11081,521,102,4,77,15,11,11,11,0,77,+28.963,6560943,19,18,1:17.824,154.363,Lapped
11082,521,866,5,21,12,12,12,12,0,77,+57.317,6589297,43,15,1:17.561,154.887,Lapped
11083,521,842,4,24,19,13,13,13,0,77,+1:11.852,6603832,5,11,1:16.926,156.165,Lapped
11084,521,11,212,23,13,14,14,14,0,77,+1:19.210,6611190,24,8,1:16.672,156.683,Lapped
11085,521,779,5,22,9,15,15,15,0,76,+7.545,6539525,36,16,1:17.680,154.649,Lapped
11086,521,622,169,11,20,16,16,16,0,76,+49.024,6581004,5,4,1:16.269,157.510,Lapped
11087,521,377,83,27,18,17,17,17,0,76,+58.506,6590486,6,12,1:16.991,156.033,Lapped
11088,521,677,212,2,16,18,18,18,0,76,+1:17.983,6609963,32,13,1:17.302,155.406,Lapped
11089,521,483,83,20,17,19,19,19,0,70,,6156799,41,20,1:18.351,153.325,Retired
11090,521,739,12,18,14,20,R,20,0,53,\N,\N,18,17,1:17.769,154.472,Retired
11091,522,792,169,1,1,1,1,1,26,66,1:27:57.940,5277940,61,1,1:16.330,219.641,Finished
11092,522,335,140,44,4,2,2,2,18,66,+24.090,5302030,62,3,1:16.676,218.649,Finished
11093,522,663,140,63,12,3,3,3,15,66,+32.389,5310329,48,5,1:17.875,215.283,Finished
11094,522,622,169,11,11,4,4,4,12,66,+35.812,5313752,52,2,1:16.666,218.678,Finished
11095,522,672,73,55,2,5,5,5,10,66,+45.698,5323638,60,11,1:18.403,213.833,Finished
11096,522,739,12,18,5,6,6,6,8,66,+1:03.320,5341260,56,14,1:18.722,212.967,Finished
11097,522,17,12,14,8,7,7,7,6,66,+1:04.127,5342067,49,7,1:18.083,214.709,Finished
11098,522,566,6,31,6,8,8,8,4,66,+1:09.242,5347182,54,18,1:18.946,212.362,Finished
11099,522,842,4,24,13,9,9,9,2,66,+1:11.878,5349818,38,15,1:18.753,212.883,Finished
11100,522,290,6,10,10,10,10,10,1,66,+1:13.530,5351470,41,10,1:18.375,213.910,Finished
11101,522,445,73,16,19,11,11,11,0,66,+1:14.419,5352359,52,9,1:18.357,213.959,Finished
11102,522,779,5,22,15,12,12,12,0,66,+1:15.416,5353356,59,17,1:18.904,212.475,Finished
11103,522,594,135,81,9,13,13,13,0,65,+4.275,5282215,41,13,1:18.679,213.083,Lapped
11104,522,866,5,21,14,14,14,14,0,65,+5.327,5283267,41,12,1:18.594,213.313,Lapped
11105,522,377,83,27,7,15,15,15,0,65,+17.297,5295237,53,16,1:18.776,212.821,Lapped
11106,522,11,212,23,18,16,16,16,0,65,+27.708,5305648,59,19,1:19.133,211.861,Lapped
11107,522,560,135,4,3,17,17,17,0,65,+30.390,5308330,55,4,1:17.182,217.216,Lapped
11108,522,483,83,20,17,18,18,18,0,65,+38.080,5316020,44,6,1:18.069,214.748,Lapped
11109,522,102,4,77,16,19,19,19,0,65,+49.943,5327883,50,8,1:18.242,214.273,Lapped
11110,522,677,212,2,20,20,20,20,0,65,+51.677,5329617,41,20,1:19.247,211.556,Lapped
11111,523,792,169,1,1,1,1,1,25,70,1:33:58.348,5638348,68,3,1:15.594,207.683,Finished
11112,523,17,12,14,2,2,2,2,18,70,+9.570,5647918,62,4,1:15.779,207.176,Finished
11113,523,335,140,44,3,3,3,3,15,70,+14.168,5652516,47,2,1:15.396,208.228,Finished
11114,523,445,73,16,10,4,4,4,12,70,+18.648,5656996,47,5,1:15.907,206.826,Finished
11115,523,672,73,55,11,5,5,5,10,70,+21.540,5659888,47,6,1:15.911,206.815,Finished
11116,523,622,169,11,12,6,6,6,9,70,+51.028,5689376,70,1,1:14.481,210.786,Finished
11117,523,11,212,23,9,7,7,7,6,70,+1:00.813,5699161,68,16,1:16.917,204.110,Finished
11118,523,566,6,31,6,8,8,8,4,70,+1:01.692,5700040,63,15,1:16.782,204.469,Finished
11119,523,739,12,18,16,9,9,9,2,70,+1:04.402,5702750,58,10,1:16.564,205.051,Finished
11120,523,102,4,77,14,10,10,10,1,70,+1:04.432,5702780,52,12,1:16.625,204.888,Finished
11121,523,594,135,81,8,11,11,11,0,70,+1:05.101,5703449,59,11,1:16.598,204.960,Finished
11122,523,290,6,10,15,12,12,12,0,70,+1:05.249,5703597,67,9,1:16.425,205.424,Finished
11123,523,560,135,4,7,13,13,13,0,70,+1:08.363,5706711,65,8,1:16.374,205.562,Finished
11124,523,779,5,22,19,14,14,14,0,70,+1:13.423,5711771,68,14,1:16.666,204.779,Finished
11125,523,377,83,27,5,15,15,15,0,69,+16.943,5655291,37,19,1:17.232,203.278,Lapped
11126,523,842,4,24,20,16,16,16,0,69,+17.377,5655725,58,17,1:17.090,203.652,Lapped
11127,523,483,83,20,13,17,17,17,0,69,+1:10.259,5708607,55,7,1:16.126,206.231,Lapped
11128,523,866,5,21,17,18,18,18,0,69,+1:14.967,5713315,52,13,1:16.656,204.805,Lapped
11129,523,663,140,63,4,19,R,19,0,53,\N,\N,44,18,1:17.097,203.634,Retired
11130,523,677,212,2,18,20,R,20,0,6,\N,\N,4,20,1:18.437,200.155,Retired
11131,524,792,169,1,1,1,1,1,26,71,1:25:33.607,5133607,71,1,1:07.012,231.970,Finished
11132,524,445,73,16,2,2,2,2,18,71,+5.155,5138762,51,5,1:08.820,225.876,Finished
11133,524,622,169,11,15,3,3,3,15,71,+17.188,5150795,52,2,1:08.111,228.227,Finished
11134,524,560,135,4,4,4,4,4,12,71,+26.327,5159934,48,4,1:08.739,226.142,Finished
11135,524,17,12,14,7,5,5,5,10,71,+30.317,5163924,54,8,1:09.108,224.934,Finished
11136,524,672,73,55,3,6,6,6,8,71,+31.377,5164984,50,6,1:08.880,225.679,Finished
11137,524,663,140,63,11,7,7,7,6,71,+48.403,5182010,49,10,1:09.283,224.366,Finished
11138,524,335,140,44,5,8,8,8,4,71,+49.196,5182803,48,9,1:09.160,224.765,Finished
11139,524,739,12,18,6,9,9,9,2,71,+59.043,5192650,57,3,1:08.463,227.054,Finished
11140,524,290,6,10,9,10,10,10,1,71,+1:07.667,5201274,48,7,1:09.046,225.136,Finished
11141,524,11,212,23,10,11,11,11,0,71,+1:19.767,5213374,53,11,1:09.560,223.473,Finished
11142,524,842,4,24,17,12,12,12,0,70,+24.633,5158240,46,14,1:09.786,222.749,Lapped
11143,524,677,212,2,18,13,13,13,0,70,+31.384,5164991,45,12,1:09.611,223.309,Lapped
11144,524,566,6,31,12,14,14,14,0,70,+42.140,5175747,50,15,1:09.797,222.714,Lapped
11145,524,102,4,77,14,15,15,15,0,70,+42.777,5176384,49,18,1:09.940,222.259,Lapped
11146,524,594,135,81,13,16,16,16,0,70,+46.569,5180176,46,17,1:09.862,222.507,Lapped
11147,524,866,5,21,20,17,17,17,0,70,+49.703,5183310,46,16,1:09.852,222.539,Lapped
11148,524,483,83,20,19,18,18,18,0,70,+56.653,5190260,37,19,1:10.176,221.511,Lapped
11149,524,779,5,22,16,19,19,19,0,70,+59.873,5193480,45,13,1:09.620,223.280,Lapped
11150,524,377,83,27,8,20,R,20,0,12,\N,\N,7,20,1:11.066,218.737,Retired
11151,525,792,169,1,1,1,1,1,26,52,1:25:16.938,5116938,42,1,1:30.275,234.922,Finished
11152,525,560,135,4,2,2,2,2,18,52,+3.798,5120736,43,2,1:30.543,234.226,Finished
11153,525,335,140,44,7,3,3,3,15,52,+6.783,5123721,43,3,1:30.545,234.221,Finished
11154,525,594,135,81,3,4,4,4,12,52,+7.776,5124714,41,4,1:30.850,233.435,Finished
11155,525,663,140,63,6,5,5,5,10,52,+11.206,5128144,41,6,1:31.124,232.733,Finished
11156,525,622,169,11,15,6,6,6,8,52,+12.882,5129820,51,5,1:30.914,233.271,Finished
11157,525,17,12,14,9,7,7,7,6,52,+17.193,5134131,48,9,1:31.338,232.188,Finished
11158,525,11,212,23,8,8,8,8,4,52,+17.878,5134816,41,8,1:31.273,232.353,Finished
11159,525,445,73,16,4,9,9,9,2,52,+18.689,5135627,48,7,1:31.255,232.399,Finished
11160,525,672,73,55,5,10,10,10,1,52,+19.448,5136386,51,10,1:31.366,232.116,Finished
11161,525,677,212,2,14,11,11,11,0,52,+23.632,5140570,42,13,1:31.699,231.274,Finished
11162,525,102,4,77,20,12,12,12,0,52,+25.830,5142768,52,16,1:31.852,230.888,Finished
11163,525,377,83,27,11,13,13,13,0,52,+26.663,5143601,52,15,1:31.776,231.080,Finished
11164,525,739,12,18,12,14,14,14,0,52,+27.483,5144421,42,11,1:31.508,231.756,Finished
11165,525,842,4,24,17,15,15,15,0,52,+29.820,5146758,48,14,1:31.769,231.097,Finished
11166,525,779,5,22,16,16,16,16,0,52,+31.225,5148163,48,17,1:32.084,230.307,Finished
11167,525,866,5,21,18,17,17,17,0,52,+33.128,5150066,48,18,1:32.353,229.636,Finished
11168,525,290,6,10,10,18,18,18,0,46,,4655589,42,12,1:31.539,231.678,Retired
11169,525,483,83,20,19,19,R,19,0,31,\N,\N,29,19,1:33.356,227.169,Retired
11170,525,566,6,31,13,20,R,20,0,9,\N,\N,4,20,1:33.941,225.754,Retired
11171,526,792,169,1,2,1,1,1,26,70,1:38:08.634,5888634,53,1,1:20.504,195.910,Finished
11172,526,560,135,4,3,2,2,2,18,70,+33.731,5922365,50,4,1:22.178,191.919,Finished
11173,526,622,169,11,9,3,3,3,15,70,+37.603,5926237,53,5,1:22.295,191.647,Finished
11174,526,335,140,44,1,4,4,4,12,70,+39.134,5927768,54,2,1:21.601,193.277,Finished
11175,526,594,135,81,4,5,5,5,10,70,+1:02.572,5951206,45,8,1:22.736,190.625,Finished
11176,526,663,140,63,18,6,6,6,8,70,+1:05.825,5954459,48,3,1:22.158,191.966,Finished
11177,526,445,73,16,6,7,7,7,6,70,+1:10.317,5958951,50,6,1:22.469,191.242,Finished
11178,526,672,73,55,11,8,8,8,4,70,+1:11.073,5959707,54,7,1:22.584,190.976,Finished
11179,526,17,12,14,8,9,9,9,2,70,+1:15.709,5964343,51,9,1:22.745,190.604,Finished
11180,526,739,12,18,14,10,10,10,1,69,+14.615,5903249,54,11,1:23.425,189.051,Lapped
11181,526,11,212,23,16,11,11,11,0,69,+29.087,5917721,54,18,1:24.051,187.643,Lapped
11182,526,102,4,77,7,12,12,12,0,69,+30.079,5918713,42,14,1:23.651,188.540,Lapped
11183,526,642,5,3,13,13,13,13,0,69,+36.257,5924891,67,17,1:23.934,187.904,Lapped
11184,526,377,83,27,10,14,14,14,0,69,+51.298,5939932,42,13,1:23.573,188.716,Lapped
11185,526,779,5,22,17,15,15,15,0,69,+51.543,5940177,68,10,1:23.269,189.405,Lapped
11186,526,842,4,24,5,16,16,16,0,69,+1:00.491,5949125,12,15,1:23.743,188.333,Lapped
11187,526,483,83,20,19,17,17,17,0,69,+1:22.351,5970985,54,16,1:23.864,188.061,Lapped
11188,526,677,212,2,20,18,18,18,0,67,,5789224,36,12,1:23.496,188.890,Retired
11189,526,566,6,31,12,19,R,19,0,2,\N,\N,\N,\N,\N,\N,Retired
11190,526,290,6,10,15,20,R,20,0,1,\N,\N,\N,\N,\N,\N,Retired
11191,527,792,169,1,6,1,1,1,25,44,1:22:30.450,4950450,32,2,1:48.922,231.490,Finished
11192,527,622,169,11,2,2,2,2,18,44,+22.305,4972755,31,6,1:50.308,228.581,Finished
11193,527,445,73,16,1,3,3,3,15,44,+32.259,4982709,30,7,1:50.436,228.316,Finished
11194,527,335,140,44,3,4,4,4,13,44,+49.671,5000121,44,1,1:47.305,234.978,Finished
11195,527,17,12,14,9,5,5,5,10,44,+56.184,5006634,42,13,1:50.938,227.283,Finished
11196,527,663,140,63,8,6,6,6,8,44,+1:03.101,5013551,25,11,1:50.603,227.972,Finished
11197,527,560,135,4,7,7,7,7,6,44,+1:13.719,5024169,26,18,1:51.682,225.769,Finished
11198,527,566,6,31,14,8,8,8,4,44,+1:14.719,5025169,27,8,1:50.439,228.310,Finished
11199,527,739,12,18,10,9,9,9,2,44,+1:19.340,5029790,26,16,1:51.297,226.550,Finished
11200,527,779,5,22,11,10,10,10,1,44,+1:20.221,5030671,26,17,1:51.394,226.353,Finished
11201,527,290,6,10,12,11,11,11,0,44,+1:23.084,5033534,25,12,1:50.911,227.339,Finished
11202,527,102,4,77,13,12,12,12,0,44,+1:25.191,5035641,26,10,1:50.515,228.153,Finished
11203,527,842,4,24,17,13,13,13,0,44,+1:35.441,5045891,27,5,1:50.188,228.830,Finished
11204,527,11,212,23,15,14,14,14,0,44,+1:36.184,5046634,35,3,1:49.841,229.553,Finished
11205,527,483,83,20,16,15,15,15,0,44,+1:41.754,5052204,27,14,1:50.993,227.171,Finished
11206,527,642,5,3,19,16,16,16,0,44,+1:43.071,5053521,25,15,1:50.994,227.169,Finished
11207,527,677,212,2,18,17,17,17,0,44,+1:44.476,5054926,37,9,1:50.486,228.213,Finished
11208,527,377,83,27,20,18,18,18,0,44,+1:50.450,5060900,26,4,1:49.907,229.415,Finished
11209,527,672,73,55,4,19,R,19,0,23,\N,\N,9,19,1:53.138,222.864,Retired
11210,527,594,135,81,5,20,R,20,0,0,\N,\N,\N,\N,\N,\N,Retired
11211,528,792,169,1,1,1,1,1,25,72,2:24:04.411,8644411,58,2,1:13.889,207.505,Finished
11212,528,17,12,14,5,2,2,2,19,72,+3.744,8648155,56,1,1:13.837,207.651,Finished
11213,528,290,6,10,12,3,3,3,15,72,+7.058,8651469,55,7,1:14.441,205.967,Finished
11214,528,622,169,11,7,4,4,4,12,72,+10.068,8654479,59,4,1:14.231,206.549,Finished
11215,528,672,73,55,6,5,5,5,10,72,+12.541,8656952,54,13,1:14.934,204.612,Finished
11216,528,335,140,44,13,6,6,6,8,72,+13.209,8657620,58,3,1:13.904,207.463,Finished
11217,528,560,135,4,2,7,7,7,6,72,+13.232,8657643,50,6,1:14.390,206.108,Finished
11218,528,11,212,23,4,8,8,8,4,72,+15.155,8659566,55,8,1:14.468,205.892,Finished
11219,528,594,135,81,8,9,9,9,2,72,+16.580,8660991,54,5,1:14.299,206.360,Finished
11220,528,566,6,31,16,10,10,10,1,72,+18.346,8662757,51,10,1:14.570,205.610,Finished
11221,528,739,12,18,11,11,11,11,0,72,+20.087,8664498,37,15,1:15.171,203.966,Finished
11222,528,377,83,27,14,12,12,12,0,72,+20.840,8665251,53,9,1:14.472,205.881,Finished
11223,528,444,5,40,19,13,13,13,0,72,+26.147,8670558,49,12,1:14.820,204.923,Finished
11224,528,102,4,77,18,14,14,14,0,72,+27.388,8671799,49,11,1:14.698,205.258,Finished
11225,528,779,5,22,17,15,15,15,0,72,+29.893,8674304,35,18,1:16.253,201.072,Finished
11226,528,483,83,20,0,16,16,16,0,72,+31.410,8675821,37,17,1:15.489,203.107,Finished
11227,528,663,140,63,3,17,17,17,0,72,+55.754,8700165,54,14,1:15.124,204.094,Finished
11228,528,842,4,24,15,18,R,18,0,62,\N,\N,39,16,1:15.417,203.301,Accident
11229,528,445,73,16,9,19,R,19,0,41,\N,\N,33,19,1:17.277,198.408,Undertray
11230,528,677,212,2,10,20,R,20,0,14,\N,\N,13,20,1:17.399,198.095,Accident
11231,529,792,169,1,2,1,1,1,25,51,1:13:41.143,4421143,33,2,1:25.240,244.659,Finished
11232,529,622,169,11,5,2,2,2,18,51,+6.064,4427207,39,4,1:25.522,243.853,Finished
11233,529,672,73,55,1,3,3,3,15,51,+11.193,4432336,30,3,1:25.501,243.912,Finished
11234,529,445,73,16,3,4,4,4,12,51,+11.377,4432520,38,5,1:25.580,243.687,Finished
11235,529,663,140,63,4,5,5,5,10,51,+23.028,4444171,38,9,1:25.847,242.929,Finished
11236,529,335,140,44,8,6,6,6,8,51,+42.679,4463822,29,6,1:25.582,243.682,Finished
11237,529,11,212,23,6,7,7,7,6,51,+45.106,4466249,33,16,1:26.389,241.405,Finished
11238,529,560,135,4,9,8,8,8,4,51,+45.449,4466592,24,14,1:26.144,242.092,Finished
11239,529,17,12,14,10,9,9,9,2,51,+46.294,4467437,43,13,1:26.105,242.201,Finished
11240,529,102,4,77,14,10,10,10,1,51,+1:04.056,4485199,27,12,1:25.988,242.531,Finished
11241,529,444,5,40,12,11,11,11,0,51,+1:10.638,4491781,44,8,1:25.842,242.944,Finished
11242,529,594,135,81,7,12,12,12,0,51,+1:13.074,4494217,43,1,1:25.072,245.142,Finished
11243,529,677,212,2,15,13,13,13,0,51,+1:18.557,4499700,16,18,1:26.840,240.152,Finished
11244,529,842,4,24,16,14,14,14,0,51,+1:20.164,4501307,35,11,1:25.983,242.545,Finished
11245,529,290,6,10,17,15,15,15,0,51,+1:22.510,4503653,44,7,1:25.758,243.181,Finished
11246,529,739,12,18,20,16,16,16,0,51,+1:27.266,4508409,31,17,1:26.617,240.770,Finished
11247,529,377,83,27,13,17,17,17,0,50,+2.093,4423236,50,10,1:25.894,242.796,Lapped
11248,529,483,83,20,19,18,18,18,0,50,+12.624,4433767,42,15,1:26.278,241.716,Lapped
11249,529,566,6,31,18,19,R,19,0,39,\N,\N,33,19,1:26.963,239.812,Retired
11250,529,779,5,22,11,20,W,20,0,0,\N,\N,\N,\N,\N,\N,Did not start
11251,530,672,73,55,1,1,1,1,25,62,1:46:37.418,6397418,47,7,1:37.666,182.089,Finished
11252,530,560,135,4,4,2,2,2,18,62,+0.812,6398230,46,8,1:38.046,181.384,Finished
11253,530,335,140,44,5,3,3,3,16,62,+1.269,6398687,47,1,1:35.867,185.507,Finished
11254,530,445,73,16,3,4,4,4,12,62,+21.177,6418595,46,11,1:38.275,180.961,Finished
11255,530,792,169,1,11,5,5,5,10,62,+21.441,6418859,61,4,1:36.575,184.147,Finished
11256,530,290,6,10,12,6,6,6,8,62,+38.441,6435859,46,12,1:38.277,180.957,Finished
11257,530,594,135,81,17,7,7,7,6,62,+41.479,6438897,46,13,1:38.492,180.562,Finished
11258,530,622,169,11,13,8,8,8,4,62,+59.534,6456952,61,5,1:37.108,183.136,Finished
11259,530,444,5,40,10,9,9,9,2,62,+1:05.918,6463336,47,15,1:39.028,179.585,Finished
11260,530,483,83,20,6,10,10,10,1,62,+1:12.116,6469534,48,10,1:38.107,181.271,Finished
11261,530,11,212,23,14,11,11,11,0,62,+1:13.417,6470835,46,6,1:37.342,182.696,Finished
11262,530,842,4,24,19,12,12,12,0,62,+1:23.649,6481067,46,16,1:39.316,179.064,Finished
11263,530,377,83,27,9,13,13,13,0,62,+1:26.201,6483619,50,17,1:39.923,177.977,Finished
11264,530,677,212,2,18,14,14,14,0,62,+1:26.889,6484307,45,14,1:38.531,180.491,Finished
11265,530,17,12,14,7,15,15,15,0,62,+1:27.603,6485021,47,3,1:36.456,184.374,Finished
11266,530,663,140,63,2,16,16,16,0,61,,6298932,46,2,1:36.273,184.724,Retired
11267,530,102,4,77,16,17,R,17,0,51,\N,\N,51,9,1:38.075,181.330,Retired
11268,530,566,6,31,8,18,R,18,0,42,\N,\N,33,18,1:39.930,177.964,Retired
11269,530,779,5,22,15,19,R,19,0,0,\N,\N,\N,\N,\N,\N,Retired
11270,530,739,12,18,0,20,W,20,0,0,\N,\N,\N,\N,\N,\N,Withdrew
11271,531,792,169,1,1,1,1,1,26,53,1:30:58.421,5458421,39,1,1:34.183,221.963,Finished
11272,531,560,135,4,3,2,2,2,18,53,+19.387,5477808,40,2,1:35.247,219.484,Finished
11273,531,594,135,81,2,3,3,3,15,53,+36.494,5494915,38,5,1:36.328,217.021,Finished
11274,531,445,73,16,4,4,4,4,12,53,+43.998,5502419,40,6,1:36.362,216.944,Finished
11275,531,335,140,44,7,5,5,5,10,53,+49.376,5507797,36,3,1:35.611,218.648,Finished
11276,531,672,73,55,6,6,6,6,8,53,+50.221,5508642,40,4,1:36.187,217.339,Finished
11277,531,663,140,63,8,7,7,7,6,53,+57.659,5516080,27,11,1:37.653,214.076,Finished
11278,531,17,12,14,10,8,8,8,4,53,+1:14.725,5533146,28,8,1:37.203,215.067,Finished
11279,531,566,6,31,14,9,9,9,2,53,+1:19.678,5538099,34,10,1:37.398,214.636,Finished
11280,531,290,6,10,12,10,10,10,1,53,+1:23.155,5541576,36,7,1:36.371,216.924,Finished
11281,531,444,5,40,11,11,11,11,0,52,+3.089,5461510,50,15,1:38.267,212.738,Lapped
11282,531,779,5,22,9,12,12,12,0,52,+3.974,5462395,36,12,1:37.768,213.824,Lapped
11283,531,842,4,24,19,13,13,13,0,52,+6.340,5464761,45,13,1:37.791,213.774,Lapped
11284,531,377,83,27,18,14,14,14,0,52,+9.598,5468019,44,9,1:37.250,214.963,Lapped
11285,531,483,83,20,15,15,15,15,0,52,+29.570,5487991,41,14,1:37.842,213.662,Lapped
11286,531,11,212,23,13,16,R,16,0,26,\N,\N,15,18,1:39.185,210.769,Retired
11287,531,677,212,2,20,17,R,17,0,22,\N,\N,7,16,1:38.848,211.488,Retired
11288,531,739,12,18,17,18,R,18,0,20,\N,\N,16,17,1:39.050,211.057,Retired
11289,531,622,169,11,5,19,R,19,0,15,\N,\N,8,19,1:39.704,209.672,Retired
11290,531,102,4,77,16,20,R,20,0,7,\N,\N,5,20,2:02.755,170.300,Retired
11291,532,792,169,1,1,1,1,1,26,57,1:27:39.168,5259168,56,1,1:24.319,231.364,Finished
11292,532,594,135,81,6,2,2,2,18,57,+4.833,5264001,48,3,1:24.921,229.724,Finished
11293,532,560,135,4,10,3,3,3,15,57,+5.969,5265137,47,2,1:24.842,229.938,Finished
11294,532,663,140,63,2,4,4,4,12,57,+34.119,5293287,35,5,1:25.770,227.450,Finished
11295,532,445,73,16,5,5,5,5,10,57,+38.976,5298144,57,4,1:24.992,229.532,Finished
11296,532,17,12,14,4,6,6,6,8,57,+49.032,5308200,57,6,1:26.045,226.723,Finished
11297,532,566,6,31,8,7,7,7,6,57,+1:02.390,5321558,42,11,1:26.450,225.661,Finished
11298,532,102,4,77,9,8,8,8,4,57,+1:06.563,5325731,54,13,1:26.652,225.135,Finished
11299,532,842,4,24,19,9,9,9,2,57,+1:16.127,5335295,54,9,1:26.323,225.993,Finished
11300,532,622,169,11,20,10,10,10,1,57,+1:20.181,5339349,50,7,1:26.220,226.263,Finished
11301,532,739,12,18,16,11,11,11,0,57,+1:21.652,5340820,55,10,1:26.352,225.917,Finished
11302,532,290,6,10,7,12,12,12,0,57,+1:22.300,5341468,49,8,1:26.310,226.027,Finished
11303,532,11,212,23,13,13,13,13,0,57,+1:31.014,5350182,57,14,1:26.666,225.098,Finished
11304,532,483,83,20,18,14,14,14,0,56,+1.246,5260414,46,15,1:27.067,224.061,Lapped
11305,532,779,5,22,11,15,15,15,0,56,+8.958,5268126,55,17,1:27.174,223.786,Lapped
11306,532,377,83,27,14,16,16,16,0,56,+15.085,5274253,45,12,1:26.489,225.559,Lapped
11307,532,444,5,40,17,17,17,17,0,56,+27.108,5286276,54,16,1:27.113,223.943,Lapped
11308,532,677,212,2,15,18,R,18,0,40,\N,\N,31,18,1:27.983,221.729,Retired
11309,532,335,140,44,3,19,R,19,0,0,\N,\N,\N,\N,\N,\N,Retired
11310,532,672,73,55,12,20,W,20,0,0,\N,\N,\N,\N,\N,\N,Did not start
11311,533,792,169,1,6,1,1,1,25,56,1:35:21.362,5721362,40,9,1:40.028,198.412,Finished
11312,533,560,135,4,2,2,2,2,18,56,+10.730,5732092,39,8,1:39.985,198.497,Finished
11313,533,672,73,55,4,3,3,3,15,56,+15.134,5736496,51,10,1:40.034,198.400,Finished
11314,533,622,169,11,9,4,4,4,12,56,+18.460,5739822,40,5,1:39.737,198.991,Finished
11315,533,663,140,63,5,5,5,5,10,56,+24.999,5746361,48,3,1:39.393,199.680,Finished
11316,533,290,6,10,7,6,6,6,8,56,+47.996,5769358,47,11,1:40.412,197.653,Finished
11317,533,739,12,18,20,7,7,7,6,56,+48.696,5770058,48,6,1:39.908,198.650,Finished
11318,533,779,5,22,11,8,8,8,5,56,+1:14.385,5795747,56,1,1:38.139,202.231,Finished
11319,533,11,212,23,15,9,9,9,2,56,+1:26.714,5808076,48,15,1:41.318,\N,Finished
11320,533,677,212,2,16,10,10,10,1,56,+1:27.998,5809360,34,14,1:41.238,196.041,Finished
11321,533,377,83,27,18,11,11,11,0,56,+1:29.904,5811266,45,12,1:40.925,196.648,Finished
11322,533,102,4,77,13,12,12,12,0,56,+1:38.601,5819963,54,18,1:41.972,194.629,Finished
11323,533,842,4,24,12,13,13,13,0,55,+3.576,5724938,51,17,1:41.879,194.807,Lapped
11324,533,483,83,20,17,14,14,14,0,55,+8.072,5729434,41,16,1:41.506,195.523,Lapped
11325,533,642,5,3,14,15,15,15,0,55,+8.852,5730214,49,2,1:39.366,199.734,Lapped
11326,533,17,12,14,19,16,R,16,0,49,\N,\N,47,7,1:39.954,198.559,Retired
11327,533,594,135,81,10,17,R,17,0,10,\N,\N,5,19,1:42.705,193.240,Retired
11328,533,566,6,31,8,18,R,18,0,6,\N,\N,2,20,1:44.789,189.397,Retired
11329,533,335,140,44,3,19,19,19,0,56,+2.225,5723587,42,4,1:39.582,199.301,Disqualified
11330,533,445,73,16,1,20,20,20,0,56,+24.662,5746024,38,13,1:41.025,\N,Disqualified
11331,534,792,169,1,3,1,1,1,25,71,2:02:30.814,7350814,40,2,1:21.644,189.780,Finished
11332,534,335,140,44,6,2,2,2,19,71,+13.875,7364689,71,1,1:21.334,190.503,Finished
11333,534,445,73,16,1,3,3,3,15,71,+23.124,7373938,38,4,1:22.332,188.194,Finished
11334,534,672,73,55,2,4,4,4,12,71,+27.154,7377968,57,6,1:22.539,187.722,Finished
11335,534,560,135,4,17,5,5,5,10,71,+33.266,7384080,71,3,1:21.944,189.085,Finished
11336,534,663,140,63,8,6,6,6,8,71,+41.020,7391834,38,10,1:22.780,187.175,Finished
11337,534,642,5,3,4,7,7,7,6,71,+41.570,7392384,66,7,1:22.679,187.404,Finished
11338,534,594,135,81,7,8,8,8,4,71,+43.104,7393918,53,8,1:22.760,187.220,Finished
11339,534,11,212,23,14,9,9,9,2,71,+48.573,7399387,65,9,1:22.773,187.191,Finished
11340,534,566,6,31,15,10,10,10,1,71,+1:02.879,7413693,66,11,1:22.976,186.733,Finished
11341,534,290,6,10,11,11,11,11,0,71,+1:06.208,7417022,43,16,1:23.230,186.163,Finished
11342,534,779,5,22,18,12,12,12,0,71,+1:18.982,7429796,11,5,1:22.501,187.808,Finished
11343,534,377,83,27,12,13,13,13,0,71,+1:20.309,7431123,43,15,1:23.222,186.181,Finished
11344,534,842,4,24,10,14,14,14,0,71,+1:21.676,7432490,39,19,1:23.567,185.412,Finished
11345,534,102,4,77,9,15,15,15,0,71,+1:25.597,7436411,43,14,1:23.166,186.306,Finished
11346,534,677,212,2,19,16,16,16,0,70,\N,\N,24,12,1:23.003,186.672,Retired
11347,534,739,12,18,0,17,17,17,0,66,\N,\N,43,17,1:23.257,186.103,Collision damage
11348,534,17,12,14,13,18,W,18,0,47,\N,\N,40,18,1:23.531,185.492,Withdrew
11349,534,483,83,20,16,19,R,19,0,31,\N,\N,25,13,1:23.146,186.351,Accident
11350,534,622,169,11,5,20,R,20,0,1,\N,\N,\N,\N,\N,\N,Collision damage
11351,535,792,169,1,1,1,1,1,25,71,1:56:48.894,7008894,68,2,1:13.422,211.277,Finished
11352,535,560,135,4,6,2,2,2,19,71,+8.277,7017171,61,1,1:12.486,214.005,Finished
11353,535,17,12,14,4,3,3,3,15,71,+34.155,7043049,54,10,1:14.442,208.382,Finished
11354,535,622,169,11,9,4,4,4,12,71,+34.208,7043102,55,5,1:14.124,209.276,Finished
11355,535,739,12,18,3,5,5,5,10,71,+40.845,7049739,67,4,1:14.007,209.607,Finished
11356,535,672,73,55,7,6,6,6,8,71,+50.188,7059082,59,9,1:14.406,208.483,Finished
11357,535,290,6,10,15,7,7,7,6,71,+56.093,7064987,48,11,1:14.521,208.161,Finished
11358,535,335,140,44,5,8,8,8,4,71,+1:02.859,7071753,59,12,1:14.739,207.554,Finished
11359,535,779,5,22,16,9,9,9,2,71,+1:09.880,7078774,64,7,1:14.231,208.974,Finished
11360,535,566,6,31,14,10,10,10,1,70,+9.841,7018735,53,6,1:14.206,209.045,Lapped
11361,535,677,212,2,19,11,11,11,0,70,+26.208,7035102,51,16,1:15.738,204.816,Lapped
11362,535,377,83,27,11,12,12,12,0,70,+29.960,7038854,66,14,1:15.036,206.732,Lapped
11363,535,642,5,3,17,13,13,13,0,70,+1:09.961,7078855,68,3,1:13.866,210.007,Lapped
11364,535,594,135,81,10,14,14,14,0,69,+3.636,7012530,66,8,1:14.310,208.752,Lapped
11365,535,663,140,63,8,15,R,15,0,57,\N,\N,55,13,1:14.934,207.014,Retired
11366,535,102,4,77,18,16,R,16,0,39,\N,\N,20,15,1:15.731,204.835,Retired
11367,535,842,4,24,20,17,R,17,0,22,\N,\N,17,17,1:16.232,203.489,Retired
11368,535,483,83,20,12,18,R,18,0,0,\N,\N,\N,\N,\N,\N,Retired
11369,535,11,212,23,13,19,R,19,0,0,\N,\N,\N,\N,\N,\N,Retired
11370,535,445,73,16,2,20,W,20,0,0,\N,\N,\N,\N,\N,\N,Did not start
11371,536,792,169,1,2,1,1,1,25,50,1:29:08.289,5348289,44,2,1:35.614,233.476,Finished
11372,536,445,73,16,1,2,2,2,18,50,+2.070,5350359,50,3,1:35.669,233.342,Finished
11373,536,622,169,11,11,3,3,3,15,50,+2.241,5350530,40,5,1:35.939,232.685,Finished
11374,536,566,6,31,16,4,4,4,12,50,+18.665,5366954,47,10,1:36.637,231.004,Finished
11375,536,739,12,18,19,5,5,5,10,50,+20.067,5368356,45,9,1:36.584,231.131,Finished
11376,536,672,73,55,12,6,6,6,8,50,+20.834,5369123,47,6,1:35.984,232.576,Finished
11377,536,335,140,44,10,7,7,7,6,50,+21.755,5370044,48,4,1:35.716,233.227,Finished
11378,536,663,140,63,3,8,8,8,4,50,+23.091,5371380,44,7,1:36.071,232.365,Finished
11379,536,17,12,14,9,9,9,9,2,50,+25.964,5374253,42,8,1:36.559,231.191,Finished
11380,536,594,135,81,18,10,10,10,2,50,+29.496,5377785,47,1,1:35.490,233.779,Finished
11381,536,290,6,10,4,11,11,11,0,50,+34.270,5382559,37,11,1:36.913,230.346,Finished
11382,536,11,212,23,5,12,12,12,0,50,+43.398,5391687,50,13,1:37.357,229.296,Finished
11383,536,483,83,20,8,13,13,13,0,50,+44.825,5393114,50,15,1:37.455,229.065,Finished
11384,536,642,5,3,14,14,14,14,0,50,+48.525,5396814,50,12,1:37.108,229.884,Finished
11385,536,842,4,24,17,15,15,15,0,50,+50.162,5398451,32,14,1:37.375,229.253,Finished
11386,536,677,212,2,6,16,16,16,0,50,+50.882,5399171,32,19,1:37.740,228.397,Finished
11387,536,102,4,77,7,17,17,17,0,50,+1:25.350,5433639,49,16,1:37.562,228.814,Finished
11388,536,779,5,22,20,18,18,18,0,46,,5018931,45,18,1:37.587,228.755,Retired
11389,536,377,83,27,13,19,19,19,0,45,,4903790,43,17,1:37.565,228.807,Retired
11390,536,560,135,4,15,20,R,20,0,2,\N,\N,2,20,1:59.327,187.079,Retired
11391,537,792,169,1,1,1,1,1,26,58,1:27:02.624,5222624,45,1,1:26.993,218.541,Finished
11392,537,445,73,16,2,2,2,2,18,58,+17.993,5240617,44,8,1:28.199,215.553,Finished
11393,537,663,140,63,4,3,3,3,15,58,+20.328,5242952,45,7,1:28.187,215.582,Finished
11394,537,622,169,11,9,4,4,4,12,58,+21.453,5244077,44,2,1:27.493,217.292,Finished
11395,537,560,135,4,5,5,5,5,10,58,+24.284,5246908,45,6,1:28.164,215.639,Finished
11396,537,594,135,81,3,6,6,6,8,58,+31.487,5254111,38,5,1:28.138,215.702,Finished
11397,537,17,12,14,7,7,7,7,6,58,+39.512,5262136,42,9,1:28.256,215.414,Finished
11398,537,779,5,22,6,8,8,8,4,58,+43.088,5265712,55,16,1:29.256,213.000,Finished
11399,537,335,140,44,11,9,9,9,2,58,+44.424,5267048,52,10,1:28.372,215.131,Finished
11400,537,739,12,18,13,10,10,10,1,58,+55.632,5278256,44,4,1:28.050,215.918,Finished
11401,537,642,5,3,15,11,11,11,0,58,+56.229,5278853,47,11,1:28.571,214.648,Finished
11402,537,566,6,31,12,12,12,12,0,58,+1:06.373,5288997,34,20,1:30.033,211.162,Finished
11403,537,290,6,10,10,13,13,13,0,58,+1:10.360,5292984,35,14,1:29.016,213.575,Finished
11404,537,11,212,23,14,14,14,14,0,58,+1:13.184,5295808,45,3,1:27.845,216.422,Finished
11405,537,377,83,27,8,15,15,15,0,58,+1:23.696,5306320,58,15,1:29.217,213.093,Finished
11406,537,677,212,2,20,16,16,16,0,58,+1:27.791,5310415,43,12,1:28.580,214.626,Finished
11407,537,842,4,24,19,17,17,17,0,58,+1:29.422,5312046,43,13,1:28.746,214.224,Finished
11408,537,672,73,55,16,18,18,18,0,57,,5210923,42,17,1:29.452,212.534,Retired
11409,537,102,4,77,18,19,19,19,0,57,+12.411,5235035,42,18,1:29.863,211.562,Lapped
11410,537,483,83,20,17,20,20,20,0,57,+14.876,5237500,46,19,1:29.934,211.395,Lapped
11411,538,792,169,1,1,1,1,1,26,57,1:31:44.742,5504742,39,1,1:32.608,210.383,Finished
11412,538,622,169,11,5,2,2,2,18,57,+22.457,5527199,40,4,1:34.364,206.468,Finished
11413,538,672,73,55,4,3,3,3,15,57,+25.110,5529852,44,6,1:34.507,206.156,Finished
11414,538,445,73,16,2,4,4,4,12,57,+39.669,5544411,36,2,1:34.090,207.069,Finished
11415,538,663,140,63,3,5,5,5,10,57,+46.788,5551530,40,12,1:35.065,204.946,Finished
11416,538,560,135,4,7,6,6,6,8,57,+48.458,5553200,35,5,1:34.476,\N,Finished
11417,538,335,140,44,9,7,7,7,6,57,+50.324,5555066,39,7,1:34.722,205.688,Finished
11418,538,594,135,81,8,8,8,8,4,57,+56.082,5560824,39,11,1:34.983,\N,Finished
11419,538,17,12,14,6,9,9,9,2,57,+1:14.887,5579629,48,3,1:34.199,206.830,Finished
11420,538,739,12,18,12,10,10,10,1,57,+1:33.216,5597958,30,16,1:35.632,203.730,Finished
11421,538,842,172,24,17,11,11,11,0,56,+6.759,5511501,30,14,1:35.458,204.102,Lapped
11422,538,483,83,20,15,12,12,12,0,56,+8.316,5513058,34,15,1:35.570,203.863,Lapped
11423,538,642,166,3,14,13,13,13,0,56,+8.958,5513700,37,13,1:35.163,204.735,Lapped
11424,538,779,166,22,11,14,14,14,0,56,+9.482,5514224,37,18,1:35.833,203.303,Lapped
11425,538,11,212,23,13,15,15,15,0,56,+11.886,5516628,40,17,1:35.723,203.537,Lapped
11426,538,377,83,27,10,16,16,16,0,56,+17.632,5522374,46,10,1:34.834,205.445,Lapped
11427,538,566,6,31,19,17,17,17,0,56,+31.450,5536192,34,20,1:36.226,202.473,Lapped
11428,538,290,6,10,20,18,18,18,0,56,+32.417,5537159,45,9,1:34.805,205.508,Lapped
11429,538,102,172,77,16,19,19,19,0,56,+1:23.230,5587972,33,19,1:36.202,202.523,Lapped
11430,538,677,212,2,18,20,20,20,0,55,+20.795,5525537,42,8,1:34.735,205.659,Lapped
11431,539,792,169,1,1,1,1,1,25,50,1:20:43.273,4843273,50,3,1:31.773,242.188,Finished
11432,539,622,169,11,3,2,2,2,18,50,+13.643,4856916,37,8,1:32.273,240.876,Finished
11433,539,445,73,16,2,3,3,3,16,50,+18.639,4861912,50,1,1:31.632,242.561,Finished
11434,539,594,135,81,5,4,4,4,12,50,+32.007,4875280,45,10,1:32.310,\N,Finished
11435,539,17,12,14,4,5,5,5,10,50,+35.759,4879032,43,13,1:32.387,240.579,Finished
11436,539,663,140,63,7,6,6,6,8,50,+39.936,4883209,42,7,1:32.254,240.926,Finished
11437,539,60,73,38,11,7,7,7,6,50,+42.679,4885952,50,5,1:32.186,241.103,Finished
11438,539,560,135,4,6,8,8,8,4,50,+45.708,4888981,40,4,1:31.944,\N,Finished
11439,539,335,140,44,8,9,9,9,2,50,+47.391,4890664,38,2,1:31.746,242.260,Finished
11440,539,377,83,27,15,10,10,10,1,50,+1:16.996,4920269,49,12,1:32.366,240.633,Finished
11441,539,11,212,23,12,11,11,11,0,50,+1:28.354,4931627,50,9,1:32.307,240.787,Finished
11442,539,483,83,20,13,12,12,12,0,50,+1:45.737,4949010,47,11,1:32.338,240.706,Finished
11443,539,566,6,31,17,13,13,13,0,49,+4.001,4847274,48,17,1:33.481,237.763,Lapped
11444,539,677,212,2,19,14,14,14,0,49,+6.785,4850058,49,15,1:33.026,\N,Lapped
11445,539,779,166,22,9,15,15,15,0,49,+10.533,4853806,44,18,1:33.523,\N,Lapped
11446,539,642,166,3,14,16,16,16,0,49,+20.715,4863988,47,16,1:33.323,238.166,Lapped
11447,539,102,172,77,16,17,17,17,0,49,+23.115,4866388,49,14,1:32.706,239.751,Lapped
11448,539,842,172,24,20,18,18,18,0,49,+29.553,4872826,49,6,1:32.208,241.046,Lapped
11449,539,739,12,18,10,19,R,19,0,5,\N,\N,5,19,1:35.560,232.591,Retired
11450,539,290,6,10,18,20,R,20,0,1,\N,\N,\N,\N,\N,\N,Retired
11451,540,672,73,55,2,1,1,1,25,58,1:20:26.843,4826843,48,3,1:20.031,237.418,Finished
11452,540,445,73,16,4,2,2,2,19,58,+2.366,4829209,56,1,1:19.813,238.066,Finished
11453,540,560,135,4,3,3,3,3,15,58,+5.904,4832747,49,2,1:19.915,\N,Finished
11454,540,594,135,81,5,4,4,4,12,58,+35.770,4862613,54,4,1:20.199,\N,Finished
11455,540,622,169,11,6,5,5,5,10,58,+56.309,4883152,47,6,1:20.388,236.363,Finished
11456,540,739,12,18,9,6,6,6,8,58,+1:33.222,4920065,49,8,1:20.930,234.780,Finished
11457,540,779,166,22,8,7,7,7,6,58,+1:35.601,4922444,46,11,1:21.134,234.190,Finished
11458,540,17,12,14,10,8,8,8,4,58,+1:40.992,4927835,52,7,1:20.493,236.055,Finished
11459,540,377,83,27,16,9,9,9,2,58,+1:44.553,4931396,46,12,1:21.145,234.158,Finished
11460,540,483,83,20,14,10,10,10,1,57,+4.081,4830924,44,9,1:21.082,234.340,Lapped
11461,540,11,212,23,12,11,11,11,0,57,+5.009,4831852,46,17,1:21.618,232.801,Lapped
11462,540,642,166,3,18,12,12,12,0,57,+11.508,4838351,46,13,1:21.239,233.887,Lapped
11463,540,290,6,10,17,13,13,13,0,57,+40.953,4867796,51,10,1:21.090,234.317,Lapped
11464,540,102,172,77,13,14,14,14,0,57,+42.326,4869169,48,16,1:21.422,233.361,Lapped
11465,540,842,172,24,19,15,15,15,0,57,+44.293,4871136,49,14,1:21.327,233.634,Lapped
11466,540,566,6,31,15,16,16,16,0,57,+53.979,4880822,45,15,1:21.354,233.557,Lapped
11467,540,663,140,63,7,17,17,17,0,56,,4684734,53,5,1:20.284,236.669,Retired
11468,540,335,140,44,11,18,R,18,0,15,\N,\N,11,18,1:22.444,230.469,Retired
11469,540,792,169,1,1,19,R,19,0,3,\N,\N,3,19,1:23.115,228.608,Retired
11470,541,792,169,1,1,1,1,1,26,53,1:54:23.566,6863566,50,1,1:33.706,223.093,Finished
11471,541,622,169,11,2,2,2,2,18,53,+12.535,6876101,35,3,1:33.945,222.525,Finished
11472,541,672,73,55,4,3,3,3,15,53,+20.866,6884432,46,2,1:33.841,222.772,Finished
11473,541,445,73,16,8,4,4,4,12,53,+26.522,6890088,53,9,1:35.044,219.952,Finished
11474,541,560,135,4,3,5,5,5,10,53,+29.700,6893266,51,10,1:35.186,\N,Finished
11475,541,17,12,14,5,6,6,6,8,53,+44.272,6907838,53,6,1:34.726,220.691,Finished
11476,541,663,140,63,9,7,7,7,6,53,+45.951,6909517,39,5,1:34.404,221.444,Finished
11477,541,594,135,81,6,8,8,8,4,53,+47.525,6911091,35,7,1:34.802,\N,Finished
11478,541,335,140,44,7,9,9,9,2,53,+48.626,6912192,41,4,1:33.952,222.509,Finished
11479,541,779,166,22,10,10,10,10,1,52,+1.602,6865168,51,14,1:36.342,216.989,Lapped
11480,541,377,83,27,12,11,11,11,0,52,+7.168,6870734,52,11,1:35.325,219.304,Lapped
11481,541,739,12,18,16,12,12,12,0,52,+11.233,6874799,41,12,1:35.798,218.221,Lapped
11482,541,483,83,20,18,13,13,13,0,52,+17.919,6881485,24,17,1:36.654,216.289,Lapped
11483,541,102,172,77,13,14,14,14,0,52,+18.893,6882459,25,15,1:36.608,216.392,Lapped
11484,541,566,6,31,15,15,15,15,0,52,+41.152,6904718,52,13,1:36.232,217.237,Lapped
11485,541,290,6,10,17,16,16,16,0,52,+55.066,6918632,48,16,1:36.642,216.315,Lapped
11486,541,677,212,2,19,17,17,17,0,52,+1:12.765,6936331,43,8,1:34.900,220.286,Lapped
11487,541,842,172,24,20,18,R,18,0,12,\N,\N,9,18,1:37.160,215.162,Retired
11488,541,642,166,3,11,19,R,19,0,0,\N,\N,\N,\N,\N,\N,Retired
11489,541,11,212,23,14,20,R,20,0,0,\N,\N,\N,\N,\N,\N,Retired
11490,542,792,169,1,1,1,1,1,25,56,1:40:52.554,6052554,33,2,1:38.406,199.414,Finished
11491,542,560,135,4,4,2,2,2,18,56,+13.773,6066327,33,4,1:38.751,\N,Finished
11492,542,622,169,11,2,3,3,3,15,56,+19.160,6071714,33,7,1:39.388,197.444,Finished
11493,542,445,73,16,6,4,4,4,12,56,+23.623,6076177,33,6,1:39.384,197.452,Finished
11494,542,672,73,55,7,5,5,5,10,56,+33.983,6086537,19,10,1:39.764,196.700,Finished
11495,542,663,140,63,8,6,6,6,8,56,+38.724,6091278,39,11,1:40.112,196.016,Finished
11496,542,17,12,14,3,7,7,7,7,56,+43.414,6095968,45,1,1:37.810,200.629,Finished
11497,542,594,135,81,5,8,8,8,4,56,+56.198,6108752,18,9,1:39.739,\N,Finished
11498,542,335,140,44,18,9,9,9,2,56,+57.986,6110540,34,14,1:40.835,194.610,Finished
11499,542,377,83,27,9,10,10,10,1,56,+1:00.476,6113030,32,13,1:40.815,194.649,Finished
11500,542,566,6,31,13,11,11,11,0,56,+1:02.812,6115366,33,15,1:40.937,194.414,Finished
11501,542,11,212,23,14,12,12,12,0,56,+1:05.506,6118060,34,12,1:40.790,194.697,Finished
11502,542,290,6,10,15,13,13,13,0,56,+1:09.223,6121777,40,5,1:39.198,197.822,Finished
11503,542,842,172,24,16,14,14,14,0,56,+1:11.689,6124243,42,3,1:38.633,198.955,Finished
11504,542,739,12,18,11,15,15,15,0,56,+1:22.786,6135340,37,8,1:39.444,197.333,Finished
11505,542,483,83,20,17,16,16,16,0,56,+1:27.533,6140087,45,18,1:41.077,194.145,Finished
11506,542,677,212,2,20,17,17,17,0,56,+1:35.110,6147664,14,17,1:41.000,194.293,Finished
11507,542,642,166,3,12,18,R,18,0,33,\N,\N,16,16,1:40.994,194.304,Retired
11508,542,779,166,22,19,19,R,19,0,26,\N,\N,11,20,1:41.593,193.158,Retired
11509,542,102,172,77,10,20,R,20,0,19,\N,\N,11,19,1:41.276,193.763,Retired
11510,543,560,135,4,5,1,1,1,25,57,1:30:49.876,5449876,55,5,1:30.980,214.148,Finished
11511,543,792,169,1,1,2,2,2,18,57,+7.612,5457488,48,8,1:31.261,213.488,Finished
11512,543,445,73,16,2,3,3,3,15,57,+9.920,5459796,56,6,1:31.084,213.903,Finished
11513,543,622,169,11,4,4,4,4,12,57,+14.650,5464526,55,3,1:30.855,214.442,Finished
11514,543,672,73,55,3,5,5,5,10,57,+16.407,5466283,55,4,1:30.928,214.270,Finished
11515,543,335,140,44,8,6,6,6,8,57,+16.585,5466461,54,7,1:31.233,213.554,Finished
11516,543,779,166,22,10,7,7,7,6,57,+26.185,5476061,55,10,1:31.682,212.508,Finished
11517,543,663,140,63,7,8,8,8,4,57,+34.789,5484665,43,13,1:31.921,211.955,Finished
11518,543,17,12,14,15,9,9,9,2,57,+37.107,5486983,55,11,1:31.727,212.404,Finished
11519,543,566,6,31,13,10,10,10,1,57,+39.746,5489622,51,16,1:32.037,211.688,Finished
11520,543,377,83,27,9,11,11,11,0,57,+40.789,5490665,56,14,1:31.941,211.909,Finished
11521,543,290,6,10,12,12,12,12,0,57,+44.958,5494834,56,17,1:32.055,211.647,Finished
11522,543,594,135,81,6,13,13,13,0,57,+49.756,5499632,43,1,1:30.634,214.965,Finished
11523,543,842,172,24,19,14,14,14,0,57,+49.979,5499855,56,15,1:31.991,211.794,Finished
11524,543,642,166,3,20,15,15,15,0,57,+50.956,5500832,57,19,1:32.122,211.493,Finished
11525,543,102,172,77,16,16,16,16,0,57,+52.356,5502232,55,18,1:32.098,211.548,Finished
11526,543,739,12,18,11,17,17,17,0,57,+55.173,5505049,57,9,1:31.588,212.726,Finished
11527,543,11,212,23,14,18,18,18,0,57,+1:16.091,5525967,55,2,1:30.849,214.456,Finished
11528,543,483,83,20,18,19,19,19,0,57,+1:24.683,5534559,33,12,1:31.774,212.295,Finished
11529,543,677,212,2,17,20,R,20,0,27,\N,\N,15,20,1:33.452,208.483,Retired
11530,544,792,169,1,1,1,1,1,25,63,1:25:25.252,5125252,38,9,1:20.366,219.898,Finished
11531,544,560,135,4,2,2,2,2,18,63,+0.725,5125977,54,6,1:19.994,220.921,Finished
11532,544,445,73,16,3,3,3,3,15,63,+7.916,5133168,27,5,1:19.935,221.084,Finished
11533,544,594,135,81,5,4,4,4,12,63,+14.132,5139384,25,4,1:19.907,221.162,Finished
11534,544,672,73,55,4,5,5,5,10,63,+22.325,5147577,63,7,1:20.220,220.299,Finished
11535,544,335,140,44,8,6,6,6,8,63,+35.104,5160356,43,8,1:20.331,219.994,Finished
11536,544,663,140,63,6,7,7,7,7,63,+47.154,5172406,54,1,1:18.589,224.871,Finished
11537,544,622,169,11,11,8,8,8,4,63,+54.776,5180028,52,3,1:19.686,221.775,Finished
11538,544,739,12,18,13,9,9,9,2,63,+1:19.556,5204808,58,10,1:20.570,219.342,Finished
11539,544,779,166,22,7,10,10,10,1,62,+17.856,5143108,14,11,1:20.936,218.350,Lapped
11540,544,377,83,27,10,11,11,11,0,62,+25.277,5150529,3,20,1:21.700,216.308,Lapped
11541,544,483,83,20,18,12,12,12,0,62,+26.434,5151686,58,12,1:21.009,218.153,Lapped
11542,544,642,166,3,9,13,13,13,0,62,+27.661,5152913,13,19,1:21.569,216.655,Lapped
11543,544,566,6,31,12,14,14,14,0,62,+43.907,5169159,37,16,1:21.304,217.361,Lapped
11544,544,842,172,24,17,15,15,15,0,62,+44.933,5170185,37,13,1:21.016,218.134,Lapped
11545,544,290,6,10,15,16,16,16,0,62,+49.715,5174967,10,17,1:21.371,217.183,Lapped
11546,544,677,212,2,19,17,17,17,0,62,+51.051,5176303,55,14,1:21.229,217.562,Lapped
11547,544,102,172,77,16,18,18,18,0,62,+56.343,5181595,11,18,1:21.455,216.959,Lapped
11548,544,17,12,14,20,19,19,19,0,62,+1:15.124,5200376,62,2,1:19.004,223.689,Lapped
11549,544,11,212,23,14,20,R,20,0,51,\N,\N,48,15,1:21.274,217.442,Retired
11550,545,445,73,16,1,1,1,1,25,78,2:23:15.554,8595554,71,6,1:15.162,\N,Finished
11551,545,594,135,81,2,2,2,2,18,78,+7.152,8602706,73,11,1:16.281,\N,Finished
11552,545,672,73,55,3,3,3,3,15,78,+7.585,8603139,62,5,1:14.726,\N,Finished
11553,545,560,135,4,4,4,4,4,12,78,+8.650,8604204,64,10,1:15.742,\N,Finished
11554,545,663,140,63,5,5,5,5,10,78,+13.309,8608863,73,7,1:15.228,\N,Finished
11555,545,792,169,1,6,6,6,6,8,78,+13.853,8609407,58,2,1:14.569,\N,Finished
11556,545,335,140,44,7,7,7,7,7,78,+14.908,8610462,63,1,1:14.165,\N,Finished
11557,545,779,166,22,8,8,8,8,4,77,+39.487,8635041,77,4,1:14.720,\N,Lapped
11558,545,11,212,23,9,9,9,9,2,77,+54.052,8649606,77,14,1:17.060,\N,Lapped
11559,545,290,6,10,10,10,10,10,1,77,+1:00.241,8655795,77,9,1:15.625,\N,Lapped
11560,545,17,12,14,14,11,11,11,0,76,+3.854,8599408,68,16,1:17.939,\N,Lapped
11561,545,642,166,3,12,12,12,12,0,76,+4.264,8599818,46,15,1:17.172,\N,Lapped
11562,545,102,172,77,17,13,13,13,0,76,+4.488,8600042,17,12,1:16.561,\N,Lapped
11563,545,739,12,18,13,14,14,14,0,76,+5.967,8601521,59,13,1:16.710,\N,Lapped
11564,545,677,212,2,15,15,15,15,0,76,+9.026,8604580,62,8,1:15.525,\N,Lapped
11565,545,842,172,24,18,16,16,16,0,76,+55.260,8650814,75,3,1:14.718,\N,Lapped
11566,545,566,6,31,11,17,R,17,0,0,\N,\N,\N,\N,\N,\N,Retired
11567,545,622,169,11,16,18,R,18,0,0,\N,\N,\N,\N,\N,\N,Retired
11568,545,377,83,27,19,19,R,19,0,0,\N,\N,\N,\N,\N,\N,Retired
11569,545,483,83,20,20,20,R,20,0,0,\N,\N,\N,\N,\N,\N,Retired
11570,546,792,169,1,2,1,1,1,25,70,1:45:47.927,6347927,70,4,1:15.569,207.751,Finished
11571,546,560,135,4,3,2,2,2,18,70,+3.879,6351806,67,3,1:15.558,207.782,Finished
11572,546,663,140,63,1,3,3,3,15,70,+4.317,6352244,70,2,1:14.895,209.621,Finished
11573,546,335,140,44,7,4,4,4,13,70,+4.915,6352842,70,1,1:14.856,209.730,Finished
11574,546,594,135,81,4,5,5,5,10,70,+10.199,6358126,65,5,1:16.247,205.904,Finished
11575,546,17,12,14,6,6,6,6,8,70,+17.510,6365437,70,6,1:16.303,205.753,Finished
11576,546,739,12,18,9,7,7,7,6,70,+23.625,6371552,70,9,1:16.762,204.523,Finished
11577,546,642,166,3,5,8,8,8,4,70,+28.672,6376599,68,12,1:17.076,203.689,Finished
11578,546,290,6,10,15,9,9,9,2,70,+30.021,6377948,70,11,1:17.013,203.856,Finished
11579,546,566,6,31,18,10,10,10,1,70,+30.313,6378240,70,10,1:17.012,203.859,Finished
11580,546,377,83,27,17,11,11,11,0,70,+30.824,6378751,67,8,1:16.683,204.733,Finished
11581,546,483,83,20,14,12,12,12,0,70,+31.253,6379180,68,7,1:16.499,205.226,Finished
11582,546,102,172,77,19,13,13,13,0,70,+40.487,6388414,65,13,1:17.250,203.231,Finished
11583,546,779,166,22,8,14,14,14,0,70,+52.694,6400621,70,14,1:17.309,203.075,Finished
11584,546,842,172,24,20,15,15,15,0,69,+53.528,6401455,68,15,1:17.325,203.033,Lapped
11585,546,672,73,55,12,16,R,16,0,52,\N,\N,51,17,1:18.957,198.837,Retired
11586,546,11,212,23,10,17,R,17,0,52,\N,\N,51,18,1:19.359,197.830,Retired
11587,546,622,169,11,16,18,R,18,0,51,\N,\N,51,16,1:18.819,199.185,Retired
11588,546,445,73,16,11,19,R,19,0,40,\N,\N,39,19,1:26.012,182.528,Retired
11589,546,677,212,2,13,20,R,20,0,23,\N,\N,19,20,1:26.484,181.531,Retired
11590,547,792,169,1,2,1,1,1,25,66,1:28:20.227,5300227,54,2,1:17.776,215.557,Finished
11591,547,560,135,4,1,2,2,2,19,66,+2.219,5302446,51,1,1:17.115,217.405,Finished
11592,547,335,140,44,3,3,3,3,15,66,+17.790,5318017,46,4,1:17.809,215.466,Finished
11593,547,663,140,63,4,4,4,4,12,66,+22.320,5322547,50,7,1:18.290,214.142,Finished
11594,547,445,73,16,5,5,5,5,10,66,+22.709,5322936,52,6,1:17.897,215.222,Finished
11595,547,672,73,55,6,6,6,6,8,66,+31.028,5331255,39,9,1:18.539,213.463,Finished
11596,547,594,135,81,9,7,7,7,6,66,+33.760,5333987,56,5,1:17.874,215.286,Finished
11597,547,622,169,11,11,8,8,8,4,66,+59.524,5359751,51,3,1:17.785,215.532,Finished
11598,547,290,6,10,7,9,9,9,2,66,+1:02.025,5362252,51,13,1:19.045,212.096,Finished
11599,547,566,6,31,8,10,10,10,1,66,+1:11.889,5372116,54,12,1:18.982,212.266,Finished
11600,547,377,83,27,13,11,11,11,0,66,+1:19.215,5379442,49,10,1:18.609,213.273,Finished
11601,547,17,12,14,10,12,12,12,0,65,+9.497,5309724,50,8,1:18.334,214.022,Lapped
11602,547,842,172,24,15,13,13,13,0,65,+15.476,5315703,50,11,1:18.771,212.834,Lapped
11603,547,739,12,18,14,14,14,14,0,65,+25.252,5325479,50,15,1:19.318,211.366,Lapped
11604,547,642,166,3,18,15,15,15,0,65,+44.050,5344277,61,17,1:19.450,211.015,Lapped
11605,547,102,172,77,12,16,16,16,0,65,+53.313,5353540,13,18,1:19.608,210.596,Lapped
11606,547,483,83,20,16,17,17,17,0,65,+54.788,5355015,33,19,1:19.805,210.077,Lapped
11607,547,11,212,23,20,18,18,18,0,65,+58.149,5358376,45,14,1:19.132,211.863,Lapped
11608,547,779,166,22,17,19,19,19,0,65,+1:08.904,5369131,56,16,1:19.447,211.023,Lapped
11609,547,677,212,2,19,20,20,20,0,64,+4.866,5305093,38,20,1:20.172,209.115,Lapped
11610,548,663,140,63,3,1,1,1,25,71,1:24:22.798,5062798,48,5,1:09.164,224.752,Finished
11611,548,594,135,81,7,2,2,2,18,71,+1.906,5064704,56,4,1:08.697,226.280,Finished
11612,548,672,73,55,4,3,3,3,15,71,+4.533,5067331,56,6,1:09.282,224.369,Finished
11613,548,335,140,44,5,4,4,4,12,71,+23.142,5085940,61,7,1:09.562,223.466,Finished
11614,548,792,169,1,1,5,5,5,10,71,+37.253,5100051,68,2,1:07.719,229.548,Finished
11615,548,377,83,27,9,6,6,6,8,71,+54.088,5116886,51,14,1:10.215,221.388,Finished
11616,548,622,169,11,8,7,7,7,6,71,+54.672,5117470,56,11,1:09.694,223.043,Finished
11617,548,483,83,20,12,8,8,8,4,71,+1:00.355,5123153,45,12,1:10.125,221.672,Finished
11618,548,642,166,3,11,9,9,9,2,71,+1:01.169,5123967,49,18,1:10.426,220.725,Finished
11619,548,290,6,10,13,10,10,10,1,71,+1:01.766,5124564,45,9,1:09.609,223.315,Finished
11620,548,445,73,16,6,11,11,11,0,71,+1:07.056,5129854,55,8,1:09.584,223.396,Finished
11621,548,566,6,31,10,12,12,12,0,71,+1:08.325,5131123,45,10,1:09.649,223.187,Finished
11622,548,739,12,18,17,13,13,13,0,70,+10.234,5073032,54,13,1:10.143,221.615,Lapped
11623,548,779,166,22,14,14,14,14,0,70,+13.145,5075943,54,15,1:10.318,221.064,Lapped
11624,548,11,212,23,16,15,15,15,0,70,+15.866,5078664,41,16,1:10.364,220.919,Lapped
11625,548,102,172,77,18,16,16,16,0,70,+19.375,5082173,48,19,1:10.449,220.653,Lapped
11626,548,842,172,24,20,17,17,17,0,70,+44.882,5107680,54,20,1:10.470,220.587,Lapped
11627,548,17,12,14,15,18,18,18,0,70,+47.660,5110458,70,1,1:07.694,229.633,Lapped
11628,548,677,212,2,19,19,19,19,0,69,+6.309,5069107,60,17,1:10.406,220.788,Lapped
11629,548,560,135,4,2,20,20,20,0,64,,4596054,53,3,1:08.016,228.546,Lapped
11630,549,335,140,44,2,1,1,1,25,52,1:22:27.059,4947059,45,5,1:29.438,237.120,Finished
11631,549,792,169,1,4,2,2,2,18,52,+1.465,4948524,48,3,1:28.952,238.416,Finished
11632,549,560,135,4,3,3,3,3,15,52,+7.547,4954606,43,4,1:29.262,237.588,Finished
11633,549,594,135,81,5,4,4,4,12,52,+12.429,4959488,51,2,1:28.748,238.964,Finished
11634,549,672,73,55,7,5,5,5,11,52,+47.318,4994377,52,1,1:28.293,240.195,Finished
11635,549,377,83,27,6,6,6,6,8,52,+55.722,5002781,43,10,1:29.836,236.070,Finished
11636,549,739,12,18,8,7,7,7,6,52,+56.569,5003628,46,11,1:29.897,235.909,Finished
11637,549,17,12,14,10,8,8,8,4,52,+1:03.577,5010636,47,7,1:29.710,236.401,Finished
11638,549,11,212,23,9,9,9,9,2,52,+1:08.387,5015446,52,8,1:29.718,236.380,Finished
11639,549,779,166,22,13,10,10,10,1,52,+1:19.303,5026362,43,14,1:30.229,235.041,Finished
11640,549,677,212,2,12,11,11,11,0,52,+1:28.960,5036019,42,12,1:29.972,235.713,Finished
11641,549,483,83,20,17,12,12,12,0,52,+1:30.153,5037212,42,13,1:30.093,235.396,Finished
11642,549,642,166,3,15,13,13,13,0,51,+9.937,4956996,47,15,1:30.735,233.731,Lapped
11643,549,445,73,16,11,14,14,14,0,51,+40.473,4987532,43,9,1:29.748,236.301,Lapped
11644,549,102,172,77,16,15,15,15,0,51,+41.821,4988880,44,18,1:31.277,232.343,Lapped
11645,549,566,6,31,18,16,16,16,0,50,+10.682,4957741,46,16,1:30.875,233.371,Lapped
11646,549,622,169,11,20,17,17,17,0,50,+18.005,4965064,50,6,1:29.707,236.409,Lapped
11647,549,842,172,24,14,18,18,18,0,50,+54.476,5001535,43,17,1:31.014,233.014,Lapped
11648,549,663,140,63,1,19,R,19,0,33,\N,\N,3,19,1:31.298,232.289,Retired
11649,549,290,6,10,19,20,W,20,0,0,\N,\N,\N,\N,\N,\N,Did not start
11650,550,594,135,81,2,1,1,1,25,70,1:38:01.989,5881989,51,8,1:21.716,193.005,Finished
11651,550,560,135,4,1,2,2,2,18,70,+2.141,5884130,50,7,1:21.712,193.014,Finished
11652,550,335,140,44,5,3,3,3,15,70,+14.880,5896869,54,9,1:22.153,191.978,Finished
11653,550,445,73,16,6,4,4,4,12,70,+19.686,5901675,29,10,1:22.182,191.910,Finished
11654,550,792,169,1,3,5,5,5,10,70,+21.349,5903338,51,3,1:20.908,194.932,Finished
11655,550,672,73,55,4,6,6,6,8,70,+23.073,5905062,53,5,1:21.441,193.656,Finished
11656,550,622,169,11,16,7,7,7,6,70,+39.792,5921781,49,4,1:21.096,194.480,Finished
11657,550,663,140,63,17,8,8,8,5,70,+42.368,5924357,55,1,1:20.305,196.396,Finished
11658,550,779,166,22,10,9,9,9,2,70,+1:17.259,5959248,57,18,1:23.533,188.806,Finished
11659,550,739,12,18,8,10,10,10,1,70,+1:17.976,5959965,48,11,1:22.338,191.547,Finished
11660,550,17,12,14,7,11,11,11,0,70,+1:22.460,5964449,52,14,1:23.063,189.875,Finished
11661,550,642,166,3,9,12,12,12,0,69,+17.924,5899913,30,12,1:22.640,190.847,Lapped
11662,550,377,83,27,11,13,13,13,0,69,+33.184,5915173,54,16,1:23.461,188.969,Lapped
11663,550,11,212,23,13,14,14,14,0,69,+36.769,5918758,31,20,1:23.930,187.913,Lapped
11664,550,483,83,20,15,15,15,15,0,69,+45.302,5927291,50,19,1:23.553,188.761,Lapped
11665,550,102,172,77,12,16,16,16,0,69,+45.409,5927398,52,13,1:22.792,190.496,Lapped
11666,550,677,212,2,14,17,17,17,0,69,+52.591,5934580,65,2,1:20.561,195.772,Lapped
11667,550,566,6,31,19,18,18,18,0,69,+1:00.929,5942918,66,6,1:21.610,193.255,Lapped
11668,550,842,172,24,18,19,19,19,0,69,+1:03.598,5945587,38,17,1:23.487,188.910,Lapped
11669,550,290,6,10,20,20,R,20,0,33,\N,\N,31,15,1:23.340,189.244,Retired
11670,551,335,140,44,3,1,1,1,25,44,1:19:57.566,4797566,33,6,1:46.653,236.415,Finished
11671,551,594,135,81,5,2,2,2,18,44,+0.647,4798213,32,3,1:45.840,238.231,Finished
11672,551,445,73,16,1,3,3,3,15,44,+8.023,4805589,33,8,1:47.013,235.619,Finished
11673,551,792,169,1,11,4,4,4,12,44,+8.700,4806266,32,4,1:46.128,237.584,Finished
11674,551,560,135,4,4,5,5,5,10,44,+9.324,4806890,31,2,1:45.563,238.856,Finished
11675,551,672,73,55,7,6,6,6,8,44,+19.269,4816835,44,5,1:46.364,237.057,Finished
11676,551,622,169,11,2,7,7,7,7,44,+42.669,4840235,44,1,1:44.701,240.822,Finished
11677,551,17,12,14,8,8,8,8,4,44,+49.437,4847003,42,17,1:48.051,233.356,Finished
11678,551,566,6,31,9,9,9,9,2,44,+52.026,4849592,43,7,1:46.957,235.743,Finished
11679,551,642,166,3,13,10,10,10,1,44,+54.400,4851966,37,12,1:47.435,234.694,Finished
11680,551,739,12,18,15,11,11,11,0,44,+1:02.485,4860051,44,18,1:48.105,233.239,Finished
11681,551,11,212,23,10,12,12,12,0,44,+1:03.125,4860691,44,16,1:47.996,233.475,Finished
11682,551,290,6,10,12,13,13,13,0,44,+1:03.839,4861405,30,11,1:47.418,234.731,Finished
11683,551,483,83,20,17,14,14,14,0,44,+1:06.105,4863671,44,14,1:47.848,233.795,Finished
11684,551,102,172,77,14,15,15,15,0,44,+1:10.112,4867678,37,9,1:47.019,235.606,Finished
11685,551,779,166,22,20,16,16,16,0,44,+1:16.211,4873777,44,15,1:47.969,233.533,Finished
11686,551,677,212,2,18,17,17,17,0,44,+1:25.531,4883097,43,13,1:47.490,234.574,Finished
11687,551,377,83,27,16,18,18,18,0,44,+1:28.307,4885873,44,19,1:48.954,231.422,Finished
11688,551,842,172,24,19,19,R,19,0,5,\N,\N,2,20,1:52.099,224.929,Retired
11689,551,663,140,63,6,20,20,20,0,44,,4797040,44,10,1:47.113,235.399,Disqualified
11690,552,560,135,4,1,1,1,1,26,72,1:30:45.519,5445519,72,1,1:13.817,207.708,Finished
11691,552,792,169,1,2,2,2,2,18,72,+22.896,5468415,30,9,1:14.752,205.110,Finished
11692,552,445,73,16,6,3,3,3,15,72,+25.439,5470958,62,7,1:14.585,205.569,Finished
11693,552,594,135,81,3,4,4,4,12,72,+27.337,5472856,36,5,1:14.237,206.533,Finished
11694,552,672,73,55,10,5,5,5,10,72,+32.137,5477656,40,4,1:14.117,206.867,Finished
11695,552,622,169,11,5,6,6,6,8,72,+39.542,5485061,69,8,1:14.587,205.563,Finished
11696,552,663,140,63,4,7,7,7,6,72,+44.617,5490136,57,3,1:13.927,207.399,Finished
11697,552,335,140,44,14,8,8,8,4,72,+49.599,5495118,62,2,1:13.878,207.536,Finished
11698,552,290,6,10,9,9,9,9,2,71,+8.604,5454123,54,11,1:14.855,204.828,Lapped
11699,552,17,12,14,7,10,10,10,1,71,+13.533,5459052,34,10,1:14.758,205.093,Lapped
11700,552,377,83,27,12,11,11,11,0,71,+19.214,5464733,59,18,1:15.657,202.656,Lapped
11701,552,642,166,3,13,12,12,12,0,71,+21.067,5466586,52,13,1:15.222,203.828,Lapped
11702,552,739,12,18,8,13,13,13,0,71,+25.712,5471231,51,14,1:15.255,203.739,Lapped
11703,552,11,212,23,19,14,14,14,0,71,+40.711,5486230,71,6,1:14.434,205.986,Lapped
11704,552,566,6,31,15,15,15,15,0,71,+46.878,5492397,50,15,1:15.390,203.374,Lapped
11705,552,677,212,2,18,16,16,16,0,71,+1:04.539,5510058,26,16,1:15.539,202.973,Lapped
11706,552,779,166,22,11,17,17,17,0,71,+1:05.146,5510665,16,17,1:15.552,202.938,Lapped
11707,552,483,83,20,20,18,18,18,0,71,+1:05.707,5511226,42,12,1:14.954,204.557,Lapped
11708,552,102,172,77,16,19,19,19,0,70,+3.248,5448767,45,20,1:15.822,202.215,Lapped
11709,552,842,172,24,17,20,20,20,0,70,+36.019,5481538,67,19,1:15.724,202.477,Lapped
11710,553,445,73,16,4,1,1,1,25,53,1:14:40.727,4480727,33,10,1:23.226,250.580,Finished
11711,553,594,135,81,2,2,2,2,18,53,+2.664,4483391,53,4,1:21.943,254.503,Finished
11712,553,560,135,4,1,3,3,3,16,53,+6.153,4486880,53,1,1:21.432,256.100,Finished
11713,553,672,73,55,5,4,4,4,12,53,+15.621,4496348,53,9,1:23.219,250.601,Finished
11714,553,335,140,44,6,5,5,5,10,53,+22.820,4503547,53,2,1:21.512,255.849,Finished
11715,553,792,169,1,7,6,6,6,8,53,+37.932,4518659,43,3,1:21.745,255.120,Finished
11716,553,663,140,63,3,7,7,7,6,53,+39.715,4520442,49,5,1:22.036,254.215,Finished
11717,553,622,169,11,8,8,8,8,4,53,+54.148,4534875,47,8,1:22.971,251.350,Finished
11718,553,11,212,23,9,9,9,9,2,53,+1:07.456,4548183,53,16,1:23.918,248.514,Finished
11719,553,483,83,20,13,10,10,10,1,53,+1:08.302,4549029,51,12,1:23.437,249.946,Finished
11720,553,17,12,14,11,11,11,11,0,53,+1:08.495,4549222,46,7,1:22.944,251.432,Finished
11721,553,174,212,43,18,12,12,12,0,53,+1:21.308,4562035,53,14,1:23.728,249.077,Finished
11722,553,642,166,3,12,13,13,13,0,53,+1:33.452,4574179,52,17,1:24.219,247.625,Finished
11723,553,566,6,31,15,14,14,14,0,52,+12.659,4493386,52,18,1:24.343,247.261,Lapped
11724,553,290,6,10,14,15,15,15,0,52,+18.344,4499071,51,15,1:23.755,248.997,Lapped
11725,553,102,172,77,19,16,16,16,0,52,+27.211,4507938,52,13,1:23.609,249.432,Lapped
11726,553,377,83,27,10,17,17,17,0,52,+30.870,4511597,44,11,1:23.275,250.432,Lapped
11727,553,842,172,24,20,18,18,18,0,52,+40.055,4520782,17,19,1:25.092,245.085,Lapped
11728,553,739,12,18,17,19,19,19,0,52,+43.508,4524235,52,6,1:22.232,253.609,Lapped
11729,553,779,166,22,16,20,R,20,0,7,\N,\N,4,20,1:26.198,241.940,Retired
11730,554,594,135,81,2,1,1,1,25,51,1:32:58.007,5578007,47,9,1:47.060,201.856,Finished
11731,554,445,73,16,1,2,2,2,18,51,+10.910,5588917,44,10,1:47.067,201.843,Finished
11732,554,663,140,63,5,3,3,3,15,51,+31.328,5609335,45,2,1:46.628,202.674,Finished
11733,554,560,135,4,15,4,4,4,13,51,+36.143,5614150,42,1,1:45.255,205.318,Finished
11734,554,792,169,1,6,5,5,5,10,51,+1:17.098,5655105,42,3,1:46.798,202.352,Finished
11735,554,17,12,14,7,6,6,6,8,51,+1:25.468,5663475,48,8,1:47.057,201.862,Finished
11736,554,11,212,23,9,7,7,7,6,51,+1:27.396,5665403,43,5,1:46.947,202.070,Finished
11737,554,174,212,43,8,8,8,8,4,51,+1:29.541,5667548,44,12,1:47.274,201.454,Finished
11738,554,335,140,44,19,9,9,9,2,51,+1:32.401,5670408,48,11,1:47.236,201.525,Finished
11739,554,60,83,50,10,10,10,10,1,51,+1:33.127,5671134,47,7,1:47.048,201.879,Finished
11740,554,377,83,27,12,11,11,11,0,51,+1:33.465,5671472,42,14,1:47.691,200.674,Finished
11741,554,290,6,10,18,12,12,12,0,51,+1:57.189,5695196,47,15,1:48.018,200.066,Finished
11742,554,642,166,3,14,13,13,13,0,51,+2:26.907,5724914,39,17,1:48.380,199.398,Finished
11743,554,842,172,24,17,14,14,14,0,51,+2:28.841,5726848,43,13,1:47.644,200.761,Finished
11744,554,566,6,31,20,15,15,15,0,50,+21.344,5599351,35,19,1:48.831,198.572,Lapped
11745,554,102,172,77,16,16,16,16,0,50,+25.395,5603402,41,18,1:48.418,199.328,Lapped
11746,554,622,169,11,4,17,17,17,0,49,,5321198,46,6,1:47.013,201.945,Retired
11747,554,672,73,55,3,18,18,18,0,49,,5321768,46,4,1:46.866,202.223,Retired
11748,554,739,12,18,13,19,19,19,0,45,,5001080,31,16,1:48.148,199.826,Retired
11749,554,779,166,22,11,20,R,20,0,14,\N,\N,8,20,1:50.887,194.890,Retired
11750,555,560,135,4,1,1,1,1,25,62,1:40:52.571,6052571,48,2,1:34.925,187.347,Finished
11751,555,792,169,1,2,2,2,2,18,62,+20.945,6073516,59,5,1:35.967,185.313,Finished
11752,555,594,135,81,5,3,3,3,15,62,+41.823,6094394,48,4,1:35.745,185.743,Finished
11753,555,663,140,63,4,4,4,4,12,62,+1:01.040,6113611,30,10,1:37.047,183.251,Finished
11754,555,445,73,16,9,5,5,5,10,62,+1:02.430,6115001,46,3,1:35.371,186.471,Finished
11755,555,335,140,44,3,6,6,6,8,62,+1:25.248,6137819,43,12,1:37.393,182.600,Finished
11756,555,672,73,55,10,7,7,7,6,62,+1:36.039,6148610,15,7,1:36.561,184.173,Finished
11757,555,17,12,14,7,8,8,8,4,61,+0.873,6053444,54,18,1:37.741,181.950,Lapped
11758,555,377,83,27,6,9,9,9,2,61,+3.140,6055711,35,15,1:37.470,182.456,Lapped
11759,555,622,169,11,13,10,10,10,1,61,+4.624,6057195,33,16,1:37.477,182.443,Lapped
11760,555,174,212,43,12,11,11,11,0,61,+6.284,6058855,35,11,1:37.262,182.846,Lapped
11761,555,779,166,22,8,12,12,12,0,61,+8.792,6061363,53,6,1:36.393,184.494,Lapped
11762,555,566,6,31,15,13,13,13,0,61,+44.005,6096576,48,20,1:37.964,181.536,Lapped
11763,555,739,12,18,17,14,14,14,0,61,+47.571,6100142,36,19,1:37.851,181.745,Lapped
11764,555,842,172,24,20,15,15,15,0,61,+57.220,6109791,47,14,1:37.461,182.472,Lapped
11765,555,102,172,77,19,16,16,16,0,61,+57.829,6110400,46,17,1:37.524,182.355,Lapped
11766,555,290,6,10,18,17,17,17,0,61,+59.059,6111630,46,9,1:36.927,183.478,Lapped
11767,555,642,166,3,16,18,18,18,0,61,+1:29.796,6142367,60,1,1:34.486,188.218,Lapped
11768,555,483,83,20,14,19,19,19,0,57,,5811906,52,13,1:37.425,182.540,Retired
11769,555,11,212,23,11,20,R,20,0,15,\N,\N,13,8,1:36.888,183.552,Retired
11770,556,445,73,16,4,1,1,1,25,56,1:35:09.639,5709639,39,6,1:37.834,202.861,Finished
11771,556,672,73,55,3,2,2,2,18,56,+8.562,5718201,42,5,1:37.763,203.009,Finished
11772,556,792,169,1,2,3,3,3,15,56,+19.412,5729051,42,9,1:38.117,202.276,Finished
11773,556,560,135,4,1,4,4,4,12,56,+20.354,5729993,55,4,1:37.679,203.183,Finished
11774,556,594,135,81,5,5,5,5,10,56,+21.921,5731560,42,7,1:37.883,202.760,Finished
11775,556,663,140,63,20,6,6,6,8,56,+56.295,5765934,42,3,1:37.656,203.231,Finished
11776,556,622,169,11,9,7,7,7,6,56,+59.072,5768711,45,13,1:38.514,201.461,Finished
11777,556,377,83,27,11,8,8,8,4,56,+1:02.957,5772596,51,12,1:38.404,201.686,Finished
11778,556,444,166,30,19,9,9,9,2,56,+1:10.563,5780202,54,8,1:38.091,202.330,Finished
11779,556,174,212,43,15,10,10,10,1,56,+1:11.979,5781618,46,2,1:37.611,203.325,Finished
11780,556,483,83,20,8,11,11,11,0,56,+1:19.782,5789421,56,10,1:38.210,202.085,Finished
11781,556,290,6,10,6,12,12,12,0,56,+1:30.558,5800197,55,11,1:38.311,201.877,Finished
11782,556,17,12,14,7,13,13,13,0,55,+1.726,5711365,52,17,1:39.261,199.945,Lapped
11783,556,779,166,22,10,14,14,14,0,55,+8.212,5717851,54,15,1:39.193,200.082,Lapped
11784,556,739,12,18,13,15,15,15,0,55,+16.983,5726622,54,16,1:39.214,200.040,Lapped
11785,556,11,212,23,14,16,16,16,0,55,+18.092,5727731,54,14,1:39.084,200.302,Lapped
11786,556,102,172,77,16,17,17,17,0,55,+34.333,5743972,53,19,1:40.575,197.333,Lapped
11787,556,566,6,31,12,18,18,18,0,55,+42.112,5751751,53,1,1:37.330,203.912,Lapped
11788,556,842,172,24,18,19,19,19,0,55,+49.240,5758879,53,18,1:39.272,199.923,Lapped
11789,556,335,140,44,17,20,R,20,0,1,\N,\N,\N,\N,\N,\N,Retired
11790,557,672,73,55,1,1,1,1,25,71,1:40:55.800,6055800,62,7,1:20.137,193.348,Finished
11791,557,560,135,4,3,2,2,2,18,71,+4.705,6060505,68,4,1:19.691,194.430,Finished
11792,557,445,73,16,4,3,3,3,16,71,+34.387,6090187,71,1,1:18.336,197.794,Finished
11793,557,335,140,44,6,4,4,4,12,71,+44.780,6100580,31,8,1:20.371,192.785,Finished
11794,557,663,140,63,5,5,5,5,10,71,+48.536,6104336,63,11,1:20.731,191.926,Finished
11795,557,792,169,1,2,6,6,6,8,71,+59.558,6115358,53,13,1:20.872,191.591,Finished
11796,557,483,83,20,7,7,7,7,6,71,+1:03.642,6119442,61,9,1:20.637,192.150,Finished
11797,557,594,135,81,17,8,8,8,4,71,+1:04.928,6120728,65,5,1:20.064,193.525,Finished
11798,557,377,83,27,10,9,9,9,2,70,+2.720,6058520,69,12,1:20.748,191.885,Lapped
11799,557,290,6,10,8,10,10,10,1,70,+18.587,6074387,67,15,1:21.274,190.643,Lapped
11800,557,739,12,18,14,11,11,11,0,70,+25.072,6080872,55,16,1:21.311,190.557,Lapped
11801,557,174,212,43,16,12,12,12,0,70,+37.497,6093297,50,6,1:20.090,193.462,Lapped
11802,557,566,6,31,0,13,13,13,0,70,+39.663,6095463,70,10,1:20.659,192.097,Lapped
11803,557,102,172,77,15,14,14,14,0,70,+42.227,6098027,57,14,1:21.085,191.088,Lapped
11804,557,842,172,24,19,15,15,15,0,70,+1:01.722,6117522,56,17,1:21.553,189.991,Lapped
11805,557,444,166,30,12,16,16,16,0,70,+1:04.466,6120266,67,3,1:19.502,194.893,Lapped
11806,557,622,169,11,18,17,17,17,0,70,+1:13.284,6129084,70,2,1:19.209,195.614,Lapped
11807,557,17,12,14,13,18,R,18,0,15,\N,\N,7,18,1:22.722,187.306,Retired
11808,557,11,212,23,9,19,R,19,0,0,\N,\N,\N,\N,\N,\N,Retired
11809,557,779,166,22,11,20,R,20,0,0,\N,\N,\N,\N,\N,\N,Retired
11810,558,792,169,1,17,1,1,1,26,69,2:06:54.430,7614430,67,1,1:20.472,192.767,Finished
11811,558,566,6,31,4,2,2,2,18,69,+19.477,7633907,64,7,1:21.771,189.705,Finished
11812,558,290,6,10,13,3,3,3,15,69,+22.532,7636962,66,5,1:21.645,189.998,Finished
11813,558,663,140,63,2,4,4,4,12,69,+23.265,7637695,66,6,1:21.645,189.998,Finished
11814,558,445,73,16,6,5,5,5,10,69,+30.177,7644607,60,4,1:21.631,190.030,Finished
11815,558,560,135,4,1,6,6,6,8,69,+31.372,7645802,67,2,1:21.517,190.296,Finished
11816,558,779,166,22,3,7,7,7,6,69,+42.056,7656486,69,8,1:21.828,189.573,Finished
11817,558,594,135,81,8,8,8,8,4,69,+44.943,7659373,69,3,1:21.532,190.261,Finished
11818,558,444,166,30,5,9,9,9,2,69,+50.452,7664882,67,10,1:22.123,188.892,Finished
11819,558,335,140,44,14,10,10,10,1,69,+50.753,7665183,69,9,1:22.041,189.081,Finished
11820,558,622,169,11,12,11,11,11,0,69,+51.531,7665961,67,11,1:22.143,188.846,Finished
11821,558,60,83,50,15,12,12,12,0,69,+57.085,7671515,64,13,1:22.494,188.042,Finished
11822,558,102,172,77,11,13,13,13,0,69,+1:03.588,7678018,67,14,1:22.877,187.173,Finished
11823,558,17,12,14,9,14,14,14,0,69,+1:18.049,7692479,59,12,1:22.293,188.502,Finished
11824,558,842,172,24,19,15,15,15,0,69,+1:19.649,7694079,65,15,1:23.058,186.765,Finished
11825,558,672,73,55,20,16,R,16,0,38,\N,\N,19,16,1:24.201,184.230,Retired
11826,558,174,212,43,16,17,R,17,0,30,\N,\N,21,17,1:24.296,184.022,Retired
11827,558,11,212,23,7,18,W,18,0,0,\N,\N,\N,\N,\N,\N,Did not start
11828,558,739,12,18,10,19,W,19,0,0,\N,\N,\N,\N,\N,\N,Did not start
11829,558,377,83,27,18,20,D,20,0,0,\N,\N,\N,\N,\N,\N,Disqualified
11830,559,663,140,63,1,1,1,1,25,50,1:22:05.969,4925969,46,4,1:35.717,233.225,Finished
11831,559,335,140,44,10,2,2,2,18,50,+7.313,4933282,41,2,1:35.480,233.803,Finished
11832,559,672,73,55,2,3,3,3,15,50,+11.906,4937875,44,5,1:35.875,232.840,Finished
11833,559,445,73,16,4,4,4,4,12,50,+14.283,4940252,40,3,1:35.674,233.329,Finished
11834,559,792,169,1,5,5,5,5,10,50,+16.582,4942551,43,6,1:36.248,231.938,Finished
11835,559,560,135,4,6,6,6,6,9,50,+43.385,4969354,50,1,1:34.876,235.292,Finished
11836,559,594,135,81,8,7,7,7,6,50,+51.365,4977334,44,13,1:36.598,231.097,Finished
11837,559,377,83,27,9,8,8,8,4,50,+59.808,4985777,48,12,1:36.585,231.129,Finished
11838,559,779,166,22,7,9,9,9,2,50,+1:02.808,4988777,48,16,1:36.957,230.242,Finished
11839,559,622,169,11,15,10,10,10,1,50,+1:03.114,4989083,42,8,1:36.326,231.750,Finished
11840,559,17,12,14,16,11,11,11,0,50,+1:09.195,4995164,39,10,1:36.553,231.205,Finished
11841,559,483,83,20,12,12,12,12,0,50,+1:09.803,4995772,49,11,1:36.557,231.196,Finished
11842,559,842,172,24,13,13,13,13,0,50,+1:14.085,5000054,46,7,1:36.324,231.755,Finished
11843,559,174,212,43,20,14,14,14,0,50,+1:15.172,5001141,37,15,1:36.867,230.456,Finished
11844,559,739,12,18,18,15,15,15,0,50,+1:24.102,5010071,43,18,1:37.179,229.716,Finished
11845,559,444,166,30,14,16,16,16,0,50,+1:31.005,5016974,45,17,1:36.980,230.187,Finished
11846,559,566,6,31,11,17,17,17,0,49,+2.060,4928029,47,9,1:36.511,231.306,Lapped
11847,559,102,172,77,19,18,18,18,0,49,+11.285,4937254,46,14,1:36.601,231.090,Lapped
11848,559,11,212,23,17,19,R,19,0,25,\N,\N,21,19,1:38.008,227.773,Retired
11849,559,290,6,10,3,20,R,20,0,15,\N,\N,13,20,1:38.314,227.064,Retired
11850,560,792,169,1,2,1,1,1,25,57,1:31:05.323,5465323,55,2,1:22.905,235.310,Finished
11851,560,445,73,16,5,2,2,2,18,57,+6.031,5471354,53,4,1:23.242,234.357,Finished
11852,560,594,135,81,4,3,3,3,15,57,+6.819,5472142,51,3,1:23.218,234.425,Finished
11853,560,663,140,63,1,4,4,4,12,57,+14.104,5479427,50,5,1:23.355,234.039,Finished
11854,560,290,6,10,11,5,5,5,10,57,+16.782,5482105,56,8,1:23.705,233.061,Finished
11855,560,672,73,55,7,6,6,6,8,57,+17.476,5482799,52,6,1:23.465,233.731,Finished
11856,560,17,12,14,8,7,7,7,6,57,+19.867,5485190,57,7,1:23.667,233.167,Finished
11857,560,842,172,24,12,8,8,8,4,57,+25.360,5490683,57,10,1:23.889,232.550,Finished
11858,560,483,83,20,10,9,9,9,2,57,+32.177,5497500,55,11,1:24.259,231.528,Finished
11859,560,560,135,4,3,10,10,10,2,57,+35.762,5501085,56,1,1:22.384,236.798,Finished
11860,560,102,172,77,13,11,11,11,0,57,+50.243,5515566,53,13,1:25.533,228.080,Finished
11861,560,335,140,44,6,12,12,12,0,57,+56.122,5521445,52,9,1:23.865,232.616,Finished
11862,560,779,166,22,14,13,13,13,0,57,+1:01.100,5526423,47,17,1:26.144,226.462,Finished
11863,560,444,166,30,17,14,14,14,0,57,+1:02.656,5527979,46,16,1:26.076,226.641,Finished
11864,560,11,212,23,16,15,15,15,0,56,+12.969,5478292,47,14,1:25.559,228.011,Lapped
11865,560,377,83,27,18,16,R,16,0,39,\N,\N,33,15,1:25.767,227.458,Retired
11866,560,622,169,11,9,17,R,17,0,38,\N,\N,31,12,1:25.288,228.735,Retired
11867,560,739,12,18,15,18,R,18,0,8,\N,\N,6,18,1:30.935,214.531,Retired
11868,560,174,212,43,19,19,R,19,0,0,\N,\N,\N,\N,\N,\N,Retired
11869,560,566,6,31,20,20,R,20,0,0,\N,\N,\N,\N,\N,\N,Retired
11870,561,560,135,4,1,1,1,1,25,58,1:26:33.291,5193291,52,3,1:27.438,217.429,Finished
11871,561,672,73,55,3,2,2,2,18,58,+5.832,5199123,55,5,1:27.765,216.619,Finished
11872,561,445,73,16,19,3,3,3,15,58,+31.928,5225219,51,9,1:28.018,215.996,Finished
11873,561,335,140,44,16,4,4,4,12,58,+36.483,5229774,44,2,1:27.278,217.828,Finished
11874,561,663,140,63,6,5,5,5,10,58,+37.538,5230829,56,10,1:28.195,215.563,Finished
11875,561,792,169,1,4,6,6,6,8,58,+49.847,5243138,56,6,1:27.765,216.619,Finished
11876,561,290,6,10,5,7,7,7,6,58,+1:12.560,5265851,30,16,1:29.251,213.012,Finished
11877,561,377,83,27,7,8,8,8,4,58,+1:15.554,5268845,17,14,1:29.152,213.249,Finished
11878,561,17,12,14,8,9,9,9,2,58,+1:22.373,5275664,51,7,1:27.948,216.168,Finished
11879,561,594,135,81,2,10,10,10,1,58,+1:23.821,5277112,51,4,1:27.690,216.804,Finished
11880,561,11,212,23,18,11,11,11,0,57,+11.251,5204542,46,18,1:29.438,212.567,Lapped
11881,561,779,166,22,11,12,12,12,0,57,+14.738,5208029,41,15,1:29.200,213.134,Lapped
11882,561,842,172,24,15,13,13,13,0,57,+17.304,5210595,56,8,1:27.982,216.085,Lapped
11883,561,739,12,18,13,14,14,14,0,57,+18.473,5211764,42,11,1:28.604,214.568,Lapped
11884,561,212,6,61,17,15,15,15,0,57,+26.555,5219846,56,13,1:29.121,213.323,Lapped
11885,561,483,83,20,14,16,16,16,0,57,+1:17.597,5270888,57,1,1:25.637,222.002,Lapped
11886,561,444,166,30,12,17,17,17,0,55,,5076949,52,12,1:28.751,214.212,Retired
11887,561,102,172,77,9,18,R,18,0,30,\N,\N,14,19,1:29.482,212.462,Retired
11888,561,174,212,43,20,19,R,19,0,26,\N,\N,5,17,1:29.411,212.631,Retired
11889,561,622,169,11,10,20,R,20,0,0,\N,\N,\N,\N,\N,\N,Retired
11890,562,560,135,4,1,1,1,1,25,57,1:42:06.304,6126304,43,1,1:22.167,\N,Finished
11891,562,792,169,1,3,2,2,2,18,57,+0.895,6127199,43,3,1:23.081,\N,Finished
11892,562,663,140,63,4,3,3,3,15,57,+8.481,6134785,43,11,1:25.065,\N,Finished
11893,562,27,140,12,16,4,4,4,12,57,+10.135,6136439,43,9,1:24.901,\N,Finished
11894,562,11,212,23,6,5,5,5,10,57,+12.773,6139077,43,8,1:24.597,\N,Finished
11895,562,739,12,18,13,6,6,6,8,57,+17.413,6143717,43,14,1:25.538,\N,Finished
11896,562,377,172,27,17,7,7,7,6,57,+18.423,6144727,43,12,1:25.243,\N,Finished
11897,562,445,73,16,7,8,8,8,4,57,+19.826,6146130,43,13,1:25.271,\N,Finished
11898,562,594,135,81,2,9,9,9,2,57,+20.448,6146752,43,4,1:23.242,\N,Finished
11899,562,335,73,44,8,10,10,10,1,57,+22.473,6148777,43,7,1:24.218,\N,Finished
11900,562,290,6,10,9,11,11,11,0,57,+26.502,6152806,43,10,1:25.020,\N,Finished
11901,562,779,166,22,5,12,12,12,0,57,+29.884,6156188,43,6,1:24.194,\N,Finished
11902,562,566,83,31,19,13,13,13,0,57,+33.161,6159465,42,15,1:26.764,\N,Finished
11903,562,60,83,87,20,14,14,14,0,57,+40.351,6166655,42,16,1:27.603,\N,Finished
11904,562,444,169,30,18,15,R,15,0,46,\N,\N,43,2,1:22.970,\N,Retired
11905,562,100,172,5,15,16,R,16,0,45,\N,\N,43,5,1:24.192,\N,Retired
11906,562,17,12,14,12,17,R,17,0,32,\N,\N,32,17,1:28.819,\N,Retired
11907,562,672,212,55,10,18,R,18,0,0,\N,\N,\N,\N,\N,\N,Retired
11908,562,212,6,7,14,19,R,19,0,0,\N,\N,\N,\N,\N,\N,Retired
11909,562,329,166,6,11,20,R,20,0,0,\N,\N,\N,\N,\N,\N,Retired
11910,563,594,135,81,1,1,1,1,25,56,1:30:55.026,5455026,53,3,1:35.520,\N,Finished
11911,563,560,135,4,3,2,2,2,18,56,+9.748,5464774,53,1,1:35.454,\N,Finished
11912,563,663,140,63,2,3,3,3,15,56,+11.097,5466123,55,5,1:35.816,\N,Finished
11913,563,792,169,1,4,4,4,4,12,56,+16.656,5471682,56,2,1:35.488,\N,Finished
11914,563,566,83,31,11,5,5,5,10,56,+49.969,5504995,56,4,1:35.740,\N,Finished
11915,563,27,140,12,8,6,6,6,8,56,+53.748,5508774,56,11,1:36.046,\N,Finished
11916,563,11,212,23,10,7,7,7,6,56,+56.321,5511347,52,12,1:36.254,\N,Finished
11917,563,60,83,87,17,8,8,8,4,56,+1:01.303,5516329,52,13,1:36.363,\N,Finished
11918,563,739,12,18,14,9,9,9,2,56,+1:10.204,5525230,39,10,1:36.044,\N,Finished
11919,563,672,212,55,15,10,10,10,1,56,+1:16.387,5531413,50,15,1:36.779,\N,Finished
11920,563,329,166,6,7,11,11,11,0,56,+1:18.875,5533901,35,6,1:35.868,\N,Finished
11921,563,444,169,30,20,12,12,12,0,56,+1:21.147,5536173,32,9,1:35.985,\N,Finished
11922,563,212,6,7,18,13,13,13,0,56,+1:28.401,5543427,52,14,1:36.424,\N,Finished
11923,563,100,172,5,19,14,14,14,0,55,+10.756,5465782,28,8,1:35.874,\N,Lapped
11924,563,377,172,27,12,15,15,15,0,55,+20.226,5475252,35,16,1:37.275,\N,Lapped
11925,563,779,166,22,9,16,16,16,0,55,+23.511,5478537,49,7,1:35.871,\N,Lapped
11926,563,17,12,14,13,17,R,17,0,4,\N,\N,3,17,1:39.256,\N,Retired
11927,563,445,73,16,6,18,D,18,0,0,\N,\N,\N,\N,\N,\N,Disqualified
11928,563,335,73,44,5,19,D,19,0,0,\N,\N,\N,\N,\N,\N,Disqualified
11929,563,290,6,10,16,20,D,20,0,0,\N,\N,\N,\N,\N,\N,Disqualified
11930,564,792,169,1,1,1,1,1,25,53,1:22:06.983,4926983,52,3,1:31.041,\N,Finished
11931,564,560,135,4,2,2,2,2,18,53,+1.423,4928406,51,5,1:31.116,\N,Finished
11932,564,594,135,81,3,3,3,3,15,53,+2.129,4929112,53,2,1:31.039,\N,Finished
11933,564,445,73,16,4,4,4,4,12,53,+16.097,4943080,47,10,1:31.469,\N,Finished
11934,564,663,140,63,5,5,5,5,10,53,+17.362,4944345,51,8,1:31.357,\N,Finished
11935,564,27,140,12,6,6,6,6,8,53,+18.671,4945654,50,1,1:30.965,\N,Finished
11936,564,335,73,44,8,7,7,7,6,53,+29.182,4956165,51,9,1:31.406,\N,Finished
11937,564,329,166,6,7,8,8,8,4,53,+37.134,4964117,52,7,1:31.317,\N,Finished
11938,564,11,212,23,9,9,9,9,2,53,+40.367,4967350,52,6,1:31.125,\N,Finished
11939,564,60,83,87,10,10,10,10,1,53,+54.529,4981512,49,15,1:32.006,\N,Finished
11940,564,17,12,14,12,11,11,11,0,53,+57.333,4984316,51,11,1:31.770,\N,Finished
11941,564,779,169,22,14,12,12,12,0,53,+58.401,4985384,51,13,1:31.871,\N,Finished
11942,564,290,6,10,11,13,13,13,0,53,+1:02.122,4989105,52,12,1:31.820,\N,Finished
11943,564,672,212,55,15,14,14,14,0,53,+1:14.129,5001112,36,4,1:31.106,\N,Finished
11944,564,212,6,7,19,15,15,15,0,53,+1:21.314,5008297,47,20,1:32.685,\N,Finished
11945,564,377,172,27,16,16,16,16,0,53,+1:21.957,5008940,31,19,1:32.572,\N,Finished
11946,564,444,166,30,13,17,17,17,0,53,+1:22.734,5009717,39,17,1:32.043,\N,Finished
11947,564,566,83,31,18,18,18,18,0,53,+1:23.438,5010421,48,14,1:31.967,\N,Finished
11948,564,100,172,5,17,19,19,19,0,53,+1:23.897,5010880,45,16,1:32.034,\N,Finished
11949,564,739,12,18,20,20,20,20,0,52,+12.929,4939912,52,18,1:32.052,\N,Lapped
11950,565,594,135,81,1,1,1,1,25,57,1:35:39.435,5739435,36,1,1:35.140,\N,Finished
11951,565,663,140,63,3,2,2,2,18,57,+15.499,5754934,36,2,1:35.518,\N,Finished
11952,565,560,135,4,6,3,3,3,15,57,+16.273,5755708,38,3,1:35.728,\N,Finished
11953,565,445,73,16,2,4,4,4,12,57,+19.679,5759114,36,4,1:36.132,\N,Finished
11954,565,335,73,44,9,5,5,5,10,57,+27.993,5767428,37,6,1:36.235,\N,Finished
11955,565,792,169,1,7,6,6,6,8,57,+34.395,5773830,29,5,1:36.167,\N,Finished
11956,565,290,6,10,4,7,7,7,6,57,+36.002,5775437,39,7,1:36.531,\N,Finished
11957,565,566,83,31,14,8,8,8,4,57,+44.244,5783679,30,12,1:37.098,\N,Finished
11958,565,779,169,22,10,9,9,9,2,57,+45.061,5784496,45,14,1:37.225,\N,Finished
11959,565,60,83,87,20,10,10,10,1,57,+47.594,5787029,40,15,1:37.303,\N,Finished
11960,565,27,140,12,5,11,11,11,0,57,+48.016,5787451,29,9,1:36.690,\N,Finished
11961,565,11,212,23,15,12,12,12,0,57,+48.839,5788274,47,13,1:37.141,\N,Finished
11962,565,329,166,6,12,13,13,13,0,57,+56.314,5795749,30,10,1:36.952,\N,Finished
11963,565,212,6,7,11,14,14,14,0,57,+57.806,5797241,31,8,1:36.682,\N,Finished
11964,565,17,12,14,13,15,15,15,0,57,+1:00.340,5799775,38,17,1:37.906,\N,Finished
11965,565,444,166,30,17,16,16,16,0,57,+1:04.435,5803870,44,16,1:37.380,\N,Finished
11966,565,739,12,18,19,17,17,17,0,57,+1:05.489,5804924,38,19,1:38.064,\N,Finished
11967,565,100,172,5,18,18,18,18,0,57,+1:06.872,5806307,38,18,1:38.006,\N,Finished
11968,565,672,212,55,8,19,R,19,0,45,\N,\N,16,11,1:36.954,\N,Retired
11969,565,377,172,27,16,20,D,20,0,0,\N,\N,\N,\N,\N,\N,Disqualified
11970,566,594,135,81,2,1,1,1,25,50,1:21:06.758,4866758,50,3,1:32.228,\N,Finished
11971,566,792,169,1,1,2,2,2,18,50,+2.843,4869601,49,4,1:32.280,\N,Finished
11972,566,445,73,16,4,3,3,3,15,50,+8.104,4874862,49,2,1:32.192,\N,Finished
11973,566,560,135,4,10,4,4,4,12,50,+9.196,4875954,41,1,1:31.778,\N,Finished
11974,566,663,140,63,3,5,5,5,10,50,+27.236,4893994,32,9,1:32.893,\N,Finished
11975,566,27,140,12,5,6,6,6,8,50,+34.688,4901446,50,5,1:32.396,\N,Finished
11976,566,335,73,44,7,7,7,7,6,50,+39.073,4905831,43,7,1:32.600,\N,Finished
11977,566,672,212,55,6,8,8,8,4,50,+1:04.630,4931388,50,6,1:32.466,\N,Finished
11978,566,11,212,23,11,9,9,9,2,50,+1:06.515,4933273,47,16,1:33.477,\N,Finished
11979,566,329,166,6,14,10,10,10,1,50,+1:07.091,4933849,39,14,1:33.257,\N,Finished
11980,566,17,12,14,13,11,11,11,0,50,+1:15.917,4942675,49,11,1:33.009,\N,Finished
11981,566,444,166,30,12,12,12,12,0,50,+1:18.451,4945209,43,10,1:32.998,\N,Finished
11982,566,60,83,87,15,13,13,13,0,50,+1:19.194,4945952,50,13,1:33.238,\N,Finished
11983,566,566,83,31,19,14,14,14,0,50,+1:39.723,4966481,47,17,1:34.309,\N,Finished
11984,566,377,172,27,18,15,15,15,0,49,+4.609,4871367,39,15,1:33.446,\N,Lapped
11985,566,739,12,18,16,16,16,16,0,49,+5.527,4872285,44,8,1:32.745,\N,Lapped
11986,566,212,6,7,17,17,17,17,0,49,+19.264,4886022,48,12,1:33.150,\N,Lapped
11987,566,100,172,5,20,18,18,18,0,49,+19.306,4886064,39,18,1:34.447,\N,Lapped
11988,566,779,169,22,8,19,R,19,0,1,\N,\N,\N,\N,\N,\N,Retired
11989,566,290,6,10,9,20,R,20,0,0,\N,\N,\N,\N,\N,\N,Retired
11990,567,594,135,81,4,1,1,1,25,57,1:28:51.587,5331587,35,2,1:29.822,\N,Finished
11991,567,560,135,4,2,2,2,2,18,57,+4.630,5336217,36,1,1:29.746,\N,Finished
11992,567,663,140,63,5,3,3,3,15,57,+37.644,5369231,31,3,1:30.318,\N,Finished
11993,567,792,169,1,1,4,4,4,12,57,+39.956,5371543,41,5,1:30.466,\N,Finished
11994,567,11,212,23,7,5,5,5,10,57,+48.067,5379654,55,6,1:30.482,\N,Finished
11995,567,27,140,12,3,6,6,6,8,57,+55.502,5387089,27,9,1:30.795,\N,Finished
11996,567,445,73,16,8,7,7,7,6,57,+57.036,5388623,35,4,1:30.461,\N,Finished
11997,567,335,73,44,12,8,8,8,4,57,+1:00.186,5391773,35,7,1:30.562,\N,Finished
11998,567,672,212,55,6,9,9,9,2,57,+1:00.577,5392164,35,8,1:30.703,\N,Finished
11999,567,779,169,22,10,10,10,10,1,57,+1:14.434,5406021,55,10,1:30.964,\N,Finished
12000,567,329,166,6,11,11,11,11,0,57,+1:14.602,5406189,51,11,1:30.971,\N,Finished
12001,567,566,83,31,9,12,12,12,0,57,+1:22.006,5413593,30,13,1:31.122,\N,Finished
12002,567,290,6,10,20,13,13,13,0,57,+1:30.445,5422032,35,14,1:31.159,\N,Finished
12003,567,377,172,27,16,14,14,14,0,56,+1.155,5332742,43,12,1:31.015,\N,Lapped
12004,567,17,12,14,17,15,15,15,0,56,+20.979,5352566,38,15,1:31.287,\N,Lapped
12005,567,739,12,18,18,16,16,16,0,56,+25.162,5356749,50,16,1:31.769,\N,Lapped
12006,567,444,166,30,15,17,R,17,0,36,\N,\N,30,17,1:31.770,\N,Retired
12007,567,100,172,5,13,18,R,18,0,30,\N,\N,21,18,1:32.328,\N,Retired
12008,567,60,83,87,19,19,R,19,0,27,\N,\N,24,19,1:32.680,\N,Retired
12009,567,212,6,7,14,20,R,20,0,0,\N,\N,\N,\N,\N,\N,Retired
12010,568,792,169,1,2,1,1,1,25,63,1:31:33.199,5493199,58,1,1:17.988,\N,Finished
12011,568,560,135,4,4,2,2,2,18,63,+6.109,5499308,63,4,1:18.311,\N,Finished
12012,568,594,135,81,1,3,3,3,15,63,+12.956,5506155,56,5,1:18.894,\N,Finished
12013,568,335,73,44,12,4,4,4,12,63,+14.356,5507555,61,2,1:18.265,\N,Finished
12014,568,11,212,23,7,5,5,5,10,63,+17.945,5511144,63,3,1:18.289,\N,Finished
12015,568,445,73,16,11,6,6,6,8,63,+20.774,5513973,56,6,1:19.048,\N,Finished
12016,568,663,140,63,3,7,7,7,6,63,+22.034,5515233,55,9,1:19.733,\N,Finished
12017,568,672,212,55,6,8,8,8,4,63,+22.898,5516097,58,10,1:19.836,\N,Finished
12018,568,329,166,6,9,9,9,9,2,63,+23.586,5516785,60,7,1:19.473,\N,Finished
12019,568,779,169,22,20,10,10,10,1,63,+26.446,5519645,60,12,1:20.039,\N,Finished
12020,568,17,12,14,5,11,11,11,0,63,+27.250,5520449,61,11,1:19.894,\N,Finished
12021,568,377,172,27,17,12,12,12,0,63,+30.296,5523495,62,15,1:20.401,\N,Finished
12022,568,290,6,10,10,13,13,13,0,63,+31.424,5524623,58,14,1:20.398,\N,Finished
12023,568,444,166,30,15,14,14,14,0,63,+32.511,5525710,60,16,1:20.473,\N,Finished
12024,568,739,12,18,8,15,15,15,0,63,+32.993,5526192,58,17,1:20.501,\N,Finished
12025,568,174,6,43,16,16,16,16,0,63,+33.411,5526610,57,13,1:20.345,\N,Finished
12026,568,60,83,87,19,17,17,17,0,63,+33.808,5527007,52,8,1:19.521,\N,Finished
12027,568,100,172,5,14,18,18,18,0,63,+38.572,5531771,57,19,1:20.630,\N,Finished
12028,568,27,140,12,13,19,R,19,0,44,\N,\N,33,18,1:20.620,\N,Retired
12029,568,566,83,31,18,20,R,20,0,27,\N,\N,3,20,1:21.413,\N,Retired
12030,569,560,135,4,1,1,1,1,25,78,1:40:33.843,6033843,78,1,1:13.221,\N,Finished
12031,569,445,73,16,2,2,2,2,18,78,+3.131,6036974,36,6,1:14.055,\N,Finished
12032,569,594,135,81,3,3,3,3,15,78,+3.658,6037501,60,4,1:13.745,\N,Finished
12033,569,792,169,1,4,4,4,4,12,78,+20.572,6054415,45,8,1:14.230,\N,Finished
12034,569,335,73,44,7,5,5,5,10,78,+51.387,6085230,73,7,1:14.090,\N,Finished
12035,569,329,166,6,5,6,6,6,8,77,+1:05.082,6098925,16,19,1:15.981,\N,Lapped
12036,569,566,83,31,8,7,7,7,6,77,+1:06.029,6099872,34,14,1:15.157,\N,Lapped
12037,569,444,166,30,9,8,8,8,4,77,+1:06.746,6100589,54,17,1:15.321,\N,Lapped
12038,569,11,212,23,10,9,9,9,2,76,+11.869,6045712,74,9,1:14.597,\N,Lapped
12039,569,672,212,55,11,10,10,10,1,76,+15.232,6049075,68,5,1:13.988,\N,Lapped
12040,569,663,140,63,14,11,11,11,0,76,+33.844,6067687,74,2,1:13.405,\N,Lapped
12041,569,60,83,87,20,12,12,12,0,76,+54.693,6088536,6,10,1:14.855,\N,Lapped
12042,569,174,6,43,18,13,13,13,0,76,+57.114,6090957,30,16,1:15.298,\N,Lapped
12043,569,100,172,5,16,14,14,14,0,76,+1:08.424,6102267,37,12,1:14.884,\N,Lapped
12044,569,739,12,18,19,15,15,15,0,76,+1:10.395,6104238,67,11,1:14.877,\N,Lapped
12045,569,377,172,27,13,16,16,16,0,76,+1:11.544,6105387,47,15,1:15.223,\N,Lapped
12046,569,779,169,22,12,17,17,17,0,76,+1:11.849,6105692,75,13,1:14.913,\N,Lapped
12047,569,27,140,12,15,18,18,18,0,75,+8.409,6042252,74,3,1:13.518,\N,Lapped
12048,569,17,12,14,6,19,R,19,0,36,\N,\N,15,18,1:15.593,\N,Retired
12049,569,290,6,10,17,20,R,20,0,7,\N,\N,6,20,1:18.054,\N,Retired
12050,570,594,135,81,1,1,1,1,25,66,1:32:57.375,5577375,61,1,1:15.743,\N,Finished
12051,570,560,135,4,2,2,2,2,18,66,+2.471,5579846,61,2,1:16.187,\N,Finished
12052,570,445,73,16,7,3,3,3,15,66,+10.455,5587830,62,5,1:17.259,\N,Finished
12053,570,663,140,63,4,4,4,4,12,66,+11.359,5588734,62,4,1:17.244,\N,Finished
12054,570,377,172,27,15,5,5,5,10,66,+13.648,5591023,63,6,1:17.575,\N,Finished
12055,570,335,73,44,5,6,6,6,8,66,+15.508,5592883,62,7,1:17.706,\N,Finished
12056,570,329,166,6,9,7,7,7,6,66,+16.022,5593397,63,8,1:17.770,\N,Finished
12057,570,290,6,10,8,8,8,8,4,66,+17.882,5595257,63,9,1:17.896,\N,Finished
12058,570,17,12,14,10,9,9,9,2,66,+21.564,5598939,66,11,1:18.128,\N,Finished
12059,570,792,169,1,3,10,10,10,1,66,+21.826,5599201,62,3,1:17.019,\N,Finished
12060,570,444,166,30,13,11,11,11,0,66,+25.532,5602907,62,18,1:19.424,\N,Finished
12061,570,100,172,5,12,12,12,12,0,66,+25.996,5603371,51,13,1:18.297,\N,Finished
12062,570,779,169,22,19,13,13,13,0,66,+28.822,5606197,46,10,1:17.998,\N,Finished
12063,570,672,212,55,17,14,14,14,0,66,+29.309,5606684,65,17,1:19.317,\N,Finished
12064,570,174,6,43,18,15,15,15,0,66,+31.381,5608756,41,14,1:18.353,\N,Finished
12065,570,566,83,31,16,16,16,16,0,66,+32.197,5609572,46,15,1:18.624,\N,Finished
12066,570,60,83,87,14,17,17,17,0,66,+37.065,5614440,63,16,1:18.907,\N,Finished
12067,570,27,140,12,6,18,R,18,0,53,\N,\N,52,12,1:18.255,\N,Retired
12068,570,11,212,23,11,19,R,19,0,27,\N,\N,9,19,1:20.508,\N,Retired
12069,571,663,140,63,1,1,1,1,25,70,1:31:52.688,5512688,63,1,1:14.119,\N,Finished
12070,571,792,169,1,2,2,2,2,18,70,+0.228,5512916,62,5,1:14.287,\N,Finished
12071,571,27,140,12,4,3,3,3,15,70,+1.014,5513702,60,7,1:14.455,\N,Finished
12072,571,594,135,81,3,4,4,4,12,70,+2.109,5514797,64,3,1:14.255,\N,Finished
12073,571,445,73,16,8,5,5,5,10,70,+3.442,5516130,57,4,1:14.261,\N,Finished
12074,571,335,73,44,5,6,6,6,8,70,+10.713,5523401,64,9,1:14.805,\N,Finished
12075,571,17,12,14,6,7,7,7,6,70,+10.972,5523660,58,12,1:15.024,\N,Finished
12076,571,377,172,27,11,8,8,8,4,70,+15.364,5528052,65,14,1:15.372,\N,Finished
12077,571,566,83,31,14,9,9,9,2,69,+1.473,5514161,61,8,1:14.593,\N,Lapped
12078,571,672,212,55,16,10,10,10,1,69,+1.886,5514574,59,6,1:14.389,\N,Lapped
12079,571,60,83,87,13,11,11,11,0,69,+3.717,5516405,62,15,1:15.397,\N,Lapped
12080,571,779,169,22,18,12,12,12,0,69,+5.456,5518144,59,13,1:15.358,\N,Lapped
12081,571,174,6,43,10,13,13,13,0,69,+7.018,5519706,53,17,1:16.076,\N,Lapped
12082,571,100,172,5,15,14,14,14,0,69,+7.879,5520567,56,16,1:15.414,\N,Lapped
12083,571,290,6,10,20,15,15,15,0,69,+7.950,5520638,63,11,1:14.993,\N,Lapped
12084,571,329,166,6,12,16,16,16,0,69,+8.737,5521425,51,19,1:16.292,\N,Lapped
12085,571,739,12,18,17,17,17,17,0,69,+9.063,5521751,57,10,1:14.902,\N,Lapped
12086,571,560,135,4,7,18,18,18,0,66,,5042470,65,2,1:14.229,\N,Retired
12087,571,444,166,30,19,19,R,19,0,53,\N,\N,52,20,1:16.320,\N,Retired
12088,571,11,212,23,9,20,R,20,0,46,\N,\N,31,18,1:16.197,\N,Retired
12089,572,560,135,4,1,1,1,1,25,70,1:23:47.693,5027693,61,2,1:08.272,\N,Finished
12090,572,594,135,81,3,2,2,2,18,70,+2.695,5030388,59,1,1:07.924,\N,Finished
12091,572,445,73,16,2,3,3,3,15,70,+19.820,5047513,56,4,1:08.765,\N,Finished
12092,572,335,73,44,4,4,4,4,12,70,+29.020,5056713,53,3,1:08.628,\N,Finished
12093,572,663,140,63,5,5,5,5,10,70,+1:02.396,5090089,47,7,1:09.372,\N,Finished
12094,572,444,166,30,6,6,6,6,8,70,+1:07.754,5095447,58,14,1:09.977,\N,Finished
12095,572,17,12,14,11,7,7,7,6,69,+1.437,5029130,39,12,1:09.935,\N,Lapped
12096,572,100,172,5,8,8,8,8,4,69,+1.952,5029645,60,6,1:09.247,\N,Lapped
12097,572,377,172,27,20,9,9,9,2,69,+7.720,5035413,57,8,1:09.459,\N,Lapped
12098,572,566,83,31,17,10,10,10,1,69,+9.986,5037679,55,9,1:09.550,\N,Lapped
12099,572,60,83,87,15,11,11,11,0,69,+24.854,5052547,42,13,1:09.960,\N,Lapped
12100,572,329,166,6,13,12,12,12,0,69,+27.957,5055650,40,16,1:10.204,\N,Lapped
12101,572,290,6,10,10,13,13,13,0,69,+33.055,5060748,46,15,1:10.151,\N,Lapped
12102,572,739,12,18,16,14,14,14,0,69,+34.462,5062155,55,5,1:09.214,\N,Lapped
12103,572,174,6,43,14,15,15,15,0,69,+42.692,5070385,44,10,1:09.621,\N,Lapped
12104,572,779,169,22,18,16,16,16,0,68,+2.979,5030672,62,11,1:09.802,\N,Lapped
12105,572,11,212,23,12,17,R,17,0,15,\N,\N,9,17,1:10.641,\N,Retired
12106,572,792,169,1,7,18,R,18,0,0,\N,\N,\N,\N,\N,\N,Retired
12107,572,27,140,12,9,19,R,19,0,0,\N,\N,\N,\N,\N,\N,Retired
12108,572,672,212,55,19,20,W,20,0,0,\N,\N,\N,\N,\N,\N,Did not start
12109,573,560,135,4,3,1,1,1,25,52,1:37:15.735,5835735,48,2,1:29.734,\N,Finished
12110,573,594,135,81,2,2,2,2,18,52,+6.812,5842547,51,1,1:29.337,\N,Finished
12111,573,377,172,27,19,3,3,3,15,52,+34.742,5870477,51,14,1:30.933,\N,Finished
12112,573,335,73,44,5,4,4,4,12,52,+39.812,5875547,49,3,1:30.016,\N,Finished
12113,573,792,169,1,1,5,5,5,10,52,+56.781,5892516,49,5,1:30.179,\N,Finished
12114,573,290,6,10,8,6,6,6,8,52,+59.857,5895592,48,8,1:30.751,\N,Finished
12115,573,739,12,18,17,7,7,7,6,52,+1:00.603,5896338,50,15,1:32.088,\N,Finished
12116,573,11,212,23,13,8,8,8,4,52,+1:04.135,5899870,50,4,1:30.047,\N,Finished
12117,573,17,12,14,7,9,9,9,2,52,+1:05.858,5901593,49,6,1:30.353,\N,Finished
12118,573,663,140,63,4,10,10,10,1,52,+1:10.674,5906409,51,11,1:30.869,\N,Finished
12119,573,60,83,87,18,11,11,11,0,52,+1:12.095,5907830,50,13,1:30.921,\N,Finished
12120,573,672,212,55,9,12,12,12,0,52,+1:16.592,5912327,52,7,1:30.645,\N,Finished
12121,573,566,83,31,14,13,13,13,0,52,+1:17.301,5913036,52,9,1:30.818,\N,Finished
12122,573,445,73,16,6,14,14,14,0,52,+1:24.477,5920212,50,10,1:30.819,\N,Finished
12123,573,779,169,22,11,15,15,15,0,51,+32.250,5867985,49,12,1:30.873,\N,Lapped
12124,573,27,140,12,10,16,R,16,0,23,\N,\N,8,17,1:45.576,\N,Retired
12125,573,329,166,6,12,17,R,17,0,17,\N,\N,9,16,1:41.705,\N,Retired
12126,573,100,172,5,16,18,R,18,0,3,\N,\N,3,18,2:16.121,\N,Retired
12127,573,444,166,30,15,19,R,19,0,0,\N,\N,\N,\N,\N,\N,Retired
12128,573,174,6,43,20,20,W,20,0,0,\N,\N,\N,\N,\N,\N,Did not start
12129,574,594,135,81,2,1,1,1,25,44,1:25:22.601,5122601,43,4,1:45.706,\N,Finished
12130,574,560,135,4,1,2,2,2,18,44,+3.415,5126016,42,3,1:45.257,\N,Finished
12131,574,445,73,16,3,3,3,3,15,44,+20.185,5142786,40,9,1:46.174,\N,Finished
12132,574,792,169,1,4,4,4,4,12,44,+21.731,5144332,40,7,1:46.096,\N,Finished
12133,574,663,140,63,6,5,5,5,10,44,+34.863,5157464,43,11,1:46.566,\N,Finished
12134,574,11,212,23,5,6,6,6,8,44,+39.926,5162527,38,15,1:46.813,\N,Finished
12135,574,335,73,44,18,7,7,7,6,44,+40.679,5163280,43,10,1:46.534,\N,Finished
12136,574,444,166,30,9,8,8,8,4,44,+52.033,5174634,38,12,1:46.649,\N,Finished
12137,574,100,172,5,10,9,9,9,2,44,+56.434,5179035,41,16,1:46.966,\N,Finished
12138,574,290,6,10,13,10,10,10,1,44,+1:12.714,5195315,42,17,1:47.177,\N,Finished
12139,574,60,83,87,12,11,11,11,0,44,+1:13.145,5195746,43,13,1:46.709,\N,Finished
12140,574,377,172,27,14,12,12,12,0,44,+1:13.628,5196229,39,2,1:45.068,\N,Finished
12141,574,779,169,22,7,13,13,13,0,44,+1:15.395,5197996,42,19,1:47.241,\N,Finished
12142,574,739,12,18,16,14,14,14,0,44,+1:19.831,5202432,38,18,1:47.212,\N,Finished
12143,574,566,83,31,11,15,15,15,0,44,+1:26.063,5208664,44,14,1:46.744,\N,Finished
12144,574,27,140,12,19,16,16,16,0,44,+1:26.721,5209322,32,1,1:44.861,\N,Finished
12145,574,17,12,14,20,17,17,17,0,44,+1:27.924,5210525,32,5,1:45.849,\N,Finished
12146,574,672,212,55,17,18,18,18,0,44,+1:32.024,5214625,30,6,1:46.073,\N,Finished
12147,574,174,6,43,15,19,19,19,0,44,+1:35.250,5217851,30,8,1:46.104,\N,Finished
12148,574,329,166,6,8,20,20,20,0,43,+12.942,5135543,43,20,1:47.667,\N,Lapped
12149,575,560,135,4,3,1,1,1,25,70,1:35:21.231,5721231,57,5,1:19.918,\N,Finished
12150,575,594,135,81,2,2,2,2,18,70,+0.698,5721929,56,2,1:19.412,\N,Finished
12151,575,663,140,63,4,3,3,3,15,70,+21.916,5743147,45,1,1:19.409,\N,Finished
12152,575,445,73,16,1,4,4,4,12,70,+42.560,5763791,47,9,1:20.440,\N,Finished
12153,575,17,12,14,5,5,5,5,10,70,+59.040,5780271,54,8,1:20.113,\N,Finished
12154,575,100,172,5,7,6,6,6,8,70,+1:06.169,5787400,48,11,1:20.705,\N,Finished
12155,575,739,12,18,6,7,7,7,6,70,+1:08.174,5789405,55,12,1:20.708,\N,Finished
12156,575,444,166,30,9,8,8,8,4,70,+1:09.451,5790682,56,10,1:20.457,\N,Finished
12157,575,792,169,1,8,9,9,9,2,70,+1:12.645,5793876,50,3,1:19.576,\N,Finished
12158,575,27,140,12,15,10,10,10,1,69,+7.649,5728880,54,13,1:20.745,\N,Lapped
12159,575,329,166,6,10,11,11,11,0,69,+8.500,5729731,48,15,1:20.802,\N,Lapped
12160,575,335,73,44,12,12,12,12,0,69,+9.861,5731092,55,7,1:20.022,\N,Lapped
12161,575,377,172,27,18,13,13,13,0,69,+31.268,5752499,67,6,1:20.013,\N,Lapped
12162,575,672,212,55,13,14,14,14,0,69,+33.326,5754557,53,4,1:19.790,\N,Lapped
12163,575,11,212,23,19,15,15,15,0,69,+38.111,5759342,49,14,1:20.779,\N,Lapped
12164,575,566,83,31,17,16,16,16,0,69,+45.258,5766489,17,19,1:21.916,\N,Lapped
12165,575,779,169,22,20,17,17,17,0,69,+46.943,5768174,46,17,1:21.180,\N,Lapped
12166,575,174,6,43,14,18,18,18,0,69,+47.370,5768601,37,16,1:20.827,\N,Lapped
12167,575,290,6,10,16,19,19,19,0,69,+56.344,5777575,46,18,1:21.433,\N,Lapped
12168,575,60,83,87,11,20,R,20,0,48,\N,\N,37,20,1:21.989,\N,Retired
12169,576,594,135,81,1,1,1,1,25,72,1:38:29.849,5909849,60,1,1:12.271,\N,Finished
12170,576,792,169,1,3,2,2,2,18,72,+1.271,5911120,70,3,1:12.921,\N,Finished
12171,576,329,166,6,4,3,3,3,15,72,+3.233,5913082,70,5,1:13.327,\N,Finished
12172,576,663,140,63,5,4,4,4,12,72,+5.654,5915503,70,9,1:13.728,\N,Finished
12173,576,11,212,23,15,5,5,5,10,72,+6.327,5916176,70,7,1:13.687,\N,Finished
12174,576,60,83,87,20,6,6,6,8,72,+9.044,5918893,70,13,1:13.950,\N,Finished
12175,576,739,12,18,19,7,7,7,6,72,+9.497,5919346,70,11,1:13.822,\N,Finished
12176,576,17,12,14,10,8,8,8,4,72,+11.709,5921558,42,8,1:13.719,\N,Finished
12177,576,779,169,22,12,9,9,9,2,72,+13.597,5923446,71,16,1:14.354,\N,Finished
12178,576,566,83,31,18,10,10,10,1,72,+14.063,5923912,71,14,1:13.986,\N,Finished
12179,576,174,6,43,16,11,11,11,0,72,+14.511,5924360,72,4,1:13.049,\N,Finished
12180,576,444,166,30,8,12,12,12,0,72,+17.063,5926912,60,12,1:13.879,\N,Finished
12181,576,672,212,55,9,13,13,13,0,72,+17.376,5927225,58,10,1:13.808,\N,Finished
12182,576,377,172,27,17,14,14,14,0,72,+19.725,5929574,61,18,1:14.912,\N,Finished
12183,576,100,172,5,13,15,15,15,0,72,+21.565,5931414,63,15,1:14.307,\N,Finished
12184,576,27,140,12,11,16,16,16,0,72,+22.029,5931878,70,6,1:13.480,\N,Finished
12185,576,290,6,10,14,17,17,17,0,72,+23.629,5933478,59,19,1:15.248,\N,Finished
12186,576,560,135,4,2,18,18,18,0,64,,5168487,59,2,1:12.379,\N,Retired
12187,576,445,73,16,6,19,R,19,0,52,\N,\N,33,17,1:14.557,\N,Retired
12188,576,335,73,44,7,20,R,20,0,22,\N,\N,6,20,1:15.684,\N,Retired
12189,577,792,169,1,1,1,1,1,25,53,1:13:24.325,4404325,52,2,1:21.003,\N,Finished
12190,577,560,135,4,2,2,2,2,18,53,+19.207,4423532,53,1,1:20.901,\N,Finished
12191,577,594,135,81,3,3,3,3,15,53,+21.351,4425676,47,3,1:21.245,\N,Finished
12192,577,445,73,16,4,4,4,4,12,53,+25.624,4429949,53,4,1:21.294,\N,Finished
12193,577,663,140,63,5,5,5,5,10,53,+32.881,4437206,45,8,1:21.800,\N,Finished
12194,577,335,73,44,10,6,6,6,8,53,+37.449,4441774,50,6,1:21.546,\N,Finished
12195,577,11,212,23,14,7,7,7,6,53,+50.537,4454862,53,5,1:21.368,\N,Finished
12196,577,100,172,5,7,8,8,8,4,53,+58.484,4462809,51,12,1:22.139,\N,Finished
12197,577,27,140,12,6,9,9,9,2,53,+59.762,4464087,53,10,1:21.968,\N,Finished
12198,577,329,166,6,19,10,10,10,1,53,+1:03.891,4468216,46,11,1:22.133,\N,Finished
12199,577,672,212,55,13,11,11,11,0,53,+1:04.469,4468794,47,7,1:21.740,\N,Finished
12200,577,60,83,87,11,12,12,12,0,53,+1:19.288,4483613,53,9,1:21.820,\N,Finished
12201,577,779,169,22,9,13,13,13,0,53,+1:20.701,4485026,52,16,1:22.712,\N,Finished
12202,577,444,166,30,18,14,14,14,0,53,+1:22.351,4486676,49,17,1:22.777,\N,Finished
12203,577,566,83,31,15,15,15,15,0,52,+2.135,4406460,48,18,1:22.892,\N,Lapped
12204,577,290,6,10,20,16,16,16,0,52,+5.837,4410162,52,14,1:22.185,\N,Lapped
12205,577,174,6,43,17,17,17,17,0,52,+7.448,4411773,48,15,1:22.239,\N,Lapped
12206,577,739,12,18,16,18,18,18,0,52,+9.301,4413626,51,13,1:22.164,\N,Lapped
12207,577,17,12,14,8,19,R,19,0,24,\N,\N,23,19,1:23.757,\N,Retired
12208,577,377,172,27,12,20,W,20,0,0,\N,\N,\N,\N,\N,\N,Did not start
12209,578,792,169,1,1,1,1,1,25,51,1:33:26.408,5606408,50,1,1:43.388,\N,Finished
12210,578,663,140,63,5,2,2,2,18,51,+14.609,5621017,42,2,1:43.754,\N,Finished
12211,578,672,212,55,2,3,3,3,15,51,+19.199,5625607,47,4,1:43.972,\N,Finished
12212,578,27,140,12,4,4,4,4,12,51,+21.760,5628168,47,6,1:44.091,\N,Finished
12213,578,444,166,30,3,5,5,5,10,51,+33.290,5639698,49,13,1:44.531,\N,Finished
12214,578,779,169,22,6,6,6,6,8,51,+33.808,5640216,41,12,1:44.434,\N,Finished
12215,578,560,135,4,7,7,7,7,6,51,+34.227,5640635,42,8,1:44.155,\N,Finished
12216,578,335,73,44,12,8,8,8,4,51,+36.310,5642718,40,5,1:43.977,\N,Finished
12217,578,445,73,16,10,9,9,9,2,51,+36.774,5643182,50,9,1:44.274,\N,Finished
12218,578,329,166,6,8,10,10,10,1,51,+38.982,5645390,50,3,1:43.884,\N,Finished
12219,578,100,172,5,13,11,11,11,0,51,+1:07.606,5674014,45,14,1:44.930,\N,Finished
12220,578,60,83,87,15,12,12,12,0,51,+1:08.262,5674670,31,10,1:44.288,\N,Finished
12221,578,11,212,23,19,13,13,13,0,51,+1:12.870,5679278,51,7,1:44.152,\N,Finished
12222,578,566,83,31,20,14,14,14,0,51,+1:17.580,5683988,50,17,1:45.388,\N,Finished
12223,578,17,12,14,11,15,15,15,0,51,+1:18.707,5685115,50,15,1:45.002,\N,Finished
12224,578,377,172,27,17,16,16,16,0,51,+1:20.237,5686645,47,11,1:44.370,\N,Finished
12225,578,739,12,18,14,17,17,17,0,51,+1:36.392,5702800,50,16,1:45.083,\N,Finished
12226,578,290,6,10,18,18,18,18,0,50,+3.865,5610273,37,18,1:45.492,\N,Lapped
12227,578,174,6,43,16,19,19,19,0,50,+6.325,5612733,40,19,1:46.055,\N,Lapped
12228,578,594,135,81,9,20,R,20,0,0,\N,\N,\N,\N,\N,\N,Retired
12229,579,663,140,63,1,1,1,1,25,62,1:40:22.367,6022367,27,11,1:35.676,\N,Finished
12230,579,792,169,1,2,2,2,2,18,62,+5.430,6027797,30,10,1:35.649,\N,Finished
12231,579,560,135,4,5,3,3,3,15,62,+6.066,6028433,36,7,1:35.555,\N,Finished
12232,579,594,135,81,3,4,4,4,12,62,+8.146,6030513,31,6,1:35.408,\N,Finished
12233,579,27,140,12,4,5,5,5,10,62,+33.681,6056048,27,4,1:35.303,\N,Finished
12234,579,445,73,16,7,6,6,6,8,62,+45.996,6068363,41,14,1:35.983,\N,Finished
12235,579,17,12,14,10,7,7,7,6,62,+1:20.667,6103034,52,13,1:35.862,\N,Finished
12236,579,335,73,44,6,8,8,8,4,62,+1:25.251,6107618,48,1,1:33.808,\N,Finished
12237,579,60,83,87,9,9,9,9,2,62,+1:33.527,6115894,56,15,1:36.201,\N,Finished
12238,579,672,212,55,18,10,10,10,1,61,+10.754,6033121,61,3,1:34.963,\N,Lapped
12239,579,329,166,6,8,11,11,11,0,61,+17.335,6039702,54,18,1:36.938,\N,Lapped
12240,579,779,169,22,13,12,12,12,0,61,+19.269,6041636,45,17,1:36.831,\N,Lapped
12241,579,739,12,18,15,13,13,13,0,61,+24.490,6046857,60,12,1:35.851,\N,Lapped
12242,579,11,212,23,20,14,14,14,0,61,+25.320,6047687,60,9,1:35.648,\N,Lapped
12243,579,444,166,30,12,15,15,15,0,61,+27.145,6049512,61,8,1:35.641,\N,Lapped
12244,579,174,6,43,16,16,16,16,0,61,+42.890,6065257,17,20,1:37.182,\N,Lapped
12245,579,100,172,5,14,17,17,17,0,61,+46.753,6069120,16,19,1:37.126,\N,Lapped
12246,579,566,83,31,17,18,18,18,0,61,+47.133,6069500,32,16,1:36.646,\N,Lapped
12247,579,290,6,10,19,19,19,19,0,61,+47.461,6069828,53,2,1:34.573,\N,Lapped
12248,579,377,172,27,11,20,20,20,0,61,+49.040,6071407,47,5,1:35.404,\N,Lapped
12249,580,792,169,1,1,1,1,1,25,56,1:34:00.161,5640161,35,3,1:37.991,\N,Finished
12250,580,560,135,4,2,2,2,2,18,56,+7.959,5648120,35,2,1:37.620,\N,Finished
12251,580,445,73,16,3,3,3,3,15,56,+15.373,5655534,47,5,1:38.231,\N,Finished
12252,580,335,73,44,5,4,4,4,12,56,+28.536,5668697,55,8,1:38.361,\N,Finished
12253,580,594,135,81,6,5,5,5,10,56,+29.678,5669839,55,10,1:38.564,\N,Finished
12254,580,663,140,63,4,6,6,6,8,56,+33.456,5673617,35,4,1:38.224,\N,Finished
12255,580,779,169,22,13,7,7,7,6,56,+52.714,5692875,54,13,1:38.803,\N,Finished
12256,580,377,172,27,11,8,8,8,4,56,+57.249,5697410,54,9,1:38.372,\N,Finished
12257,580,60,83,87,8,9,9,9,2,56,+1:04.722,5704883,32,16,1:39.119,\N,Finished
12258,580,17,12,14,10,10,10,10,1,56,+1:10.001,5710162,54,12,1:38.789,\N,Finished
12259,580,444,166,30,12,11,11,11,0,56,+1:13.209,5713370,53,14,1:38.983,\N,Finished
12260,580,739,12,18,19,12,12,12,0,56,+1:14.778,5714939,54,15,1:39.071,\N,Finished
12261,580,27,140,12,7,13,13,13,0,56,+1:15.746,5715907,33,1,1:37.577,\N,Finished
12262,580,11,212,23,18,14,14,14,0,56,+1:20.000,5720161,38,7,1:38.328,\N,Finished
12263,580,566,83,31,17,15,15,15,0,56,+1:23.043,5723204,31,18,1:39.263,\N,Finished
12264,580,329,166,6,20,16,16,16,0,56,+1:32.807,5732968,54,11,1:38.724,\N,Finished
12265,580,174,6,43,15,17,17,17,0,55,+2.307,5642468,54,17,1:39.173,\N,Lapped
12266,580,100,172,5,16,18,18,18,0,55,+3.557,5643718,39,6,1:38.275,\N,Lapped
12267,580,290,6,10,14,19,19,19,0,55,+6.155,5646316,30,19,1:39.270,\N,Lapped
12268,580,672,212,55,9,20,R,20,0,5,\N,\N,3,20,1:40.327,\N,Retired
12269,581,560,135,4,1,1,1,1,25,71,1:37:58.574,5878574,45,8,1:20.764,\N,Finished
12270,581,445,73,16,2,2,2,2,18,71,+30.324,5908898,45,14,1:21.588,\N,Finished
12271,581,792,169,1,5,3,3,3,15,71,+31.049,5909623,50,10,1:21.108,\N,Finished
12272,581,60,83,87,9,4,4,4,12,71,+40.955,5919529,51,7,1:20.705,\N,Finished
12273,581,594,135,81,7,5,5,5,10,71,+42.065,5920639,53,3,1:20.422,\N,Finished
12274,581,27,140,12,6,6,6,6,8,71,+47.837,5926411,58,9,1:20.826,\N,Finished
12275,581,663,140,63,4,7,7,7,6,71,+50.287,5928861,50,1,1:20.052,\N,Finished
12276,581,335,73,44,3,8,8,8,4,71,+56.446,5935020,50,6,1:20.601,\N,Finished
12277,581,566,83,31,11,9,9,9,2,71,+1:15.464,5954038,65,17,1:21.869,\N,Finished
12278,581,100,172,5,16,10,10,10,1,71,+1:16.863,5955437,39,11,1:21.121,\N,Finished
12279,581,779,169,22,10,11,11,11,0,71,+1:19.048,5957622,44,13,1:21.486,\N,Finished
12280,581,11,212,23,17,12,12,12,0,70,+2.450,5881024,45,4,1:20.480,\N,Lapped
12281,581,329,166,6,8,13,13,13,0,70,+6.656,5885230,44,16,1:21.714,\N,Lapped
12282,581,739,12,18,19,14,14,14,0,70,+7.035,5885609,45,5,1:20.593,\N,Lapped
12283,581,290,6,10,18,15,15,15,0,70,+44.080,5922654,43,18,1:22.271,\N,Lapped
12284,581,174,6,43,20,16,16,16,0,70,+44.376,5922950,50,12,1:21.342,\N,Lapped
12285,581,672,212,55,12,17,17,17,0,67,,5614132,48,2,1:20.098,\N,Retired
12286,581,17,12,14,14,18,R,18,0,34,\N,\N,22,15,1:21.708,\N,Retired
12287,581,377,172,27,13,19,R,19,0,25,\N,\N,14,19,1:23.091,\N,Retired
12288,581,444,166,30,15,20,R,20,0,5,\N,\N,4,20,1:25.124,\N,Retired
12289,582,560,135,4,1,1,1,1,25,71,1:32:01.596,5521596,66,6,1:13.040,\N,Finished
12290,582,27,140,12,2,2,2,2,18,71,+10.388,5531984,52,9,1:13.123,\N,Finished
12291,582,792,169,1,19,3,3,3,15,71,+10.750,5532346,56,2,1:12.447,\N,Finished
12292,582,663,140,63,6,4,4,4,12,71,+15.267,5536863,52,8,1:13.097,\N,Finished
12293,582,594,135,81,4,5,5,5,10,71,+15.749,5537345,54,3,1:12.742,\N,Finished
12294,582,60,83,87,8,6,6,6,8,71,+29.630,5551226,48,13,1:13.483,\N,Finished
12295,582,444,166,30,7,7,7,7,6,71,+52.642,5574238,21,18,1:14.029,\N,Finished
12296,582,329,166,6,5,8,8,8,4,71,+52.873,5574469,40,15,1:13.694,\N,Finished
12297,582,377,172,27,10,9,9,9,2,71,+53.324,5574920,39,11,1:13.474,\N,Finished
12298,582,290,6,10,9,10,10,10,1,71,+53.914,5575510,42,16,1:13.736,\N,Finished
12299,582,11,212,23,12,11,11,11,0,71,+54.184,5575780,59,1,1:12.400,\N,Finished
12300,582,566,83,31,20,12,12,12,0,71,+54.696,5576292,10,12,1:13.481,\N,Finished
12301,582,672,212,55,15,13,13,13,0,71,+55.420,5577016,19,14,1:13.683,\N,Finished
12302,582,17,12,14,11,14,14,14,0,71,+55.766,5577362,48,10,1:13.312,\N,Finished
12303,582,174,6,43,16,15,15,15,0,71,+57.777,5579373,45,5,1:12.816,\N,Finished
12304,582,739,12,18,14,16,16,16,0,71,+58.247,5579843,56,7,1:13.094,\N,Finished
12305,582,779,169,22,17,17,17,17,0,71,+1:09.176,5590772,49,4,1:12.774,\N,Finished
12306,582,335,73,44,13,18,R,18,0,37,\N,\N,35,17,1:13.844,\N,Retired
12307,582,445,73,16,3,19,R,19,0,5,\N,\N,2,19,1:43.560,\N,Retired
12308,582,100,172,5,18,20,R,20,0,0,\N,\N,\N,\N,\N,\N,Retired
12309,583,792,169,1,2,1,1,1,25,50,1:21:08.429,4868429,50,1,1:33.365,\N,Finished
12310,583,663,140,63,4,2,2,2,18,50,+23.546,4891975,50,9,1:34.592,\N,Finished
12311,583,27,140,12,17,3,3,3,15,50,+30.488,4898917,48,2,1:33.998,\N,Finished
12312,583,445,73,16,9,4,4,4,12,50,+30.678,4899107,43,3,1:34.304,\N,Finished
12313,583,672,212,55,3,5,5,5,10,50,+34.924,4903353,42,4,1:34.496,\N,Finished
12314,583,329,166,6,8,6,6,6,8,50,+45.257,4913686,50,10,1:34.620,\N,Finished
12315,583,377,172,27,11,7,7,7,6,50,+51.134,4919563,49,8,1:34.592,\N,Finished
12316,583,335,73,44,19,8,8,8,4,50,+59.369,4927798,49,6,1:34.553,\N,Finished
12317,583,566,83,31,13,9,9,9,2,50,+1:00.635,4929064,48,7,1:34.557,\N,Finished
12318,583,60,83,87,14,10,10,10,1,50,+1:10.549,4938978,50,5,1:34.519,\N,Finished
12319,583,17,12,14,7,11,11,11,0,50,+1:25.308,4953737,41,14,1:35.629,\N,Finished
12320,583,779,169,22,20,12,12,12,0,50,+1:26.974,4955403,49,12,1:34.967,\N,Finished
12321,583,290,6,10,10,13,13,13,0,50,+1:31.702,4960131,44,15,1:35.674,\N,Finished
12322,583,444,166,30,6,14,14,14,0,49,+3.291,4871720,47,11,1:34.837,\N,Lapped
12323,583,174,6,43,15,15,15,15,0,49,+10.459,4878888,38,16,1:35.780,\N,Lapped
12324,583,11,212,23,16,16,R,16,0,35,\N,\N,26,13,1:35.184,\N,Retired
12325,583,100,172,5,18,17,R,17,0,2,\N,\N,\N,\N,\N,\N,Retired
12326,583,739,12,18,12,18,R,18,0,0,\N,\N,\N,\N,\N,\N,Retired
12327,583,560,135,4,1,19,D,19,0,50,\N,\N,\N,\N,\N,\N,Disqualified
12328,583,594,135,81,5,20,D,20,0,50,\N,\N,\N,\N,\N,\N,Disqualified
12329,584,792,169,1,3,1,1,1,25,57,1:24:38.241,5078241,50,5,1:23.498,\N,Finished
12330,584,594,135,81,1,2,2,2,18,57,+7.995,5086236,44,1,1:22.996,\N,Finished
12331,584,672,212,55,7,3,3,3,15,57,+22.665,5100906,48,6,1:23.859,\N,Finished
12332,584,560,135,4,2,4,4,4,12,57,+23.315,5101556,47,2,1:23.197,\N,Finished
12333,584,27,140,12,5,5,5,5,10,57,+28.317,5106558,55,8,1:23.955,\N,Finished
12334,584,663,140,63,4,6,6,6,8,57,+48.599,5126840,56,3,1:23.198,\N,Finished
12335,584,17,12,14,8,7,7,7,6,57,+54.045,5132286,57,7,1:23.940,\N,Finished
12336,584,445,73,16,10,8,8,8,4,57,+56.785,5135026,56,13,1:24.432,\N,Finished
12337,584,444,166,30,12,9,9,9,2,57,+1:00.073,5138314,54,9,1:23.971,\N,Finished
12338,584,779,169,22,15,10,10,10,1,57,+1:01.770,5140011,57,10,1:24.139,\N,Finished
12339,584,11,212,23,14,11,11,11,0,57,+1:06.931,5145172,57,11,1:24.261,\N,Finished
12340,584,335,73,44,17,12,12,12,0,57,+1:17.730,5155971,52,14,1:24.848,\N,Finished
12341,584,100,172,5,19,13,13,13,0,57,+1:24.812,5163053,54,17,1:25.233,\N,Finished
12342,584,174,6,43,20,14,14,14,0,56,+3.283,5081524,52,19,1:25.644,\N,Lapped
12343,584,566,83,31,16,15,15,15,0,56,+4.253,5082494,36,16,1:25.056,\N,Lapped
12344,584,290,6,10,9,16,16,16,0,56,+4.941,5083182,54,18,1:25.376,\N,Lapped
12345,584,739,12,18,18,17,17,17,0,55,,5015203,51,4,1:23.484,\N,Retired
12346,584,329,166,6,6,18,18,18,0,55,,5032324,52,12,1:24.317,\N,Retired
12347,584,60,83,87,13,19,R,19,0,41,\N,\N,34,15,1:24.930,\N,Retired
12348,584,377,172,27,11,20,R,20,0,6,\N,\N,5,20,1:28.139,\N,Retired
12349,585,792,169,1,1,1,1,1,25,58,1:26:07.469,5167469,39,5,1:27.625,\N,Finished
12350,585,594,135,81,3,2,2,2,18,58,+12.594,5180063,44,2,1:26.765,\N,Finished
12351,585,560,135,4,2,3,3,3,15,58,+16.572,5184041,48,3,1:26.818,\N,Finished
12352,585,445,73,16,5,4,4,4,12,58,+23.279,5190748,45,1,1:26.725,\N,Finished
12353,585,663,140,63,4,5,5,5,10,58,+48.563,5216032,57,14,1:28.599,\N,Finished
12354,585,17,12,14,6,6,6,6,8,58,+1:07.562,5235031,54,11,1:28.279,\N,Finished
12355,585,566,83,31,8,7,7,7,6,58,+1:09.876,5237345,56,15,1:28.655,\N,Finished
12356,585,335,73,44,16,8,8,8,4,58,+1:12.670,5240139,36,10,1:28.094,\N,Finished
12357,585,377,172,27,18,9,9,9,2,58,+1:19.014,5246483,46,4,1:27.050,\N,Finished
12358,585,739,12,18,15,10,10,10,1,58,+1:19.523,5246992,52,6,1:27.626,\N,Finished
12359,585,100,172,5,7,11,11,11,0,58,+1:21.043,5248512,47,19,1:29.114,\N,Finished
12360,585,60,83,87,11,12,12,12,0,58,+1:21.166,5248635,50,17,1:28.976,\N,Finished
12361,585,672,212,55,12,13,13,13,0,58,+1:22.158,5249627,51,18,1:29.052,\N,Finished
12362,585,779,169,22,10,14,14,14,0,58,+1:23.794,5251263,44,13,1:28.557,\N,Finished
12363,585,27,140,12,14,15,15,15,0,58,+1:24.399,5251868,34,9,1:28.029,\N,Finished
12364,585,11,212,23,17,16,16,16,0,58,+1:30.327,5257796,45,12,1:28.367,\N,Finished
12365,585,329,166,6,9,17,17,17,0,57,+1.327,5168796,52,20,1:29.375,\N,Lapped
12366,585,444,166,30,13,18,18,18,0,57,+4.659,5172128,39,16,1:28.886,\N,Lapped
12367,585,290,6,10,19,19,19,19,0,57,+11.908,5179377,46,8,1:27.767,\N,Lapped
12368,585,174,6,43,20,20,20,20,0,57,+14.003,5181472,42,7,1:27.710,\N,Lapped
12369,586,663,140,63,1,1,1,1,25,58,1:23:06.801,4986801,21,6,1:22.670,\N,Finished
12370,586,27,140,12,2,2,2,2,18,58,+2.974,4989775,57,3,1:22.417,\N,Finished
12371,586,445,73,16,4,3,3,3,15,58,+15.519,5002320,38,5,1:22.579,\N,Finished
12372,586,335,73,44,7,4,4,4,12,58,+16.144,5002945,55,4,1:22.423,\N,Finished
12373,586,560,135,1,6,5,5,5,10,58,+51.741,5038542,53,2,1:22.358,\N,Finished
12374,586,792,169,3,20,6,6,6,8,58,+54.617,5041418,43,1,1:22.091,\N,Finished
12375,586,60,83,87,12,7,7,7,6,57,+4.593,4991394,22,11,1:24.020,\N,Lapped
12376,586,458,166,41,9,8,8,8,4,57,+11.816,4998617,21,12,1:24.182,\N,Lapped
12377,586,100,14,5,10,9,9,9,2,57,+12.775,4999576,45,8,1:23.257,\N,Lapped
12378,586,290,6,10,14,10,10,10,1,57,+29.027,5015828,56,15,1:24.486,\N,Lapped
12379,586,566,83,31,13,11,11,11,0,57,+29.850,5016651,25,14,1:24.424,\N,Lapped
12380,586,11,212,23,15,12,12,12,0,57,+56.075,5042876,36,13,1:24.375,\N,Lapped
12381,586,444,166,30,8,13,13,13,0,57,+57.173,5043974,47,10,1:23.783,\N,Lapped
12382,586,174,6,43,16,14,14,14,0,56,+8.487,4995288,48,7,1:22.926,\N,Lapped
12383,586,672,212,55,21,15,15,15,0,56,+36.886,5023687,52,9,1:23.590,\N,Lapped
12384,586,622,35,11,18,16,16,16,0,55,+7.850,4994651,47,19,1:26.070,\N,Lapped
12385,586,739,12,18,22,17,R,17,0,43,\N,\N,36,17,1:25.410,\N,Lapped
12386,586,17,12,14,17,18,R,18,0,21,\N,\N,15,18,1:25.713,\N,Retired
12387,586,102,35,77,19,19,R,19,0,15,\N,\N,8,20,1:27.364,\N,Retired
12388,586,329,169,6,3,20,R,20,0,10,\N,\N,9,16,1:25.239,\N,Retired
12389,586,594,135,81,5,21,W,21,0,0,\N,\N,\N,\N,\N,\N,Did not start
12390,586,377,14,27,11,22,W,22,0,0,\N,\N,\N,\N,\N,\N,Did not start
12391,587,27,140,12,1,1,1,1,25,56,1:33:15.607,5595607,52,1,1:35.275,\N,Finished
12392,587,663,140,63,2,2,2,2,18,56,+5.515,5601122,56,2,1:35.400,\N,Finished
12393,587,335,73,44,3,3,3,3,15,56,+25.267,5620874,55,5,1:36.092,\N,Finished
12394,587,445,73,16,4,4,4,4,12,56,+28.894,5624501,56,4,1:36.011,\N,Finished
12395,587,60,83,87,10,5,5,5,10,56,+57.268,5652875,56,8,1:36.429,\N,Finished
12396,587,290,6,10,7,6,6,6,8,56,+59.647,5655254,53,9,1:36.505,\N,Finished
12397,587,444,166,30,14,7,7,7,6,56,+1:20.588,5676195,56,12,1:37.096,\N,Finished
12398,587,329,169,6,9,8,8,8,4,56,+1:27.247,5682854,46,13,1:37.311,\N,Finished
12399,587,672,212,55,17,9,9,9,2,55,+11.673,5607280,51,14,1:37.981,\N,Lapped
12400,587,174,6,43,12,10,10,10,1,55,+12.403,5608010,35,10,1:36.783,\N,Lapped
12401,587,377,14,27,11,11,11,11,0,55,+21.109,5616716,38,7,1:36.180,\N,Lapped
12402,587,458,166,41,15,12,12,12,0,55,+22.828,5618435,46,6,1:36.099,\N,Lapped
12403,587,102,35,77,19,13,13,13,0,55,+56.158,5651765,55,15,1:38.393,\N,Lapped
12404,587,566,83,31,13,14,14,14,0,55,+1:06.256,5661863,54,3,1:35.964,\N,Lapped
12405,587,622,35,11,21,15,15,15,0,55,+1:14.641,5670248,50,16,1:38.523,\N,Lapped
12406,587,792,169,3,8,16,R,16,0,45,\N,\N,39,11,1:37.046,\N,Retired
12407,587,17,12,14,18,17,R,17,0,32,\N,\N,25,17,1:39.721,\N,Retired
12408,587,739,12,18,20,18,R,18,0,9,\N,\N,9,18,1:40.883,\N,Retired
12409,587,594,135,81,5,19,W,19,0,0,\N,\N,\N,\N,\N,\N,Did not start
12410,587,560,135,1,6,20,W,20,0,0,\N,\N,\N,\N,\N,\N,Did not start
12411,587,100,14,5,16,21,W,21,0,0,\N,\N,\N,\N,\N,\N,Did not start
12412,587,11,212,23,22,22,W,22,0,0,\N,\N,\N,\N,\N,\N,Did not start
12413,588,27,140,12,1,1,1,1,25,53,1:28:03.403,5283403,49,1,1:32.432,\N,Finished
12414,588,594,135,81,3,2,2,2,18,53,+13.722,5297125,49,5,1:32.996,\N,Finished
12415,588,445,73,16,4,3,3,3,15,53,+15.270,5298673,53,3,1:32.634,\N,Finished
12416,588,663,140,63,2,4,4,4,12,53,+15.754,5299157,53,2,1:32.549,\N,Finished
12417,588,560,135,1,5,5,5,5,10,53,+23.479,5306882,52,6,1:33.208,\N,Finished
12418,588,335,73,44,6,6,6,6,8,53,+25.037,5308440,48,4,1:32.777,\N,Finished
12419,588,290,6,10,7,7,7,7,6,53,+32.340,5315743,39,9,1:33.691,\N,Finished
12420,588,792,169,3,11,8,8,8,4,53,+32.677,5316080,41,8,1:33.552,\N,Finished
12421,588,444,166,30,14,9,9,9,2,53,+50.180,5333583,53,13,1:34.230,\N,Finished
12422,588,566,83,31,12,10,10,10,1,53,+51.216,5334619,53,14,1:34.256,\N,Finished
12423,588,377,14,27,13,11,11,11,0,53,+52.280,5335683,47,10,1:33.732,\N,Finished
12424,588,329,169,6,8,12,12,12,0,53,+56.154,5339557,53,11,1:33.837,\N,Finished
12425,588,100,14,5,9,13,13,13,0,53,+59.078,5342481,40,12,1:34.164,\N,Finished
12426,588,458,166,41,10,14,14,14,0,53,+59.848,5343251,53,15,1:34.314,\N,Finished
12427,588,672,212,55,16,15,15,15,0,53,+1:05.008,5348411,38,17,1:34.514,\N,Finished
12428,588,174,6,43,15,16,16,16,0,53,+1:05.773,5349176,41,16,1:34.512,\N,Finished
12429,588,622,35,11,19,17,17,17,0,53,+1:32.453,5375856,53,19,1:35.637,\N,Finished
12430,588,17,12,14,21,18,18,18,0,52,+26.548,5309951,47,20,1:36.221,\N,Lapped
12431,588,102,35,77,20,19,19,19,0,52,+42.621,5326024,52,21,1:36.269,\N,Lapped
12432,588,11,212,23,17,20,20,20,0,51,+5.067,5288470,51,7,1:33.427,\N,Lapped
12433,588,739,12,18,22,21,R,21,0,30,\N,\N,29,22,1:37.217,\N,Retired
12434,588,60,83,87,18,22,R,22,0,20,\N,\N,20,18,1:35.604,\N,Retired
